[{"data": [{"text": "What courses should I take with ", "userDefined": false}, {"alias": "CLASS_NAME", "text": "real-time-3d computer graphics software", "userDefined": false, "meta": "@CLASS_NAME"}, {"text": "?", "userDefined": false}], "count": 0, "isTemplate": false, "id": "1e592387-b7c1-4d63-8b8d-60a9dc1bfb15"}, {"data": [{"text": "What are good classes that I should take with ", "userDefined": false}, {"alias": "CLASS_NAME", "text": "interactive entertainment engineering", "userDefined": false, "meta": "@CLASS_NAME"}, {"text": "?", "userDefined": false}], "count": 0, "isTemplate": false, "id": "6f8ab7ba-f615-4041-a00b-0d471e0780d7"}, {"data": [{"text": "What classes would people recommend taking ", "userDefined": false}, {"alias": "CLASS_NAME", "text": "introduction-to interactive entertainment", "userDefined": false, "meta": "@CLASS_NAME"}, {"text": " with?", "userDefined": false}], "count": 0, "isTemplate": false, "id": "7afdd224-dc24-4dcd-972c-46fbbde49a52"}, {"data": [{"text": "Which classes would students recommend taking ", "userDefined": false}, {"alias": "CLASS_NAME", "text": "CSC 349", "userDefined": false, "meta": "@CLASS_NAME"}, {"text": " alongside?", "userDefined": false}], "count": 0, "isTemplate": false, "id": "db0d3d02-68c9-479e-abc1-7c10577c8d13"}, {"data": [{"text": "Which courses would be good for me to take with ", "userDefined": false}, {"alias": "CLASS_NAME", "text": "database management systems implementation", "userDefined": false, "meta": "@CLASS_NAME"}, {"text": "?", "userDefined": false}], "count": 0, "isTemplate": false, "id": "352ba108-e1fd-48f4-9734-2ceac727d989"}, {"data": [{"text": "What classes should I take with ", "userDefined": false}, {"alias": "CLASS_NAME", "text": "design-and analysis-of algorithms", "userDefined": false, "meta": "@CLASS_NAME"}, {"text": "?", "userDefined": false}], "count": 0, "isTemplate": false, "id": "c5a8dcbc-af98-429e-87ae-385403541244"}]