[{"data": [{"text": "What course should I take after ", "userDefined": false}, {"alias": "CLASS_NAME", "text": "CSC 471", "userDefined": false, "meta": "@CLASS_NAME"}, {"text": "?", "userDefined": false}], "count": 0, "isTemplate": false, "id": "59e16109-e8a3-4125-b5b3-c30acd2c400f"}, {"data": [{"text": "What classes build off ", "userDefined": false}, {"alias": "CLASS_NAME", "text": "cooperative education experience", "userDefined": false, "meta": "@CLASS_NAME"}, {"text": "?", "userDefined": false}], "count": 0, "isTemplate": false, "id": "62f40a1f-daf7-4ab8-815e-aebd40a9f58f"}, {"data": [{"text": "Which course should I take following ", "userDefined": false}, {"alias": "CLASS_NAME", "text": "data structures", "userDefined": false, "meta": "@CLASS_NAME"}, {"text": "?", "userDefined": false}], "count": 0, "isTemplate": false, "id": "55360092-b466-4b12-8339-60d86286363d"}, {"data": [{"text": "What class do students typically take after ", "userDefined": false}, {"alias": "CLASS_NAME", "text": "selected advanced topics", "userDefined": false, "meta": "@CLASS_NAME"}, {"text": "?", "userDefined": false}], "count": 0, "isTemplate": false, "id": "6a79e925-4784-4dc3-a3a9-7ed08221330e"}, {"data": [{"text": "After ", "userDefined": false}, {"alias": "CLASS_NAME", "text": "senior project-- software deployment", "userDefined": false, "meta": "@CLASS_NAME"}, {"text": ", what course should I take?", "userDefined": false}], "count": 0, "isTemplate": false, "id": "a0ebf416-58c1-4059-a5f6-d5ff6198dc36"}, {"data": [{"text": "What class should I take next after ", "userDefined": false}, {"alias": "CLASS_NAME", "text": "CSC 422", "userDefined": false, "meta": "@CLASS_NAME"}, {"text": "?", "userDefined": false}], "count": 0, "isTemplate": false, "id": "aa635415-de32-462f-aaf9-a5e9035c9373"}, {"data": [{"text": "What class should I take after ", "userDefined": false}, {"alias": "CLASS_NAME", "text": "thesis", "userDefined": false, "meta": "@CLASS_NAME"}, {"text": "?", "userDefined": false}], "count": 0, "isTemplate": false, "id": "36ac4acd-69c0-4ff4-9895-ebdc2e1cc720"}]