[{"data": [{"text": "Which courses are crosslisted in another department?", "userDefined": false}], "count": 0, "isTemplate": false, "id": "21fd81e7-6632-4a67-a7f0-314d9e61d272"}, {"data": [{"text": "What classes are also listed in another department?", "userDefined": false}], "count": 0, "isTemplate": false, "id": "e25973c1-2041-49ea-8834-d23834e19e22"}, {"data": [{"text": "Which class listings can also be found in another department?", "userDefined": false}], "count": 0, "isTemplate": false, "id": "1a7ad7b6-dec1-4bb6-b8f9-3284d9a3dffa"}, {"data": [{"text": "Which classes are crosslisted under another department?", "userDefined": false}], "count": 0, "isTemplate": false, "id": "a57acc34-02e2-4ee8-97c5-5099aa0dbe1c"}, {"data": [{"text": "Which classes are crosslisted in another department?", "userDefined": false}], "count": 0, "isTemplate": false, "id": "f65f02af-52f8-4d67-87f8-7c6db0b1627a"}]