[{"data": [{"text": "Which courses are credit/no credit grading only?", "userDefined": false}], "count": 0, "isTemplate": false, "id": "03075827-cdb7-4ce8-9015-1187d1d4b056"}, {"data": [{"text": "Which classes are credit or no credit grading only?", "userDefined": false}], "count": 0, "isTemplate": false, "id": "2a6f2e1f-22b9-4060-9adf-d63d6553782f"}, {"data": [{"text": "Which classes can only be taken credit or no credit?", "userDefined": false}], "count": 0, "isTemplate": false, "id": "185babf3-4549-4c4e-b6e3-86b6bca53a57"}, {"data": [{"text": "What are classes that can only be taken credit or no credit?", "userDefined": false}], "count": 0, "isTemplate": false, "id": "0fd7b268-a080-47e6-8c0b-44431bab0bde"}, {"data": [{"text": "What are credit or no credit only classes?", "userDefined": false}], "count": 0, "isTemplate": false, "id": "5adf3abb-94fc-448d-9f78-6e5ba38912fc"}, {"data": [{"text": "What are credit or no credit only courses?", "userDefined": false}], "count": 0, "isTemplate": false, "id": "c0e8f950-6226-44d4-8b53-09a843e87f6a"}, {"data": [{"text": "Which classes are credit/no credit grading only?", "userDefined": false}], "count": 0, "isTemplate": false, "id": "79353766-b685-4a25-a4ca-768ef820c5c6"}]