[{"data": [{"text": "Can ", "userDefined": false}, {"alias": "CLASS_NAME", "text": "artificial intelligence", "userDefined": false, "meta": "@CLASS_NAME"}, {"text": " only be taken as credit or no credit?", "userDefined": false}], "count": 0, "isTemplate": false, "id": "de04ee54-ff55-4f5d-9194-2e8319227558"}, {"data": [{"text": "Can you only take ", "userDefined": false}, {"alias": "CLASS_NAME", "text": "advanced rendering techniques", "userDefined": false, "meta": "@CLASS_NAME"}, {"text": " as credit or no credit?", "userDefined": false}], "count": 0, "isTemplate": false, "id": "205d93c6-08e6-4665-a87e-c3a167974e30"}, {"data": [{"text": "Is ", "userDefined": false}, {"alias": "CLASS_NAME", "text": "systems programming", "userDefined": false, "meta": "@CLASS_NAME"}, {"text": " credit or no credit only?", "userDefined": false}], "count": 0, "isTemplate": false, "id": "2853e346-4e93-4223-8c2e-17b093ce8dbc"}, {"data": [{"text": "Is ", "userDefined": false}, {"alias": "CLASS_NAME", "text": "software security", "userDefined": false, "meta": "@CLASS_NAME"}, {"text": " credit or no credit grading only?", "userDefined": false}], "count": 0, "isTemplate": false, "id": "7cb78b7b-4173-4d20-9139-e0b6aea6ab26"}, {"data": [{"text": "Is ", "userDefined": false}, {"alias": "CLASS_NAME", "text": "CSC 572", "userDefined": false, "meta": "@CLASS_NAME"}, {"text": " credit/no credit grading only?", "userDefined": false}], "count": 0, "isTemplate": false, "id": "fb3e461f-480f-4fe6-b554-70fd42135449"}]