[{"data": [{"text": "Can I find ", "userDefined": false}, {"alias": "CLASS_NAME", "text": "cryptography engineering", "userDefined": false, "meta": "@CLASS_NAME"}, {"text": " listed in another department?", "userDefined": false}], "count": 0, "isTemplate": false, "id": "bd2f21d5-5a56-4ce0-a567-2c88f6c40d2b"}, {"data": [{"text": "Is there another department listing of ", "userDefined": false}, {"alias": "CLASS_NAME", "text": "artificial intelligence", "userDefined": false, "meta": "@CLASS_NAME"}, {"text": "?", "userDefined": false}], "count": 0, "isTemplate": false, "id": "3ceba07f-e15a-4538-8035-31132a4dd917"}, {"data": [{"text": "Is ", "userDefined": false}, {"alias": "CLASS_NAME", "text": "CSC 303", "userDefined": false, "meta": "@CLASS_NAME"}, {"text": " crosslisted somewhere else?", "userDefined": false}], "count": 0, "isTemplate": false, "id": "f3550ed6-7a79-49d5-aed9-b62e42af1e52"}, {"data": [{"text": "Is ", "userDefined": false}, {"alias": "CLASS_NAME", "text": "CSC 590", "userDefined": false, "meta": "@CLASS_NAME"}, {"text": " crosslisted in some other department?", "userDefined": false}], "count": 0, "isTemplate": false, "id": "356bfbbe-6065-4cfa-88c0-40d682d979ac"}, {"data": [{"text": "Is ", "userDefined": false}, {"alias": "CLASS_NAME", "text": "directed study", "userDefined": false, "meta": "@CLASS_NAME"}, {"text": " crosslisted in another department?", "userDefined": false}], "count": 0, "isTemplate": false, "id": "b7bbbf0a-252f-401c-b7f2-86a04cdd91c2"}]