[{"data": [{"text": "Do I need ", "userDefined": false}, {"alias": "CLASS_QUALIFICATION", "text": "sophomore", "userDefined": false, "meta": "@CLASS_QUALIFICATION"}, {"text": " standing to take ", "userDefined": false}, {"alias": "CLASS_NAME", "text": "senior project-- software deployment", "userDefined": false, "meta": "@CLASS_NAME"}, {"text": "?", "userDefined": false}], "count": 0, "isTemplate": false, "id": "b0cad081-6920-4fc5-bb9d-bb4f232a6591"}, {"data": [{"text": "Is ", "userDefined": false}, {"alias": "CLASS_QUALIFICATION", "text": "freshman", "userDefined": false, "meta": "@CLASS_QUALIFICATION"}, {"text": " required to take ", "userDefined": false}, {"alias": "CLASS_NAME", "text": "introduction-to interactive entertainment", "userDefined": false, "meta": "@CLASS_NAME"}, {"text": "?", "userDefined": false}], "count": 0, "isTemplate": false, "id": "bb763e7e-2cd4-4c32-9268-e9360161ca7f"}, {"data": [{"text": "Is ", "userDefined": false}, {"alias": "CLASS_QUALIFICATION", "text": "junior", "userDefined": false, "meta": "@CLASS_QUALIFICATION"}, {"text": " needed to take ", "userDefined": false}, {"alias": "CLASS_NAME", "text": "CSC 569", "userDefined": false, "meta": "@CLASS_NAME"}, {"text": "?", "userDefined": false}], "count": 0, "isTemplate": false, "id": "240d9d96-69dc-4289-92ed-323c5deb4988"}, {"data": [{"text": "Is ", "userDefined": false}, {"alias": "CLASS_QUALIFICATION", "text": "freshman", "userDefined": false, "meta": "@CLASS_QUALIFICATION"}, {"text": " necessary to take ", "userDefined": false}, {"alias": "CLASS_NAME", "text": "implementation-of operating systems", "userDefined": false, "meta": "@CLASS_NAME"}, {"text": "?", "userDefined": false}], "count": 0, "isTemplate": false, "id": "025d1816-fb3e-4d42-9e72-eb9815bde600"}, {"data": [{"text": "Does ", "userDefined": false}, {"alias": "CLASS_NAME", "text": "cooperative education experience", "userDefined": false, "meta": "@CLASS_NAME"}, {"text": " need ", "userDefined": false}, {"alias": "CLASS_QUALIFICATION", "text": "sophomore", "userDefined": false, "meta": "@CLASS_QUALIFICATION"}, {"text": " standing?", "userDefined": false}], "count": 0, "isTemplate": false, "id": "b53ccf90-3df0-4abb-854f-de6edeac7800"}, {"data": [{"text": "Do I need to be a ", "userDefined": false}, {"alias": "CLASS_QUALIFICATION", "text": "freshman", "userDefined": false, "meta": "@CLASS_QUALIFICATION"}, {"text": " to take ", "userDefined": false}, {"alias": "CLASS_NAME", "text": "computers-for poets", "userDefined": false, "meta": "@CLASS_NAME"}, {"text": "?", "userDefined": false}], "count": 0, "isTemplate": false, "id": "60547beb-2938-4a68-9969-71fe4e991321"}, {"data": [{"text": "Am I required to be a ", "userDefined": false}, {"alias": "CLASS_QUALIFICATION", "text": "senior", "userDefined": false, "meta": "@CLASS_QUALIFICATION"}, {"text": " to take ", "userDefined": false}, {"alias": "CLASS_NAME", "text": "CSC 303", "userDefined": false, "meta": "@CLASS_NAME"}, {"text": "?", "userDefined": false}], "count": 0, "isTemplate": false, "id": "0ec81d4b-22bd-455d-877d-956c2302b249"}, {"data": [{"text": "Does ", "userDefined": false}, {"alias": "CLASS_NAME", "text": "software security", "userDefined": false, "meta": "@CLASS_NAME"}, {"text": " require me to be a ", "userDefined": false}, {"alias": "CLASS_QUALIFICATION", "text": "junior", "userDefined": false, "meta": "@CLASS_QUALIFICATION"}, {"text": "?", "userDefined": false}], "count": 0, "isTemplate": false, "id": "0531fdce-7a9b-4042-9b34-1e18baaa3493"}, {"data": [{"text": "Does ", "userDefined": false}, {"alias": "CLASS_NAME", "text": "operating systems", "userDefined": false, "meta": "@CLASS_NAME"}, {"text": " require ", "userDefined": false}, {"alias": "CLASS_QUALIFICATION", "text": "junior", "userDefined": false, "meta": "@CLASS_QUALIFICATION"}, {"text": " standing?", "userDefined": false}], "count": 0, "isTemplate": false, "id": "32b7b37d-de62-49b7-bc69-104257062987"}]