[{"data": [{"text": "Can I fulfill my ", "userDefined": false}, {"alias": "GE_AREA", "text": "B1", "userDefined": false, "meta": "@GE_AREA"}, {"text": " with ", "userDefined": false}, {"alias": "CLASS_NAME", "text": "operating systems", "userDefined": false, "meta": "@CLASS_NAME"}, {"text": "?", "userDefined": false}], "count": 0, "isTemplate": false, "id": "2a599038-7e4b-4ea5-8d12-07f785450205"}, {"data": [{"text": "Can I get credits for GE Area ", "userDefined": false}, {"alias": "GE_AREA", "text": "a4", "userDefined": false, "meta": "@GE_AREA"}, {"text": " with ", "userDefined": false}, {"alias": "CLASS_NAME", "text": "artificial intelligence", "userDefined": false, "meta": "@CLASS_NAME"}, {"text": "?", "userDefined": false}], "count": 0, "isTemplate": false, "id": "a2f06b13-2413-446c-906c-834ccafe7fbd"}, {"data": [{"text": "Can I get credits for ", "userDefined": false}, {"alias": "GE_AREA", "text": "d1", "userDefined": false, "meta": "@GE_AREA"}, {"text": " with ", "userDefined": false}, {"alias": "CLASS_NAME", "text": "cooperative education experience", "userDefined": false, "meta": "@CLASS_NAME"}, {"text": "?", "userDefined": false}], "count": 0, "isTemplate": false, "id": "b26353ad-4894-4923-a091-8f2fe5a99e9a"}, {"data": [{"text": "Is it possible to get credits for GE Area ", "userDefined": false}, {"alias": "GE_AREA", "text": "d2", "userDefined": false, "meta": "@GE_AREA"}, {"text": " with ", "userDefined": false}, {"alias": "CLASS_NAME", "text": "languages-and translators", "userDefined": false, "meta": "@CLASS_NAME"}, {"text": "?", "userDefined": false}], "count": 0, "isTemplate": false, "id": "7211bcfd-fcd6-46d9-8bc0-a55b1c903d41"}, {"data": [{"text": "Does ", "userDefined": false}, {"alias": "CLASS_NAME", "text": "network-and web security", "userDefined": false, "meta": "@CLASS_NAME"}, {"text": " fulfill GE Area ", "userDefined": false}, {"alias": "GE_AREA", "text": "d3", "userDefined": false, "meta": "@GE_AREA"}, {"text": "?", "userDefined": false}], "count": 0, "isTemplate": false, "id": "8bc3b596-f2c0-4797-a805-75f49218d402"}]