[{"data": [{"text": "Is ", "userDefined": false}, {"alias": "CLASS_NAME", "text": "introduction-to computing", "userDefined": false, "meta": "@CLASS_NAME"}, {"text": " a ", "userDefined": false}, {"alias": "number", "text": "1", "userDefined": false, "meta": "@sys.number"}, {"text": " unit class?", "userDefined": false}], "count": 0, "isTemplate": false, "id": "07e0d08d-b328-4e80-9264-a0f701e0de52"}, {"data": [{"text": "Does ", "userDefined": false}, {"alias": "CLASS_NAME", "text": "CSC 313", "userDefined": false, "meta": "@CLASS_NAME"}, {"text": " count for ", "userDefined": false}, {"alias": "number", "text": "three", "userDefined": false, "meta": "@sys.number"}, {"text": " units?", "userDefined": false}], "count": 0, "isTemplate": false, "id": "b39080b1-00df-4e5c-b709-557e152f2fb9"}, {"data": [{"text": "Does ", "userDefined": false}, {"alias": "CLASS_NAME", "text": "computer support-for knowledge management", "userDefined": false, "meta": "@CLASS_NAME"}, {"text": " count for ", "userDefined": false}, {"alias": "number", "text": "three", "userDefined": false, "meta": "@sys.number"}, {"text": " credits?", "userDefined": false}], "count": 0, "isTemplate": false, "id": "61f1a766-995e-463c-9be1-d8e5391a725c"}, {"data": [{"text": "Is ", "userDefined": false}, {"alias": "CLASS_NAME", "text": "CSC 570", "userDefined": false, "meta": "@CLASS_NAME"}, {"text": " a ", "userDefined": false}, {"alias": "number", "text": "three", "userDefined": false, "meta": "@sys.number"}, {"text": " credit course?", "userDefined": false}], "count": 0, "isTemplate": false, "id": "de7036ad-1f56-43ad-8c90-12d6aa2cf2f7"}, {"data": [{"text": "Is ", "userDefined": false}, {"alias": "CLASS_NAME", "text": "CSC 309", "userDefined": false, "meta": "@CLASS_NAME"}, {"text": " a ", "userDefined": false}, {"alias": "number", "text": "four", "userDefined": false, "meta": "@sys.number"}, {"text": " unit course?", "userDefined": false}], "count": 0, "isTemplate": false, "id": "250c50f4-5dd6-4bdd-b11a-c40ec08f4444"}]