[{"data": [{"text": "Which courses are ", "userDefined": false}, {"alias": "number", "text": "1", "userDefined": false, "meta": "@sys.number"}, {"text": " units?", "userDefined": false}], "count": 0, "isTemplate": false, "id": "1a2da0b3-b5c5-4dd4-89fd-1dd8cb3157bf"}, {"data": [{"text": "Which classes count for ", "userDefined": false}, {"alias": "number", "text": "three", "userDefined": false, "meta": "@sys.number"}, {"text": " units?", "userDefined": false}], "count": 0, "isTemplate": false, "id": "bb76754f-e74f-4b89-bb49-c3fe345e93e2"}, {"data": [{"text": "Which classes are worth ", "userDefined": false}, {"alias": "number", "text": "one", "userDefined": false, "meta": "@sys.number"}, {"text": " units?", "userDefined": false}], "count": 0, "isTemplate": false, "id": "1fcbd627-bcd2-4819-a68b-712898321609"}, {"data": [{"text": "What are all ", "userDefined": false}, {"alias": "number", "text": "1", "userDefined": false, "meta": "@sys.number"}, {"text": " unit classes?", "userDefined": false}], "count": 0, "isTemplate": false, "id": "1da20a39-5c86-4d2b-9b61-06f2e9feb19c"}, {"data": [{"text": "Which classes are ", "userDefined": false}, {"alias": "number", "text": "one", "userDefined": false, "meta": "@sys.number"}, {"text": " units?", "userDefined": false}], "count": 0, "isTemplate": false, "id": "956d15af-4af5-4028-90ad-c7fce0a88a4c"}]