[{"data": [{"text": "Which courses are crosslisted in ", "userDefined": false}, {"alias": "DEPARTMENT_ABBREVIATION", "text": "CSC", "userDefined": false, "meta": "@DEPARTMENT_ABBREVIATION"}, {"text": "?", "userDefined": false}], "count": 0, "isTemplate": false, "id": "ee8f68b1-bad1-45d3-8406-f7af38f1a9da"}, {"data": [{"text": "What classes are crosslisted in ", "userDefined": false}, {"alias": "DEPARTMENT_ABBREVIATION", "text": "CPE", "userDefined": false, "meta": "@DEPARTMENT_ABBREVIATION"}, {"text": "?", "userDefined": false}], "count": 0, "isTemplate": false, "id": "5a92d5dd-3535-406e-8877-26d849e76963"}, {"data": [{"text": "In ", "userDefined": false}, {"alias": "DEPARTMENT_ABBREVIATION", "text": "CSC", "userDefined": false, "meta": "@DEPARTMENT_ABBREVIATION"}, {"text": ", which classes are crosslisted?", "userDefined": false}], "count": 0, "isTemplate": false, "id": "fe45eb92-37bd-41c4-a373-27c27a3b9fca"}, {"data": [{"text": "Which classes can also be found in ", "userDefined": false}, {"alias": "DEPARTMENT_ABBREVIATION", "text": "CPE", "userDefined": false, "meta": "@DEPARTMENT_ABBREVIATION"}, {"text": "?", "userDefined": false}], "count": 0, "isTemplate": false, "id": "eda4819c-38a9-4a33-ab96-4863593c2898"}, {"data": [{"text": "Which classes are crosslisted in ", "userDefined": false}, {"alias": "DEPARTMENT_ABBREVIATION", "text": "cpe", "userDefined": false, "meta": "@DEPARTMENT_ABBREVIATION"}, {"text": "?", "userDefined": false}], "count": 0, "isTemplate": false, "id": "e0205bc6-50f4-4b40-a358-053ea5cdc2b5"}]