[{"data": [{"text": "How many units is ", "userDefined": false}, {"alias": "CLASS_NAME", "text": "individual software design-and development", "userDefined": false, "meta": "@CLASS_NAME"}, {"text": " worth?", "userDefined": false}], "count": 0, "isTemplate": false, "id": "3b4e579a-2c24-47ce-bde8-8c10a78bb697"}, {"data": [{"text": "How many credits is ", "userDefined": false}, {"alias": "CLASS_NAME", "text": "CSC 450", "userDefined": false, "meta": "@CLASS_NAME"}, {"text": " worth?", "userDefined": false}], "count": 0, "isTemplate": false, "id": "d2632619-20dd-4b7f-9eae-7a0361988c00"}, {"data": [{"text": "How many credits is ", "userDefined": false}, {"alias": "CLASS_NAME", "text": "CSC 530", "userDefined": false, "meta": "@CLASS_NAME"}, {"text": "?", "userDefined": false}], "count": 0, "isTemplate": false, "id": "7203d1db-b90f-47b8-96c9-a9d57258b792"}, {"data": [{"text": "How many units does ", "userDefined": false}, {"alias": "CLASS_NAME", "text": "software engineering i", "userDefined": false, "meta": "@CLASS_NAME"}, {"text": " count for?", "userDefined": false}], "count": 0, "isTemplate": false, "id": "e3da6b50-5ef5-44d7-9998-75d3638d370c"}, {"data": [{"text": "How many units is ", "userDefined": false}, {"alias": "CLASS_NAME", "text": "special problems-for undergraduates", "userDefined": false, "meta": "@CLASS_NAME"}, {"text": "?", "userDefined": false}], "count": 0, "isTemplate": false, "id": "8dfac19a-ecc8-4746-9d6d-6d742bceaf70"}]