[{"data": [{"text": "Which courses require ", "userDefined": false}, {"alias": "CLASS_QUALIFICATION", "text": "senior", "userDefined": false, "meta": "@CLASS_QUALIFICATION"}, {"text": " standing?", "userDefined": false}], "count": 0, "isTemplate": false, "id": "a4f2a397-baf2-485b-8d76-b8f6a4aeebe6"}, {"data": [{"text": "Which classes require me to be a ", "userDefined": false}, {"alias": "CLASS_QUALIFICATION", "text": "junior", "userDefined": false, "meta": "@CLASS_QUALIFICATION"}, {"text": "?", "userDefined": false}], "count": 0, "isTemplate": false, "id": "5eeed19a-0c21-403c-8005-6ede1564a463"}, {"data": [{"text": "Which courses do I need to be a ", "userDefined": false}, {"alias": "CLASS_QUALIFICATION", "text": "senior", "userDefined": false, "meta": "@CLASS_QUALIFICATION"}, {"text": " to take?", "userDefined": false}], "count": 0, "isTemplate": false, "id": "e813c9a7-c45f-446a-adca-0ec1c88b32f4"}, {"data": [{"text": "Which classes need ", "userDefined": false}, {"alias": "CLASS_QUALIFICATION", "text": "senior", "userDefined": false, "meta": "@CLASS_QUALIFICATION"}, {"text": " standing?", "userDefined": false}], "count": 0, "isTemplate": false, "id": "03483a52-049e-47b1-a04c-0659f0e8c18f"}, {"data": [{"text": "Which classes need ", "userDefined": false}, {"alias": "CLASS_QUALIFICATION", "text": "sophomore", "userDefined": false, "meta": "@CLASS_QUALIFICATION"}, {"text": " in order to take them?", "userDefined": false}], "count": 0, "isTemplate": false, "id": "02e2f473-a4b4-45f8-8ee4-9a6b16e570b2"}, {"data": [{"text": "Which classes require ", "userDefined": false}, {"alias": "CLASS_QUALIFICATION", "text": "sophomore", "userDefined": false, "meta": "@CLASS_QUALIFICATION"}, {"text": " standing?", "userDefined": false}], "count": 0, "isTemplate": false, "id": "a8422805-b5f2-4399-a4a7-a237a57fffaf"}]