[{"data": [{"text": "What topics are taught in ", "userDefined": false}, {"alias": "CLASS_NAME", "text": "topics-in advanced data mining", "userDefined": false, "meta": "@CLASS_NAME"}, {"text": "?", "userDefined": false}], "count": 0, "isTemplate": false, "id": "021637ec-e03f-49f3-a41d-ad3029cadb15"}, {"data": [{"text": "Which topics are covered in ", "userDefined": false}, {"alias": "CLASS_NAME", "text": "CSC 595", "userDefined": false, "meta": "@CLASS_NAME"}, {"text": "?", "userDefined": false}], "count": 0, "isTemplate": false, "id": "2ff3ffef-6b0e-4e23-b319-4ea877c842a6"}, {"data": [{"text": "What topics does ", "userDefined": false}, {"alias": "CLASS_NAME", "text": "cooperative education experience", "userDefined": false, "meta": "@CLASS_NAME"}, {"text": " cover?", "userDefined": false}], "count": 0, "isTemplate": false, "id": "7812394a-f3e8-4a57-a378-7101522275a0"}, {"data": [{"text": "Which topics does ", "userDefined": false}, {"alias": "CLASS_NAME", "text": "knowledge discovery-from data", "userDefined": false, "meta": "@CLASS_NAME"}, {"text": " cover?", "userDefined": false}], "count": 0, "isTemplate": false, "id": "2ed99bd1-34d7-4ff0-aafc-905b4a271d15"}, {"data": [{"text": "What does it look like to take ", "userDefined": false}, {"alias": "CLASS_NAME", "text": "user-centered interface design-and development", "userDefined": false, "meta": "@CLASS_NAME"}, {"text": "?", "userDefined": false}], "count": 0, "isTemplate": false, "id": "d6a6db5a-916d-4d5e-8945-4380985bf2e2"}, {"data": [{"text": "What will I learn in ", "userDefined": false}, {"alias": "CLASS_NAME", "text": "CSC 310", "userDefined": false, "meta": "@CLASS_NAME"}, {"text": "?", "userDefined": false}], "count": 0, "isTemplate": false, "id": "e58ffe4b-9494-4589-b6cd-aadb1747eb54"}, {"data": [{"text": "What is the course description for ", "userDefined": false}, {"alias": "CLASS_NAME", "text": "software construction", "userDefined": false, "meta": "@CLASS_NAME"}, {"text": "?", "userDefined": false}], "count": 0, "isTemplate": false, "id": "4e01ea32-2189-4b4e-a424-cf4044157bbc"}, {"data": [{"text": "What do you learn about in ", "userDefined": false}, {"alias": "CLASS_NAME", "text": "music programming", "userDefined": false, "meta": "@CLASS_NAME"}, {"text": "?", "userDefined": false}], "count": 0, "isTemplate": false, "id": "52c80ac9-77ab-4d43-9818-79ba3e0a8005"}, {"data": [{"text": "What is ", "userDefined": false}, {"alias": "CLASS_NAME", "text": "CSC 202", "userDefined": false, "meta": "@CLASS_NAME"}, {"text": " about?", "userDefined": false}], "count": 0, "isTemplate": false, "id": "7442aa12-0a0d-4fc3-9fc7-427771aa3637"}, {"data": [{"text": "What topics are covered in ", "userDefined": false}, {"alias": "CLASS_NAME", "text": "c-and unix", "userDefined": false, "meta": "@CLASS_NAME"}, {"text": "?", "userDefined": false}], "count": 0, "isTemplate": false, "id": "0f4d3062-c14e-4540-a393-448c320654bc"}]