[{"data": [{"text": "Can ", "userDefined": false}, {"alias": "CLASS_NAME", "text": "CSC 497", "userDefined": false, "meta": "@CLASS_NAME"}, {"text": " also be found in ", "userDefined": false}, {"alias": "DEPARTMENT_ABBREVIATION", "text": "cpe", "userDefined": false, "meta": "@DEPARTMENT_ABBREVIATION"}, {"text": "?", "userDefined": false}], "count": 0, "isTemplate": false, "id": "1295db50-576f-4565-9404-4546dc7f9aea"}, {"data": [{"text": "May ", "userDefined": false}, {"alias": "CLASS_NAME", "text": "CSC 409", "userDefined": false, "meta": "@CLASS_NAME"}, {"text": " also be listed in ", "userDefined": false}, {"alias": "DEPARTMENT_ABBREVIATION", "text": "CSC", "userDefined": false, "meta": "@DEPARTMENT_ABBREVIATION"}, {"text": "?", "userDefined": false}], "count": 0, "isTemplate": false, "id": "0bd3b41b-c08a-4559-acbc-1892a80452f6"}, {"data": [{"text": "Can I also find ", "userDefined": false}, {"alias": "CLASS_NAME", "text": "current topics-in computer security", "userDefined": false, "meta": "@CLASS_NAME"}, {"text": " in ", "userDefined": false}, {"alias": "DEPARTMENT_ABBREVIATION", "text": "CPE", "userDefined": false, "meta": "@DEPARTMENT_ABBREVIATION"}, {"text": "?", "userDefined": false}], "count": 0, "isTemplate": false, "id": "dcb5fb81-26b7-460e-b649-1e82f608480c"}, {"data": [{"text": "Is ", "userDefined": false}, {"alias": "CLASS_NAME", "text": "CSC 429", "userDefined": false, "meta": "@CLASS_NAME"}, {"text": " crosslisted in ", "userDefined": false}, {"alias": "DEPARTMENT_ABBREVIATION", "text": "cpe", "userDefined": false, "meta": "@DEPARTMENT_ABBREVIATION"}, {"text": "?", "userDefined": false}], "count": 0, "isTemplate": false, "id": "2355d460-e487-4e2c-a485-6fd163566d94"}]