[{"data": [{"text": "What is the class title for ", "userDefined": false}, {"alias": "CLASS_NAME", "text": "CSC 225", "userDefined": false, "meta": "@CLASS_NAME"}, {"text": "?", "userDefined": false}], "count": 0, "isTemplate": false, "id": "1671d02c-bd60-4c48-9d22-40e455af906e"}, {"data": [{"text": "What class title is given to ", "userDefined": false}, {"alias": "CLASS_NAME", "text": "CSC 494", "userDefined": false, "meta": "@CLASS_NAME"}, {"text": "?", "userDefined": false}], "count": 0, "isTemplate": false, "id": "2cb14656-776e-4f5f-a774-53242aae1f5d"}, {"data": [{"text": "What class title is ", "userDefined": false}, {"alias": "CLASS_NAME", "text": "CSC 431", "userDefined": false, "meta": "@CLASS_NAME"}, {"text": " listed as?", "userDefined": false}], "count": 0, "isTemplate": false, "id": "2ed6d9ad-19a1-4a88-a47f-e13f20dbc128"}, {"data": [{"text": "Which course title is ", "userDefined": false}, {"alias": "CLASS_NAME", "text": "CSC 203", "userDefined": false, "meta": "@CLASS_NAME"}, {"text": "?", "userDefined": false}], "count": 0, "isTemplate": false, "id": "39ac4225-157d-4e4c-8253-d62856457510"}, {"data": [{"text": "What is ", "userDefined": false}, {"alias": "CLASS_NAME", "text": "CSC 301", "userDefined": false, "meta": "@CLASS_NAME"}, {"text": " called?", "userDefined": false}], "count": 0, "isTemplate": false, "id": "65d9af85-c13b-4766-9987-69bf66545aa4"}, {"data": [{"text": "What is ", "userDefined": false}, {"alias": "CLASS_NAME", "text": "programming-for engineering students", "userDefined": false, "meta": "@CLASS_NAME"}, {"text": "'s name?", "userDefined": false}], "count": 0, "isTemplate": false, "id": "280ad8a8-69cb-443a-8463-77f970905535"}, {"data": [{"text": "What name does ", "userDefined": false}, {"alias": "CLASS_NAME", "text": "systems programming", "userDefined": false, "meta": "@CLASS_NAME"}, {"text": " have?", "userDefined": false}], "count": 0, "isTemplate": false, "id": "2bea08a8-38f6-4dd2-8e53-0b720caa6460"}, {"data": [{"text": "What class name is ", "userDefined": false}, {"alias": "CLASS_NAME", "text": "CSC 365", "userDefined": false, "meta": "@CLASS_NAME"}, {"text": "?", "userDefined": false}], "count": 0, "isTemplate": false, "id": "6acbef96-d15e-457d-a741-07d707c7676b"}, {"data": [{"text": "What is another name for ", "userDefined": false}, {"alias": "CLASS_NAME", "text": "fundamentals-of computer science-for scientists-and engineers ii", "userDefined": false, "meta": "@CLASS_NAME"}, {"text": "?", "userDefined": false}], "count": 0, "isTemplate": false, "id": "9acde894-4117-4595-b330-fd3b0fec1154"}, {"data": [{"text": "What name do people also call ", "userDefined": false}, {"alias": "CLASS_NAME", "text": "CSC 409", "userDefined": false, "meta": "@CLASS_NAME"}, {"text": "?", "userDefined": false}], "count": 0, "isTemplate": false, "id": "9d91b2c1-ab18-42a4-b55a-28c860bbd09a"}, {"data": [{"text": "What is ", "userDefined": false}, {"alias": "CLASS_NAME", "text": "directed study", "userDefined": false, "meta": "@CLASS_NAME"}, {"text": " also named as?", "userDefined": false}], "count": 0, "isTemplate": false, "id": "e8637186-0abd-4734-b316-78b0a663aba2"}, {"data": [{"text": "What is ", "userDefined": false}, {"alias": "CLASS_NAME", "text": "CSC 435", "userDefined": false, "meta": "@CLASS_NAME"}, {"text": " also called?", "userDefined": false}], "count": 0, "isTemplate": false, "id": "135e5383-23b1-46d8-bb9d-474e273f4792"}, {"data": [{"text": "What name is also given to ", "userDefined": false}, {"alias": "CLASS_NAME", "text": "senior project ii", "userDefined": false, "meta": "@CLASS_NAME"}, {"text": "?", "userDefined": false}], "count": 0, "isTemplate": false, "id": "9c005f2b-0ac1-4666-a009-d9276b86278b"}, {"data": [{"text": "What is the course title for ", "userDefined": false}, {"alias": "CLASS_NAME", "text": "CSC 400", "userDefined": false, "meta": "@CLASS_NAME"}, {"text": "?", "userDefined": false}], "count": 0, "isTemplate": false, "id": "74929d94-2c9e-41b5-8b67-9d9dca988e5f"}]