[{"data": [{"text": "Which courses are seminars?", "userDefined": false}], "count": 0, "isTemplate": false, "id": "038f6018-537c-4add-9393-23af43a6b7b6"}, {"data": [{"text": "What classes are considered to be seminars?", "userDefined": false}], "count": 0, "isTemplate": false, "id": "2c2d42bb-8013-42c6-b2b4-bbbe79ab7ad9"}, {"data": [{"text": "Which classes are taught as seminars?", "userDefined": false}], "count": 0, "isTemplate": false, "id": "4f69a44f-1699-4851-8631-d94cf46ade3c"}, {"data": [{"text": "Which courses are taught like seminars?", "userDefined": false}], "count": 0, "isTemplate": false, "id": "ca57a7f5-50e0-4227-9b03-d0c90bf9cb87"}, {"data": [{"text": "Which classes are seminars?", "userDefined": false}], "count": 0, "isTemplate": false, "id": "4b453e25-6346-41eb-8fc0-2afdd2ddc0c6"}]