[{"data": [{"text": "Is ", "userDefined": false}, {"alias": "CLASS_NAME", "text": "mobile application development", "userDefined": false, "meta": "@CLASS_NAME"}, {"text": " lecture only?", "userDefined": false}], "count": 0, "isTemplate": false, "id": "2b63c577-4528-4d0e-a0c9-e1fc82a557d5"}, {"data": [{"text": "Does ", "userDefined": false}, {"alias": "CLASS_NAME", "text": "problem solving-with computers", "userDefined": false, "meta": "@CLASS_NAME"}, {"text": " have a lab section?", "userDefined": false}], "count": 0, "isTemplate": false, "id": "cb6dcb49-a1b7-4219-8803-cea8d0409a7f"}]