[{"data": [{"text": "Which courses are two-part sequences?", "userDefined": false}], "count": 0, "isTemplate": false, "id": "e9718077-5970-4fb2-a106-8bfe8c4df538"}, {"data": [{"text": "Which classes are usually taken in two parts?", "userDefined": false}], "count": 0, "isTemplate": false, "id": "5a3e7b9d-07e8-43ae-b737-57e012948b10"}, {"data": [{"text": "What courses are usually taken as a two-part sequence?", "userDefined": false}], "count": 0, "isTemplate": false, "id": "e85fa3f5-9aba-49d2-90a9-0b8762b354f1"}, {"data": [{"text": "Which courses are typically taken as two different parts?", "userDefined": false}], "count": 0, "isTemplate": false, "id": "cb9956b4-f0c7-4f82-9260-bddf7cd00075"}, {"data": [{"text": "Which classes are two-part sequences?", "userDefined": false}], "count": 0, "isTemplate": false, "id": "716656a5-a392-4a48-b4c7-e0df1a8feb36"}]