[{"data": [{"text": "What classes are only offered in the ", "userDefined": false}, {"alias": "QUARTER", "text": "Spring", "userDefined": false, "meta": "@QUARTER"}, {"text": "?", "userDefined": false}], "count": 0, "isTemplate": false, "id": "00da5c1c-5150-4c99-bdea-f21640fba507"}, {"data": [{"text": "Which classes are only taught during the ", "userDefined": false}, {"alias": "QUARTER", "text": "Summer", "userDefined": false, "meta": "@QUARTER"}, {"text": "?", "userDefined": false}], "count": 0, "isTemplate": false, "id": "0473a120-39e8-47b7-aed9-dedd9d393d06"}, {"data": [{"text": "Which courses are only taught in the ", "userDefined": false}, {"alias": "QUARTER", "text": "Fall", "userDefined": false, "meta": "@QUARTER"}, {"text": "?", "userDefined": false}], "count": 0, "isTemplate": false, "id": "653e5309-07e4-45c6-91f9-873269ba4972"}, {"data": [{"text": "Which classes are only taught during ", "userDefined": false}, {"alias": "QUARTER", "text": "Winter", "userDefined": false, "meta": "@QUARTER"}, {"text": " quarter?", "userDefined": false}], "count": 0, "isTemplate": false, "id": "b8b04f9a-d493-42c2-bd08-94a86b50362b"}, {"data": [{"text": "Which courses are only taught in ", "userDefined": false}, {"alias": "QUARTER", "text": "Spring", "userDefined": false, "meta": "@QUARTER"}, {"text": "?", "userDefined": false}], "count": 0, "isTemplate": false, "id": "916d70d0-2d0a-400b-b49d-642c3cd0f22c"}, {"data": [{"text": "What courses are only offered in the ", "userDefined": false}, {"alias": "QUARTER", "text": "Winter", "userDefined": false, "meta": "@QUARTER"}, {"text": "?", "userDefined": false}], "count": 0, "isTemplate": false, "id": "e603f6bf-8a77-4edc-8b41-7d7a5d40ba4b"}, {"data": [{"text": "Which courses are only taught during the ", "userDefined": false}, {"alias": "QUARTER", "text": "Autumn", "userDefined": false, "meta": "@QUARTER"}, {"text": "?", "userDefined": false}], "count": 0, "isTemplate": false, "id": "6a36abe3-cd13-42b1-a354-040d20166d9e"}, {"data": [{"text": "Which classes are only taught in the ", "userDefined": false}, {"alias": "QUARTER", "text": "Spring", "userDefined": false, "meta": "@QUARTER"}, {"text": "?", "userDefined": false}], "count": 0, "isTemplate": false, "id": "b08ca531-eefc-4934-bac2-cb20de4cad2a"}]