[{"data": [{"text": "What are prerequisites for taking ", "userDefined": false}, {"alias": "CLASS_NAME", "text": "CSC 302", "userDefined": false, "meta": "@CLASS_NAME"}, {"text": "?", "userDefined": false}], "count": 0, "isTemplate": false, "id": "3caaf0a3-71a0-41ae-b256-c504ae91d1df"}, {"data": [{"text": "What are some prereqs for ", "userDefined": false}, {"alias": "CLASS_NAME", "text": "CSC 540", "userDefined": false, "meta": "@CLASS_NAME"}, {"text": "?", "userDefined": false}], "count": 0, "isTemplate": false, "id": "c82e0b12-83c9-48c6-b253-f691d82742d3"}, {"data": [{"text": "What are the prerequisites to take ", "userDefined": false}, {"alias": "CLASS_NAME", "text": "CSC 301", "userDefined": false, "meta": "@CLASS_NAME"}, {"text": "?", "userDefined": false}], "count": 0, "isTemplate": false, "id": "2e29eee0-1e4a-4a43-939a-6e8114772845"}, {"data": [{"text": "What are the prereqs to take ", "userDefined": false}, {"alias": "CLASS_NAME", "text": "computer programming-for scientists-and engineers", "userDefined": false, "meta": "@CLASS_NAME"}, {"text": "?", "userDefined": false}], "count": 0, "isTemplate": false, "id": "3fa5b9bd-7f76-4363-ace5-7381336df5b9"}, {"data": [{"text": "What are the prerequisites for ", "userDefined": false}, {"alias": "CLASS_NAME", "text": "introduction-to computer organization", "userDefined": false, "meta": "@CLASS_NAME"}, {"text": "?", "userDefined": false}], "count": 0, "isTemplate": false, "id": "2fa4e3b7-edb4-407f-b9a0-837f15e9e1c3"}]