[{"data": [{"text": "Which courses include ", "userDefined": false}, {"alias": "SUBJECT_MATTER", "text": "engine", "userDefined": false, "meta": "@SUBJECT_MATTER"}, {"text": "?", "userDefined": false}], "count": 0, "isTemplate": false, "id": "22545db5-76a9-4c29-9bf7-c7bfeb06f623"}, {"data": [{"text": "What are classes that include ", "userDefined": false}, {"alias": "SUBJECT_MATTER", "text": "software modeling", "userDefined": false, "meta": "@SUBJECT_MATTER"}, {"text": "?", "userDefined": false}], "count": 0, "isTemplate": false, "id": "486de638-dbc9-407d-89d7-95e4b7dd6858"}, {"data": [{"text": "What are some classes that include ", "userDefined": false}, {"alias": "SUBJECT_MATTER", "text": "engine", "userDefined": false, "meta": "@SUBJECT_MATTER"}, {"text": "?", "userDefined": false}], "count": 0, "isTemplate": false, "id": "54009801-c306-4fa0-8b9d-fac4fe9c58a5"}, {"data": [{"text": "Which classes consist of ", "userDefined": false}, {"alias": "SUBJECT_MATTER", "text": "entertainment", "userDefined": false, "meta": "@SUBJECT_MATTER"}, {"text": "?", "userDefined": false}], "count": 0, "isTemplate": false, "id": "8523c713-9b25-4ea3-b9be-cfd0c50a817d"}, {"data": [{"text": "Which classes touch on ", "userDefined": false}, {"alias": "SUBJECT_MATTER", "text": "automaton", "userDefined": false, "meta": "@SUBJECT_MATTER"}, {"text": "?", "userDefined": false}], "count": 0, "isTemplate": false, "id": "33277945-dbe0-486d-880e-ccfc94334930"}, {"data": [{"text": "Which classes include ", "userDefined": false}, {"alias": "SUBJECT_MATTER", "text": "basic control", "userDefined": false, "meta": "@SUBJECT_MATTER"}, {"text": "?", "userDefined": false}], "count": 0, "isTemplate": false, "id": "cd0fa846-365e-4ac9-b11f-279d30ada27a"}]