[{"data": [{"text": "Would ", "userDefined": false}, {"alias": "CLASS_NAME", "text": "current topics-in human-computer interaction", "userDefined": false, "meta": "@CLASS_NAME"}, {"text": " include ", "userDefined": false}, {"alias": "SUBJECT_MATTER", "text": "image", "userDefined": false, "meta": "@SUBJECT_MATTER"}, {"text": "?", "userDefined": false}], "count": 0, "isTemplate": false, "id": "b3694526-c750-4117-a054-b22ab0c1591c"}, {"data": [{"text": "Does ", "userDefined": false}, {"alias": "CLASS_NAME", "text": "CSC 108", "userDefined": false, "meta": "@CLASS_NAME"}, {"text": " consist of ", "userDefined": false}, {"alias": "SUBJECT_MATTER", "text": "prototype", "userDefined": false, "meta": "@SUBJECT_MATTER"}, {"text": "?", "userDefined": false}], "count": 0, "isTemplate": false, "id": "6b4db0fa-5b54-41ed-8a3c-736fbb689c7c"}, {"data": [{"text": "Is ", "userDefined": false}, {"alias": "SUBJECT_MATTER", "text": "graphic software", "userDefined": false, "meta": "@SUBJECT_MATTER"}, {"text": " included in ", "userDefined": false}, {"alias": "CLASS_NAME", "text": "CSC 422", "userDefined": false, "meta": "@CLASS_NAME"}, {"text": "?", "userDefined": false}], "count": 0, "isTemplate": false, "id": "1ff28b66-45ae-40f5-b919-cf5ac22cf5ba"}, {"data": [{"text": "Is ", "userDefined": false}, {"alias": "SUBJECT_MATTER", "text": "art", "userDefined": false, "meta": "@SUBJECT_MATTER"}, {"text": "? taught in ", "userDefined": false}, {"alias": "CLASS_NAME", "text": "CSC 305", "userDefined": false, "meta": "@CLASS_NAME"}, {"text": "?", "userDefined": false}], "count": 0, "isTemplate": false, "id": "c97d6fd8-e3c5-4215-93b4-6594c4cbabde"}, {"data": [{"text": "Does ", "userDefined": false}, {"alias": "CLASS_NAME", "text": "directed study", "userDefined": false, "meta": "@CLASS_NAME"}, {"text": " include ", "userDefined": false}, {"alias": "SUBJECT_MATTER", "text": "design application", "userDefined": false, "meta": "@SUBJECT_MATTER"}, {"text": "?", "userDefined": false}], "count": 0, "isTemplate": false, "id": "8e2a5ef2-b72f-4b8d-b8f4-c6978e87ea94"}]