[{"data": [{"text": "Which courses fulfill GE Area ", "userDefined": false}, {"alias": "GE_AREA", "text": "B3", "userDefined": false, "meta": "@GE_AREA"}, {"text": "?", "userDefined": false}], "count": 0, "isTemplate": false, "id": "2a916db2-7ce3-4bda-b9d6-2911ef17ff41"}, {"data": [{"text": "Which classes can I fulfill my ", "userDefined": false}, {"alias": "GE_AREA", "text": "b3", "userDefined": false, "meta": "@GE_AREA"}, {"text": " with?", "userDefined": false}], "count": 0, "isTemplate": false, "id": "9ca18de3-c575-4f4c-a183-1d0211b757d5"}, {"data": [{"text": "Which classes can I get credits for GE Area ", "userDefined": false}, {"alias": "GE_AREA", "text": "B3", "userDefined": false, "meta": "@GE_AREA"}, {"text": " with?", "userDefined": false}], "count": 0, "isTemplate": false, "id": "34ced916-0d44-46fb-aa12-1e4e47bf2db8"}, {"data": [{"text": "Which classes give me credits for ", "userDefined": false}, {"alias": "GE_AREA", "text": "d2", "userDefined": false, "meta": "@GE_AREA"}, {"text": "?", "userDefined": false}], "count": 0, "isTemplate": false, "id": "d13df9c3-054e-43c7-9391-aa8dcbff76d3"}, {"data": [{"text": "Which classes are possible to get credits for GE Area ", "userDefined": false}, {"alias": "GE_AREA", "text": "A3", "userDefined": false, "meta": "@GE_AREA"}, {"text": "?", "userDefined": false}], "count": 0, "isTemplate": false, "id": "c08ded52-be1d-4231-85e3-780d35ae947a"}, {"data": [{"text": "Which classes fulfill GE Area ", "userDefined": false}, {"alias": "GE_AREA", "text": "A2", "userDefined": false, "meta": "@GE_AREA"}, {"text": "?", "userDefined": false}], "count": 0, "isTemplate": false, "id": "75526677-edeb-40f6-b38e-f408308cc21f"}]