[{"data": [{"text": "Does ", "userDefined": false}, {"alias": "CLASS_NAME", "text": "CSC 309", "userDefined": false, "meta": "@CLASS_NAME"}, {"text": " have an upper division prerequisite?", "userDefined": false}], "count": 0, "isTemplate": false, "id": "0698d53c-02df-43e4-973d-104c8286ab75"}, {"data": [{"text": "Is there an upper division prerequisite for ", "userDefined": false}, {"alias": "CLASS_NAME", "text": "cooperative education experience", "userDefined": false, "meta": "@CLASS_NAME"}, {"text": "?", "userDefined": false}], "count": 0, "isTemplate": false, "id": "e81f6bcc-6616-4046-9fc5-7496a52bca80"}, {"data": [{"text": "Are there upper division prerequisites for ", "userDefined": false}, {"alias": "CLASS_NAME", "text": "game design", "userDefined": false, "meta": "@CLASS_NAME"}, {"text": "?", "userDefined": false}], "count": 0, "isTemplate": false, "id": "ee13d118-2a0a-4d71-952c-c9c4023b070b"}, {"data": [{"text": "Does ", "userDefined": false}, {"alias": "CLASS_NAME", "text": "fundamentals-of computer science-for scientists-and engineers ii", "userDefined": false, "meta": "@CLASS_NAME"}, {"text": " have an upper division prereq?", "userDefined": false}], "count": 0, "isTemplate": false, "id": "a0f20cc9-2983-4d56-a3dc-a7721d837418"}, {"data": [{"text": "Is there an upper division prereq for ", "userDefined": false}, {"alias": "CLASS_NAME", "text": "software engineering i", "userDefined": false, "meta": "@CLASS_NAME"}, {"text": "?", "userDefined": false}], "count": 0, "isTemplate": false, "id": "e3e80b11-b05c-4ce6-a4fa-f83a9b98770c"}, {"data": [{"text": "Are there upper division prereqs for ", "userDefined": false}, {"alias": "CLASS_NAME", "text": "CSC 101", "userDefined": false, "meta": "@CLASS_NAME"}, {"text": "?", "userDefined": false}], "count": 0, "isTemplate": false, "id": "71cb4637-336b-4b43-83cc-7494f61b7043"}, {"data": [{"text": "Does ", "userDefined": false}, {"alias": "CLASS_NAME", "text": "deep learning", "userDefined": false, "meta": "@CLASS_NAME"}, {"text": " have an upper divisional prerequisite?", "userDefined": false}], "count": 0, "isTemplate": false, "id": "82dfd2e0-7fce-439b-8fd6-5ab57f908416"}]