[{"data": [{"text": "Is ", "userDefined": false}, {"alias": "CLASS_NAME", "text": "CSC 357", "userDefined": false, "meta": "@CLASS_NAME"}, {"text": " a prereq for ", "userDefined": false}, {"alias": "CLASS_NAME", "text": "CSC 495", "userDefined": false, "meta": "@CLASS_NAME"}, {"text": "?", "userDefined": false}], "count": 0, "isTemplate": false, "id": "dc4fba6a-a727-4ece-8b62-365e114fead6"}, {"data": [{"text": "Does ", "userDefined": false}, {"alias": "CLASS_NAME", "text": "CSC 599", "userDefined": false, "meta": "@CLASS_NAME"}, {"text": " have ", "userDefined": false}, {"alias": "CLASS_NAME", "text": "CSC 496", "userDefined": false, "meta": "@CLASS_NAME"}, {"text": " as a prerequisite?", "userDefined": false}], "count": 0, "isTemplate": false, "id": "dd4d4306-a91c-4801-b222-03814bd42b71"}, {"data": [{"text": "Does ", "userDefined": false}, {"alias": "CLASS_NAME", "text": "CSC 580", "userDefined": false, "meta": "@CLASS_NAME"}, {"text": " have ", "userDefined": false}, {"alias": "CLASS_NAME", "text": "selected advanced topics", "userDefined": false, "meta": "@CLASS_NAME"}, {"text": " as a prereq?", "userDefined": false}], "count": 0, "isTemplate": false, "id": "8cbf8ebb-5cb0-437d-8816-caa0460ea6ed"}, {"data": [{"text": "Is ", "userDefined": false}, {"alias": "CLASS_NAME", "text": "CSC 593", "userDefined": false, "meta": "@CLASS_NAME"}, {"text": " a prerequisite for ", "userDefined": false}, {"alias": "CLASS_NAME", "text": "CSC 569", "userDefined": false, "meta": "@CLASS_NAME"}, {"text": "?", "userDefined": false}], "count": 0, "isTemplate": false, "id": "26db2f8e-c7e4-4415-bd7a-d995e0ae0a6c"}]