[{"data": [{"text": "Can I take ", "userDefined": false}, {"alias": "CLASS_NAME", "text": "CSC 405", "userDefined": false, "meta": "@CLASS_NAME"}, {"text": " in the ", "userDefined": false}, {"alias": "QUARTER", "text": "Autumn", "userDefined": false, "meta": "@QUARTER"}, {"text": "?", "userDefined": false}], "count": 0, "isTemplate": false, "id": "36c88118-60e5-436a-9ff2-b6eda1d30236"}, {"data": [{"text": "Can I take ", "userDefined": false}, {"alias": "CLASS_NAME", "text": "advanced rendering techniques", "userDefined": false, "meta": "@CLASS_NAME"}, {"text": " in ", "userDefined": false}, {"alias": "QUARTER", "text": "Winter", "userDefined": false, "meta": "@QUARTER"}, {"text": "?", "userDefined": false}], "count": 0, "isTemplate": false, "id": "2a7da8fd-2def-4ccc-8ed4-64c2f2a8e4f1"}, {"data": [{"text": "Is ", "userDefined": false}, {"alias": "CLASS_NAME", "text": "CSC 350", "userDefined": false, "meta": "@CLASS_NAME"}, {"text": " available in ", "userDefined": false}, {"alias": "QUARTER", "text": "Summer", "userDefined": false, "meta": "@QUARTER"}, {"text": " quarter?", "userDefined": false}], "count": 0, "isTemplate": false, "id": "e8cdc4d1-44b3-4123-b4a7-4721d20032b5"}, {"data": [{"text": "Is ", "userDefined": false}, {"alias": "CLASS_NAME", "text": "computing-for interactive arts capstone ii", "userDefined": false, "meta": "@CLASS_NAME"}, {"text": " offered in ", "userDefined": false}, {"alias": "QUARTER", "text": "Spring", "userDefined": false, "meta": "@QUARTER"}, {"text": " quarter?", "userDefined": false}], "count": 0, "isTemplate": false, "id": "e37bd054-8169-4f80-b20d-a1d34c0a6150"}, {"data": [{"text": "Is ", "userDefined": false}, {"alias": "CLASS_NAME", "text": "computer graphics", "userDefined": false, "meta": "@CLASS_NAME"}, {"text": " available in the ", "userDefined": false}, {"alias": "QUARTER", "text": "Summer", "userDefined": false, "meta": "@QUARTER"}, {"text": "?", "userDefined": false}], "count": 0, "isTemplate": false, "id": "e09e21ae-e297-4a3b-8145-9703da8ffdac"}, {"data": [{"text": "Is ", "userDefined": false}, {"alias": "CLASS_NAME", "text": "computational art", "userDefined": false, "meta": "@CLASS_NAME"}, {"text": " offered in the ", "userDefined": false}, {"alias": "QUARTER", "text": "Summer", "userDefined": false, "meta": "@QUARTER"}, {"text": "?", "userDefined": false}], "count": 0, "isTemplate": false, "id": "cb3b48f9-0efd-490d-853c-c0e2c9c6a33b"}, {"data": [{"text": "Is ", "userDefined": false}, {"alias": "CLASS_NAME", "text": "computing-for interactive arts capstone i", "userDefined": false, "meta": "@CLASS_NAME"}, {"text": " offered in ", "userDefined": false}, {"alias": "QUARTER", "text": "Fall", "userDefined": false, "meta": "@QUARTER"}, {"text": "?", "userDefined": false}], "count": 0, "isTemplate": false, "id": "814b1594-a941-46e7-9d12-75926940bcf0"}]