[{"data": [{"text": "Which ", "userDefined": false}, {"alias": "COURSE_LEVEL", "text": "100", "userDefined": false, "meta": "@COURSE_LEVEL"}, {"text": " classes are offered in ", "userDefined": false}, {"alias": "QUARTER", "text": "Winter", "userDefined": false, "meta": "@QUARTER"}, {"text": "?", "userDefined": false}], "count": 0, "isTemplate": false, "id": "70f7fce7-db60-4ec3-bc39-d292896ea7df"}, {"data": [{"text": "Which ", "userDefined": false}, {"alias": "COURSE_LEVEL", "text": "two hundred", "userDefined": false, "meta": "@COURSE_LEVEL"}, {"text": " courses are offered in the ", "userDefined": false}, {"alias": "QUARTER", "text": "Summer", "userDefined": false, "meta": "@QUARTER"}, {"text": "?", "userDefined": false}], "count": 0, "isTemplate": false, "id": "c3d65a4d-21a0-48e8-95fc-64dd2ad0868d"}, {"data": [{"text": "Which ", "userDefined": false}, {"alias": "COURSE_LEVEL", "text": "100", "userDefined": false, "meta": "@COURSE_LEVEL"}, {"text": " courses are offered in ", "userDefined": false}, {"alias": "QUARTER", "text": "Spring", "userDefined": false, "meta": "@QUARTER"}, {"text": " quarter?", "userDefined": false}], "count": 0, "isTemplate": false, "id": "97407d11-56f0-45dd-8f21-359bf6a8f59f"}, {"data": [{"text": "In ", "userDefined": false}, {"alias": "QUARTER", "text": "Summer", "userDefined": false, "meta": "@QUARTER"}, {"text": " quarter, which ", "userDefined": false}, {"alias": "COURSE_LEVEL", "text": "100", "userDefined": false, "meta": "@COURSE_LEVEL"}, {"text": " classes are offered?", "userDefined": false}], "count": 0, "isTemplate": false, "id": "cd134e8c-a025-44d7-91e9-df41d266c819"}, {"data": [{"text": "Which ", "userDefined": false}, {"alias": "COURSE_LEVEL", "text": "100", "userDefined": false, "meta": "@COURSE_LEVEL"}, {"text": " classes are available in ", "userDefined": false}, {"alias": "QUARTER", "text": "Summer", "userDefined": false, "meta": "@QUARTER"}, {"text": "?", "userDefined": false}], "count": 0, "isTemplate": false, "id": "c117ece4-ac0b-476e-adb9-1b7320a0f959"}, {"data": [{"text": "Which ", "userDefined": false}, {"alias": "COURSE_LEVEL", "text": "two hundred", "userDefined": false, "meta": "@COURSE_LEVEL"}, {"text": " courses are available in the ", "userDefined": false}, {"alias": "QUARTER", "text": "Fall", "userDefined": false, "meta": "@QUARTER"}, {"text": "?", "userDefined": false}], "count": 0, "isTemplate": false, "id": "c2c4a7bf-27d0-49d3-be6b-5f38eacde8e0"}, {"data": [{"text": "Which ", "userDefined": false}, {"alias": "COURSE_LEVEL", "text": "one hundred", "userDefined": false, "meta": "@COURSE_LEVEL"}, {"text": " courses are available in ", "userDefined": false}, {"alias": "QUARTER", "text": "Winter", "userDefined": false, "meta": "@QUARTER"}, {"text": " quarter?", "userDefined": false}], "count": 0, "isTemplate": false, "id": "09402fb0-32b0-479c-a833-1f6dff4ecc3b"}, {"data": [{"text": "In ", "userDefined": false}, {"alias": "QUARTER", "text": "Fall", "userDefined": false, "meta": "@QUARTER"}, {"text": " quarter, which ", "userDefined": false}, {"alias": "COURSE_LEVEL", "text": "100", "userDefined": false, "meta": "@COURSE_LEVEL"}, {"text": " classes are available?", "userDefined": false}], "count": 0, "isTemplate": false, "id": "e02c427a-cf0d-4633-9ab4-85a2731a84af"}, {"data": [{"text": "Which ", "userDefined": false}, {"alias": "COURSE_LEVEL", "text": "100", "userDefined": false, "meta": "@COURSE_LEVEL"}, {"text": " courses are offered in ", "userDefined": false}, {"alias": "QUARTER", "text": "Summer", "userDefined": false, "meta": "@QUARTER"}, {"text": "?", "userDefined": false}], "count": 0, "isTemplate": false, "id": "1974cf65-d524-4dbf-87ae-fa461a6fb27c"}]