[{"data": [{"text": "What technical electives should I select to do research in ", "userDefined": false}, {"alias": "SUBJECT_MATTER", "text": "c programming language", "userDefined": false, "meta": "@SUBJECT_MATTER"}, {"text": "?", "userDefined": false}], "count": 0, "isTemplate": false, "id": "51a52a2f-20ac-4efc-9730-581080ee6dd8"}, {"data": [{"text": "What are some good tech electives to study ", "userDefined": false}, {"alias": "SUBJECT_MATTER", "text": "advancement", "userDefined": false, "meta": "@SUBJECT_MATTER"}, {"text": "?", "userDefined": false}], "count": 0, "isTemplate": false, "id": "56429804-b2d3-4dd2-82bf-59713a2f1961"}, {"data": [{"text": "What classes should I take to get a job in ", "userDefined": false}, {"alias": "SUBJECT_MATTER", "text": "technical presentation method", "userDefined": false, "meta": "@SUBJECT_MATTER"}, {"text": "?", "userDefined": false}], "count": 0, "isTemplate": false, "id": "70b29047-2766-43c4-8fc9-e79f3f9b486c"}, {"data": [{"text": "What are good technical electives to study ", "userDefined": false}, {"alias": "SUBJECT_MATTER", "text": "information retrieval", "userDefined": false, "meta": "@SUBJECT_MATTER"}, {"text": "?", "userDefined": false}], "count": 0, "isTemplate": false, "id": "15d7f475-bb1d-44a2-851f-7d6e5271030c"}, {"data": [{"text": "What classes should I select to focus on ", "userDefined": false}, {"alias": "SUBJECT_MATTER", "text": "memory management", "userDefined": false, "meta": "@SUBJECT_MATTER"}, {"text": "?", "userDefined": false}], "count": 0, "isTemplate": false, "id": "394a080b-6fa1-48d6-9c07-b4eccbd688ec"}]