[{"data": [{"text": "Which upper division classes are offered in ", "userDefined": false}, {"alias": "QUARTER", "text": "Summer", "userDefined": false, "meta": "@QUARTER"}, {"text": "?", "userDefined": false}], "count": 0, "isTemplate": false, "id": "bcee7651-324d-416b-a750-287e39f98d1d"}, {"data": [{"text": "Which upper division courses are offered in the ", "userDefined": false}, {"alias": "QUARTER", "text": "Fall", "userDefined": false, "meta": "@QUARTER"}, {"text": "?", "userDefined": false}], "count": 0, "isTemplate": false, "id": "0744e8aa-c0d3-4628-a90f-ce8a325d6d9c"}, {"data": [{"text": "In ", "userDefined": false}, {"alias": "QUARTER", "text": "Autumn", "userDefined": false, "meta": "@QUARTER"}, {"text": ", what upper division classes are offered?", "userDefined": false}], "count": 0, "isTemplate": false, "id": "19d9d55a-e3f1-4801-bb19-2bdec043812c"}, {"data": [{"text": "What upper division classes are offered in ", "userDefined": false}, {"alias": "QUARTER", "text": "Winter", "userDefined": false, "meta": "@QUARTER"}, {"text": " quarter?", "userDefined": false}], "count": 0, "isTemplate": false, "id": "8264eb0e-5b56-4ef5-8e68-e15854a65dde"}, {"data": [{"text": "Which upper division courses are offered in ", "userDefined": false}, {"alias": "QUARTER", "text": "Spring", "userDefined": false, "meta": "@QUARTER"}, {"text": "?", "userDefined": false}], "count": 0, "isTemplate": false, "id": "42fd8e2a-76e8-4c22-8228-0a61048e133f"}]