[{"data": [{"text": "When is ", "userDefined": false}, {"alias": "CLASS_NAME", "text": "special problems", "userDefined": false, "meta": "@CLASS_NAME"}, {"text": " typically offered?", "userDefined": false}], "count": 0, "isTemplate": false, "id": "99b0d357-e4a0-4164-ba20-2bb48d429918"}, {"data": [{"text": "When is ", "userDefined": false}, {"alias": "CLASS_NAME", "text": "CSC 572", "userDefined": false, "meta": "@CLASS_NAME"}, {"text": " offered?", "userDefined": false}], "count": 0, "isTemplate": false, "id": "ecb1f1b8-1108-4fde-9fdb-534dca81edac"}, {"data": [{"text": "When's ", "userDefined": false}, {"alias": "CLASS_NAME", "text": "computer security", "userDefined": false, "meta": "@CLASS_NAME"}, {"text": " offered?", "userDefined": false}], "count": 0, "isTemplate": false, "id": "95cb3f40-47ee-40c7-9fc5-300d56fd5708"}, {"data": [{"text": "What quarter is ", "userDefined": false}, {"alias": "CLASS_NAME", "text": "thesis", "userDefined": false, "meta": "@CLASS_NAME"}, {"text": " offered?", "userDefined": false}], "count": 0, "isTemplate": false, "id": "7feb6df9-5924-4bd6-9a5e-bc9d234aa989"}, {"data": [{"text": "What terms is ", "userDefined": false}, {"alias": "CLASS_NAME", "text": "CSC 560", "userDefined": false, "meta": "@CLASS_NAME"}, {"text": " typically offered?", "userDefined": false}], "count": 0, "isTemplate": false, "id": "67f92707-5860-495d-97d6-4637caaf1483"}]