[{"data": [{"text": "Are ", "userDefined": false}, {"alias": "COURSE_LEVEL", "text": "one hundred", "userDefined": false, "meta": "@COURSE_LEVEL"}, {"text": " classes are offered in ", "userDefined": false}, {"alias": "QUARTER", "text": "Winter", "userDefined": false, "meta": "@QUARTER"}, {"text": "?", "userDefined": false}], "count": 0, "isTemplate": false, "id": "f4710869-2b4e-4c5c-8949-00535555355a"}, {"data": [{"text": "Are ", "userDefined": false}, {"alias": "COURSE_LEVEL", "text": "two hundred", "userDefined": false, "meta": "@COURSE_LEVEL"}, {"text": " courses are offered in the ", "userDefined": false}, {"alias": "QUARTER", "text": "Summer", "userDefined": false, "meta": "@QUARTER"}, {"text": "?", "userDefined": false}], "count": 0, "isTemplate": false, "id": "3a9b21ff-55dd-419e-aa95-06d4c22cd7b0"}, {"data": [{"text": "Are ", "userDefined": false}, {"alias": "COURSE_LEVEL", "text": "100", "userDefined": false, "meta": "@COURSE_LEVEL"}, {"text": " courses are offered in ", "userDefined": false}, {"alias": "QUARTER", "text": "Winter", "userDefined": false, "meta": "@QUARTER"}, {"text": " quarter?", "userDefined": false}], "count": 0, "isTemplate": false, "id": "edfbbac2-8cf2-4afa-8286-b7bacbc5ad28"}, {"data": [{"text": "In ", "userDefined": false}, {"alias": "QUARTER", "text": "Winter", "userDefined": false, "meta": "@QUARTER"}, {"text": " quarter, are ", "userDefined": false}, {"alias": "COURSE_LEVEL", "text": "three hundred", "userDefined": false, "meta": "@COURSE_LEVEL"}, {"text": " classes are offered?", "userDefined": false}], "count": 0, "isTemplate": false, "id": "523acf22-4700-4325-974b-4c7f3dd1eaf8"}, {"data": [{"text": "Are ", "userDefined": false}, {"alias": "COURSE_LEVEL", "text": "100", "userDefined": false, "meta": "@COURSE_LEVEL"}, {"text": " classes are available in ", "userDefined": false}, {"alias": "QUARTER", "text": "Winter", "userDefined": false, "meta": "@QUARTER"}, {"text": "?", "userDefined": false}], "count": 0, "isTemplate": false, "id": "f54c5e48-673f-4189-b5ae-d75e095047d1"}, {"data": [{"text": "Are ", "userDefined": false}, {"alias": "COURSE_LEVEL", "text": "100", "userDefined": false, "meta": "@COURSE_LEVEL"}, {"text": " courses are available in the ", "userDefined": false}, {"alias": "QUARTER", "text": "Fall", "userDefined": false, "meta": "@QUARTER"}, {"text": "?", "userDefined": false}], "count": 0, "isTemplate": false, "id": "c151453d-f87b-4267-a125-6f3d2cccb8aa"}, {"data": [{"text": "Are ", "userDefined": false}, {"alias": "COURSE_LEVEL", "text": "100", "userDefined": false, "meta": "@COURSE_LEVEL"}, {"text": " courses are available in ", "userDefined": false}, {"alias": "QUARTER", "text": "Winter", "userDefined": false, "meta": "@QUARTER"}, {"text": " quarter?", "userDefined": false}], "count": 0, "isTemplate": false, "id": "7bdb23e3-4af3-4ede-8926-84aac5068d50"}, {"data": [{"text": "In ", "userDefined": false}, {"alias": "QUARTER", "text": "Winter", "userDefined": false, "meta": "@QUARTER"}, {"text": " quarter, are ", "userDefined": false}, {"alias": "COURSE_LEVEL", "text": "100", "userDefined": false, "meta": "@COURSE_LEVEL"}, {"text": " classes are available?", "userDefined": false}], "count": 0, "isTemplate": false, "id": "57a05e76-f263-4d09-a313-ea28edc6f2b6"}, {"data": [{"text": "Does ", "userDefined": false}, {"alias": "QUARTER", "text": "Spring", "userDefined": false, "meta": "@QUARTER"}, {"text": " offer any ", "userDefined": false}, {"alias": "COURSE_LEVEL", "text": "100", "userDefined": false, "meta": "@COURSE_LEVEL"}, {"text": " courses?", "userDefined": false}], "count": 0, "isTemplate": false, "id": "3ca15944-c6c8-44c7-a8ca-787a6af94e80"}]