[{"data": [{"text": "Which lower division classes are offered in ", "userDefined": false}, {"alias": "QUARTER", "text": "Winter", "userDefined": false, "meta": "@QUARTER"}, {"text": "?", "userDefined": false}], "count": 0, "isTemplate": false, "id": "d083cead-8109-45d4-aea5-7219838777c4"}, {"data": [{"text": "Which lower division courses are offered in ", "userDefined": false}, {"alias": "QUARTER", "text": "Summer", "userDefined": false, "meta": "@QUARTER"}, {"text": " quarter?", "userDefined": false}], "count": 0, "isTemplate": false, "id": "94a594a7-a382-4825-80ae-4b91c2f27400"}, {"data": [{"text": "Which lower division courses are offered in the ", "userDefined": false}, {"alias": "QUARTER", "text": "Autumn", "userDefined": false, "meta": "@QUARTER"}, {"text": "?", "userDefined": false}], "count": 0, "isTemplate": false, "id": "542a92a4-8de7-4b86-a3fa-a8d16211b7fe"}, {"data": [{"text": "What lower division classes are offered in ", "userDefined": false}, {"alias": "QUARTER", "text": "Winter", "userDefined": false, "meta": "@QUARTER"}, {"text": "?", "userDefined": false}], "count": 0, "isTemplate": false, "id": "b33d165c-a377-49d2-a793-6dc3c3ee425b"}, {"data": [{"text": "What lower division classes are available in the ", "userDefined": false}, {"alias": "QUARTER", "text": "Winter", "userDefined": false, "meta": "@QUARTER"}, {"text": "?", "userDefined": false}], "count": 0, "isTemplate": false, "id": "cf43aa4b-7896-41ed-b95f-6ae6322d0e3d"}, {"data": [{"text": "Which lower division courses are offered in ", "userDefined": false}, {"alias": "QUARTER", "text": "Winter", "userDefined": false, "meta": "@QUARTER"}, {"text": "?", "userDefined": false}], "count": 0, "isTemplate": false, "id": "b70929a3-8612-4c4c-ae30-316438597687"}]