[{"data": [{"text": "What classes can I take in ", "userDefined": false}, {"alias": "QUARTER", "text": "Spring", "userDefined": false, "meta": "@QUARTER"}, {"text": "?", "userDefined": false}], "count": 0, "isTemplate": false, "id": "e22b747c-f86c-4c4d-848f-24f76f7f0fce"}, {"data": [{"text": "What classes are offered during the ", "userDefined": false}, {"alias": "QUARTER", "text": "Spring", "userDefined": false, "meta": "@QUARTER"}, {"text": "?", "userDefined": false}], "count": 0, "isTemplate": false, "id": "4a7c8181-85ff-4629-bc1f-2b484b238cb9"}, {"data": [{"text": "What courses can I take in ", "userDefined": false}, {"alias": "QUARTER", "text": "Fall", "userDefined": false, "meta": "@QUARTER"}, {"text": "?", "userDefined": false}], "count": 0, "isTemplate": false, "id": "c975daa7-d57e-4841-9870-afecc01bd5a1"}, {"data": [{"text": "What courses are offered during the ", "userDefined": false}, {"alias": "QUARTER", "text": "Summer", "userDefined": false, "meta": "@QUARTER"}, {"text": "?", "userDefined": false}], "count": 0, "isTemplate": false, "id": "57a6e4ac-aca9-41c0-8135-14d196bc0dc0"}, {"data": [{"text": "What can I take in ", "userDefined": false}, {"alias": "QUARTER", "text": "Spring", "userDefined": false, "meta": "@QUARTER"}, {"text": "?", "userDefined": false}], "count": 0, "isTemplate": false, "id": "539913de-5b9c-43db-afa1-0846bf650c62"}, {"data": [{"text": "What can I take in the ", "userDefined": false}, {"alias": "QUARTER", "text": "Spring", "userDefined": false, "meta": "@QUARTER"}, {"text": "?", "userDefined": false}], "count": 0, "isTemplate": false, "id": "bf16c9ec-0510-4125-a3cb-ed8089556e55"}, {"data": [{"text": "What can I take during the ", "userDefined": false}, {"alias": "QUARTER", "text": "Fall", "userDefined": false, "meta": "@QUARTER"}, {"text": "?", "userDefined": false}], "count": 0, "isTemplate": false, "id": "da37d5dd-f38f-46aa-bf00-6aee48f47031"}, {"data": [{"text": "Which classes are offered in ", "userDefined": false}, {"alias": "QUARTER", "text": "Spring", "userDefined": false, "meta": "@QUARTER"}, {"text": "?", "userDefined": false}], "count": 0, "isTemplate": false, "id": "37de1e12-dcff-468b-92fb-af379672b697"}]