[{"data": [{"text": "What is the class code for ", "userDefined": false}, {"alias": "CLASS_NAME", "text": "CSC 468", "userDefined": false, "meta": "@CLASS_NAME"}, {"text": "?", "userDefined": false}], "count": 0, "isTemplate": false, "id": "91ab43c1-ff3a-4c5e-9e30-b12ea9d1f0ca"}, {"data": [{"text": "What code does ", "userDefined": false}, {"alias": "CLASS_NAME", "text": "c-and unix", "userDefined": false, "meta": "@CLASS_NAME"}, {"text": " have?", "userDefined": false}], "count": 0, "isTemplate": false, "id": "4e4f74f6-1fe3-4990-ab90-ae3e40d3c8d8"}, {"data": [{"text": "What is ", "userDefined": false}, {"alias": "CLASS_NAME", "text": "CSC 301", "userDefined": false, "meta": "@CLASS_NAME"}, {"text": "'s course code?", "userDefined": false}], "count": 0, "isTemplate": false, "id": "974d0eff-7873-4523-a8d8-e5276b1df131"}, {"data": [{"text": "Which course code is ", "userDefined": false}, {"alias": "CLASS_NAME", "text": "research-in computer science i", "userDefined": false, "meta": "@CLASS_NAME"}, {"text": "?", "userDefined": false}], "count": 0, "isTemplate": false, "id": "d58de45d-664e-4e68-a8bb-901c771af476"}, {"data": [{"text": "What is the course code for ", "userDefined": false}, {"alias": "CLASS_NAME", "text": "CSC 540", "userDefined": false, "meta": "@CLASS_NAME"}, {"text": "?", "userDefined": false}], "count": 0, "isTemplate": false, "id": "0f465028-0d8d-4739-b90b-4503b0f40b14"}]