[{"data": [{"text": "What quarter is ", "userDefined": false}, {"alias": "CLASS_NAME", "text": "personal software process", "userDefined": false, "meta": "@CLASS_NAME"}, {"text": " mostly taken in?", "userDefined": false}], "count": 0, "isTemplate": false, "id": "4fd00120-be28-4196-b7ce-e003be4e5c46"}, {"data": [{"text": "What quarter is ", "userDefined": false}, {"alias": "CLASS_NAME", "text": "CSC 308", "userDefined": false, "meta": "@CLASS_NAME"}, {"text": " taken most frequently in?", "userDefined": false}], "count": 0, "isTemplate": false, "id": "5a1fba0a-85c3-4789-aff1-45bc135360a5"}, {"data": [{"text": "When do students usually take ", "userDefined": false}, {"alias": "CLASS_NAME", "text": "cooperative education experience", "userDefined": false, "meta": "@CLASS_NAME"}, {"text": "?", "userDefined": false}], "count": 0, "isTemplate": false, "id": "a42c0275-2d58-41c8-a056-16ab7b57463a"}, {"data": [{"text": "What is the most common quarter to take ", "userDefined": false}, {"alias": "CLASS_NAME", "text": "languages-and translators", "userDefined": false, "meta": "@CLASS_NAME"}, {"text": "?", "userDefined": false}], "count": 0, "isTemplate": false, "id": "830af691-a1eb-462f-a9af-dd8b0495a90f"}, {"data": [{"text": "When should I take ", "userDefined": false}, {"alias": "CLASS_NAME", "text": "cooperative education experience", "userDefined": false, "meta": "@CLASS_NAME"}, {"text": "?", "userDefined": false}], "count": 0, "isTemplate": false, "id": "0899c11e-3458-4e4c-baee-48c2f3ae8b98"}, {"data": [{"text": "When is most common to take ", "userDefined": false}, {"alias": "CLASS_NAME", "text": "CSC 369", "userDefined": false, "meta": "@CLASS_NAME"}, {"text": "?", "userDefined": false}], "count": 0, "isTemplate": false, "id": "6bf7370d-b9e1-4c36-8817-2702c73fc732"}, {"data": [{"text": "Which quarter should I take ", "userDefined": false}, {"alias": "CLASS_NAME", "text": "topics-in advanced data mining", "userDefined": false, "meta": "@CLASS_NAME"}, {"text": " in?", "userDefined": false}], "count": 0, "isTemplate": false, "id": "4a285d09-47ae-4f2c-beaf-73b88dbf489e"}, {"data": [{"text": "When do most people take ", "userDefined": false}, {"alias": "CLASS_NAME", "text": "CSC 489", "userDefined": false, "meta": "@CLASS_NAME"}, {"text": "?", "userDefined": false}], "count": 0, "isTemplate": false, "id": "9187615c-388c-4fb4-aaa9-4308054e4574"}]