[{"data": [{"text": "Which courses have no prerequisites?", "userDefined": false}], "count": 0, "isTemplate": false, "id": "1008e6d1-3586-40e0-b4b6-a6c294a25e92"}, {"data": [{"text": "Which classes have no prereqs?", "userDefined": false}], "count": 0, "isTemplate": false, "id": "d445e877-7fc9-4a54-a0d8-cf51aa673462"}, {"data": [{"text": "Which classes do not require prerequisites?", "userDefined": false}], "count": 0, "isTemplate": false, "id": "58e17471-65fb-41d3-aaa5-9006011e9d7f"}, {"data": [{"text": "Which classes are there no prerequisites?", "userDefined": false}], "count": 0, "isTemplate": false, "id": "5ed8ab43-b776-44e5-913c-99d53721735e"}, {"data": [{"text": "Which classes have no prerequisites?", "userDefined": false}], "count": 0, "isTemplate": false, "id": "31c75e13-d418-4be0-a62f-af47f1ab327e"}]