[{"data": [{"text": "Which courses have ", "userDefined": false}, {"alias": "CLASS_NAME", "text": "CSC 492", "userDefined": false, "meta": "@CLASS_NAME"}, {"text": " as a prerequisite?", "userDefined": false}], "count": 0, "isTemplate": false, "id": "a1e29b30-531e-40cd-acea-948d31559527"}, {"data": [{"text": "Which classes have ", "userDefined": false}, {"alias": "CLASS_NAME", "text": "operating systems", "userDefined": false, "meta": "@CLASS_NAME"}, {"text": " as a prereq?", "userDefined": false}], "count": 0, "isTemplate": false, "id": "73bfaf9d-b1f9-4caf-acd8-9beeff3627a5"}, {"data": [{"text": "Which classes require ", "userDefined": false}, {"alias": "CLASS_NAME", "text": "CSC 225", "userDefined": false, "meta": "@CLASS_NAME"}, {"text": " as a prereq?", "userDefined": false}], "count": 0, "isTemplate": false, "id": "b16737cb-478e-4c9e-8c0f-6b243d57e50f"}, {"data": [{"text": "Which classes have as a prequisite ", "userDefined": false}, {"alias": "CLASS_NAME", "text": "teaching computing", "userDefined": false, "meta": "@CLASS_NAME"}, {"text": "?", "userDefined": false}], "count": 0, "isTemplate": false, "id": "f7b2ce23-4151-4dae-a061-68f108ea95f9"}, {"data": [{"text": "Which classes have as a preq ", "userDefined": false}, {"alias": "CLASS_NAME", "text": "CSC 410", "userDefined": false, "meta": "@CLASS_NAME"}, {"text": "?", "userDefined": false}], "count": 0, "isTemplate": false, "id": "bca5d65e-7249-40da-b862-7f9f0e22631b"}, {"data": [{"text": "Which classes have ", "userDefined": false}, {"alias": "CLASS_NAME", "text": "CSC 540", "userDefined": false, "meta": "@CLASS_NAME"}, {"text": " as a prerequisite?", "userDefined": false}], "count": 0, "isTemplate": false, "id": "39bee356-464b-48a0-8b0e-f9f03ec3180f"}]