[{"count": 0, "id": "fb8a0e43-944b-4641-9188-1866b633bc0e", "data": [{"text": "Can ", "userDefined": false}, {"meta": "@CLASS_NAME", "alias": "CLASS_NAME", "text": "CSC 357", "userDefined": false}, {"text": " only be taken as credit or no credit?", "userDefined": false}], "isTemplate": false}, {"count": 0, "id": "e66c91f3-a3b9-4a60-b2fd-4d6c3d3a9e05", "data": [{"text": "Can you only take ", "userDefined": false}, {"meta": "@CLASS_NAME", "alias": "CLASS_NAME", "text": "CSC 595", "userDefined": false}, {"text": " as credit or no credit?", "userDefined": false}], "isTemplate": false}, {"count": 0, "id": "3314356a-e95a-4ca4-b5f3-5a4c835208e9", "data": [{"text": "Is ", "userDefined": false}, {"meta": "@CLASS_NAME", "alias": "CLASS_NAME", "text": "CSC 366", "userDefined": false}, {"text": " credit or no credit only?", "userDefined": false}], "isTemplate": false}, {"count": 0, "id": "85a25dea-5674-4686-b3e7-b19c64e2341b", "data": [{"text": "Is ", "userDefined": false}, {"meta": "@CLASS_NAME", "alias": "CLASS_NAME", "text": "topics-in advanced data mining", "userDefined": false}, {"text": " credit or no credit grading only?", "userDefined": false}], "isTemplate": false}, {"count": 0, "id": "9a6da975-b3c8-4db2-96e3-485acc3d1a39", "data": [{"text": "Is ", "userDefined": false}, {"meta": "@CLASS_NAME", "alias": "CLASS_NAME", "text": "CSC 366", "userDefined": false}, {"text": " credit/no credit grading only?", "userDefined": false}], "isTemplate": false}]