[{"count": 0, "id": "eedc3b91-dfe4-4d88-a28a-9be100f01bed", "data": [{"text": "Which courses include ", "userDefined": false}, {"meta": "@SUBJECT_MATTER", "alias": "SUBJECT_MATTER", "text": "ai", "userDefined": false}, {"text": "?", "userDefined": false}], "isTemplate": false}, {"count": 0, "id": "ef8f84d2-bb5a-4045-ab5b-40e55607bf7a", "data": [{"text": "What are classes that include ", "userDefined": false}, {"meta": "@SUBJECT_MATTER", "alias": "SUBJECT_MATTER", "text": "development environment", "userDefined": false}, {"text": "?", "userDefined": false}], "isTemplate": false}, {"count": 0, "id": "1ef6935d-c5f2-4aa1-98a1-26588a8d8ca3", "data": [{"text": "What are some classes that include ", "userDefined": false}, {"meta": "@SUBJECT_MATTER", "alias": "SUBJECT_MATTER", "text": "communication", "userDefined": false}, {"text": "?", "userDefined": false}], "isTemplate": false}, {"count": 0, "id": "9320d493-f809-4983-a7f2-7a17c38f522f", "data": [{"text": "Which classes consist of ", "userDefined": false}, {"meta": "@SUBJECT_MATTER", "alias": "SUBJECT_MATTER", "text": "software design", "userDefined": false}, {"text": "?", "userDefined": false}], "isTemplate": false}, {"count": 0, "id": "79702c83-b391-4fde-8e33-4035c1100c75", "data": [{"text": "Which classes touch on ", "userDefined": false}, {"meta": "@SUBJECT_MATTER", "alias": "SUBJECT_MATTER", "text": "design principle", "userDefined": false}, {"text": "?", "userDefined": false}], "isTemplate": false}, {"count": 0, "id": "70e0ceb4-bb7c-4954-a3a7-da93630f77be", "data": [{"text": "Which classes include ", "userDefined": false}, {"meta": "@SUBJECT_MATTER", "alias": "SUBJECT_MATTER", "text": "perspective", "userDefined": false}, {"text": "?", "userDefined": false}], "isTemplate": false}]