[{"count": 0, "id": "287f1f73-667d-47e8-a6be-695d33fa0627", "data": [{"text": "Which courses are crosslisted in ", "userDefined": false}, {"meta": "@DEPARTMENT_ABBREVIATION", "alias": "DEPARTMENT_ABBREVIATION", "text": "cpe", "userDefined": false}, {"text": "?", "userDefined": false}], "isTemplate": false}, {"count": 0, "id": "9c1e144d-0aae-4e46-9628-1eadee59a50a", "data": [{"text": "What classes are crosslisted in ", "userDefined": false}, {"meta": "@DEPARTMENT_ABBREVIATION", "alias": "DEPARTMENT_ABBREVIATION", "text": "cpe", "userDefined": false}, {"text": "?", "userDefined": false}], "isTemplate": false}, {"count": 0, "id": "f9036a76-5d49-4ade-b421-6bec4a310be0", "data": [{"text": "In ", "userDefined": false}, {"meta": "@DEPARTMENT_ABBREVIATION", "alias": "DEPARTMENT_ABBREVIATION", "text": "cpe", "userDefined": false}, {"text": ", which classes are crosslisted?", "userDefined": false}], "isTemplate": false}, {"count": 0, "id": "270d3259-e9a6-46d4-b8a6-a888a430b786", "data": [{"text": "Which classes can also be found in ", "userDefined": false}, {"meta": "@DEPARTMENT_ABBREVIATION", "alias": "DEPARTMENT_ABBREVIATION", "text": "cpe", "userDefined": false}, {"text": "?", "userDefined": false}], "isTemplate": false}, {"count": 0, "id": "be4bc5d2-dbc4-431d-b9cb-bd319a0e2c21", "data": [{"text": "Which classes are crosslisted in ", "userDefined": false}, {"meta": "@DEPARTMENT_ABBREVIATION", "alias": "DEPARTMENT_ABBREVIATION", "text": "CSC", "userDefined": false}, {"text": "?", "userDefined": false}], "isTemplate": false}]