[{"count": 0, "id": "5b80a8b9-9da5-4b67-9bca-1d8f15167a4d", "data": [{"text": "Which courses are crosslisted in another department?", "userDefined": false}], "isTemplate": false}, {"count": 0, "id": "42e39373-504f-4580-9617-001cf62e51ca", "data": [{"text": "What classes are also listed in another department?", "userDefined": false}], "isTemplate": false}, {"count": 0, "id": "39ea2cbe-9dbd-498d-9aaa-b1ff2da0ad62", "data": [{"text": "Which class listings can also be found in another department?", "userDefined": false}], "isTemplate": false}, {"count": 0, "id": "f7b6c068-e338-4104-a97c-9866fddd6003", "data": [{"text": "Which classes are crosslisted under another department?", "userDefined": false}], "isTemplate": false}, {"count": 0, "id": "db61193b-1c46-4874-81a5-77d0cc71e97d", "data": [{"text": "Which classes are crosslisted in another department?", "userDefined": false}], "isTemplate": false}]