[{"count": 0, "id": "b4e86414-0ea9-4f87-b331-6712f0610e40", "data": [{"text": "What are prerequisites for taking ", "userDefined": false}, {"meta": "@CLASS_NAME", "alias": "CLASS_NAME", "text": "scientific-and information visualization", "userDefined": false}, {"text": "?", "userDefined": false}], "isTemplate": false}, {"count": 0, "id": "ad5bb647-c8d2-4fb2-92d3-ec16e8d01ad9", "data": [{"text": "What are some prereqs for ", "userDefined": false}, {"meta": "@CLASS_NAME", "alias": "CLASS_NAME", "text": "current topics-in computer graphics", "userDefined": false}, {"text": "?", "userDefined": false}], "isTemplate": false}, {"count": 0, "id": "a3bdff77-4eb6-4e45-a9d4-63e734dceb88", "data": [{"text": "What are the prerequisites to take ", "userDefined": false}, {"meta": "@CLASS_NAME", "alias": "CLASS_NAME", "text": "introduction-to mixed reality", "userDefined": false}, {"text": "?", "userDefined": false}], "isTemplate": false}, {"count": 0, "id": "4ecf5eee-c306-468c-bdf5-fa0a37964b51", "data": [{"text": "What are the prereqs to take ", "userDefined": false}, {"meta": "@CLASS_NAME", "alias": "CLASS_NAME", "text": "directed study", "userDefined": false}, {"text": "?", "userDefined": false}], "isTemplate": false}, {"count": 0, "id": "790e5c29-549b-485a-ba90-d3e42a81401e", "data": [{"text": "What are the prerequisites for ", "userDefined": false}, {"meta": "@CLASS_NAME", "alias": "CLASS_NAME", "text": "artificial intelligence", "userDefined": false}, {"text": "?", "userDefined": false}], "isTemplate": false}]