[{"count": 0, "id": "2cd71584-0fa0-4b46-9a9a-a5ca0c194e42", "data": [{"text": "Is ", "userDefined": false}, {"meta": "@CLASS_NAME", "alias": "CLASS_NAME", "text": "CSC 430", "userDefined": false}, {"text": " lecture only?", "userDefined": false}], "isTemplate": false}, {"count": 0, "id": "291cdadb-f940-4448-b943-0faae0f202e1", "data": [{"text": "Does ", "userDefined": false}, {"meta": "@CLASS_NAME", "alias": "CLASS_NAME", "text": "CSC 530", "userDefined": false}, {"text": " have a lab section?", "userDefined": false}], "isTemplate": false}]