[{"count": 0, "id": "f885854b-a11d-4a69-aa6f-d9cfc85731e1", "data": [{"text": "Which courses are credit/no credit grading only?", "userDefined": false}], "isTemplate": false}, {"count": 0, "id": "74443ee2-be95-4b16-865b-ae1aa55f9ea7", "data": [{"text": "Which classes are credit or no credit grading only?", "userDefined": false}], "isTemplate": false}, {"count": 0, "id": "b7c97b4c-cdfa-4db3-9a6b-77197aaa9eb0", "data": [{"text": "Which classes can only be taken credit or no credit?", "userDefined": false}], "isTemplate": false}, {"count": 0, "id": "4b4cda2a-4996-4c8a-ab24-418610fd62cc", "data": [{"text": "What are classes that can only be taken credit or no credit?", "userDefined": false}], "isTemplate": false}, {"count": 0, "id": "95b86d89-b4b2-4ae3-a599-b2bdf4ab5c11", "data": [{"text": "What are credit or no credit only classes?", "userDefined": false}], "isTemplate": false}, {"count": 0, "id": "1749b16e-75a4-4cdd-add4-81f073373495", "data": [{"text": "What are credit or no credit only courses?", "userDefined": false}], "isTemplate": false}, {"count": 0, "id": "9b8c9e1f-22f9-4a29-9799-369500f4ef9f", "data": [{"text": "Which classes are credit/no credit grading only?", "userDefined": false}], "isTemplate": false}]