[{"count": 0, "id": "b925bb2d-2cfc-4581-9f71-1cf7009ebd46", "data": [{"text": "Would ", "userDefined": false}, {"meta": "@CLASS_NAME", "alias": "CLASS_NAME", "text": "user-centered interface design-and development", "userDefined": false}, {"text": " include ", "userDefined": false}, {"meta": "@SUBJECT_MATTER", "alias": "SUBJECT_MATTER", "text": "recent", "userDefined": false}, {"text": "?", "userDefined": false}], "isTemplate": false}, {"count": 0, "id": "fde749b5-bc59-4056-a3fb-56b91e4c0b37", "data": [{"text": "Does ", "userDefined": false}, {"meta": "@CLASS_NAME", "alias": "CLASS_NAME", "text": "CSC 202", "userDefined": false}, {"text": " consist of ", "userDefined": false}, {"meta": "@SUBJECT_MATTER", "alias": "SUBJECT_MATTER", "text": "modern world", "userDefined": false}, {"text": "?", "userDefined": false}], "isTemplate": false}, {"count": 0, "id": "c8412dea-a02e-4b9d-892a-50cad11fbf52", "data": [{"text": "Is ", "userDefined": false}, {"meta": "@SUBJECT_MATTER", "alias": "SUBJECT_MATTER", "text": "language processing", "userDefined": false}, {"text": " included in ", "userDefined": false}, {"meta": "@CLASS_NAME", "alias": "CLASS_NAME", "text": "individual software design-and development", "userDefined": false}, {"text": "?", "userDefined": false}], "isTemplate": false}, {"count": 0, "id": "596f38f2-8a60-46ba-95ea-22b37f4370e6", "data": [{"text": "Is ", "userDefined": false}, {"meta": "@SUBJECT_MATTER", "alias": "SUBJECT_MATTER", "text": "malware", "userDefined": false}, {"text": "? taught in ", "userDefined": false}, {"meta": "@CLASS_NAME", "alias": "CLASS_NAME", "text": "CSC 235", "userDefined": false}, {"text": "?", "userDefined": false}], "isTemplate": false}, {"count": 0, "id": "f2929006-deb2-49fe-bd53-07b6adac51ec", "data": [{"text": "Does ", "userDefined": false}, {"meta": "@CLASS_NAME", "alias": "CLASS_NAME", "text": "current topics-in software engineering", "userDefined": false}, {"text": " include ", "userDefined": false}, {"meta": "@SUBJECT_MATTER", "alias": "SUBJECT_MATTER", "text": "program", "userDefined": false}, {"text": "?", "userDefined": false}], "isTemplate": false}]