[{"count": 0, "id": "a61a3f96-555d-4c5c-99a5-9fcdd4971db9", "data": [{"text": "Can I fulfill my ", "userDefined": false}, {"meta": "@GE_AREA", "alias": "GE_AREA", "text": "c4", "userDefined": false}, {"text": " with ", "userDefined": false}, {"meta": "@CLASS_NAME", "alias": "CLASS_NAME", "text": "CSC 483", "userDefined": false}, {"text": "?", "userDefined": false}], "isTemplate": false}, {"count": 0, "id": "8966a1c4-ca2a-4ee7-9c68-4a990d627901", "data": [{"text": "Can I get credits for GE Area ", "userDefined": false}, {"meta": "@GE_AREA", "alias": "GE_AREA", "text": "B3", "userDefined": false}, {"text": " with ", "userDefined": false}, {"meta": "@CLASS_NAME", "alias": "CLASS_NAME", "text": "CSC 232", "userDefined": false}, {"text": "?", "userDefined": false}], "isTemplate": false}, {"count": 0, "id": "938c9fe9-4c23-449c-8bd8-96b4552f4ac4", "data": [{"text": "Can I get credits for ", "userDefined": false}, {"meta": "@GE_AREA", "alias": "GE_AREA", "text": "b4", "userDefined": false}, {"text": " with ", "userDefined": false}, {"meta": "@CLASS_NAME", "alias": "CLASS_NAME", "text": "music programming", "userDefined": false}, {"text": "?", "userDefined": false}], "isTemplate": false}, {"count": 0, "id": "99f512eb-5940-4c23-b425-20b5366aa456", "data": [{"text": "Is it possible to get credits for GE Area ", "userDefined": false}, {"meta": "@GE_AREA", "alias": "GE_AREA", "text": "c2", "userDefined": false}, {"text": " with ", "userDefined": false}, {"meta": "@CLASS_NAME", "alias": "CLASS_NAME", "text": "CSC 498", "userDefined": false}, {"text": "?", "userDefined": false}], "isTemplate": false}, {"count": 0, "id": "c47f8061-85fb-49dc-82d2-4c8d0edf785b", "data": [{"text": "Does ", "userDefined": false}, {"meta": "@CLASS_NAME", "alias": "CLASS_NAME", "text": "compiler construction", "userDefined": false}, {"text": " fulfill GE Area ", "userDefined": false}, {"meta": "@GE_AREA", "alias": "GE_AREA", "text": "D4", "userDefined": false}, {"text": "?", "userDefined": false}], "isTemplate": false}]