[{"count": 0, "id": "45736237-3838-4b03-b043-70744b6588e1", "data": [{"text": "What is the class title for ", "userDefined": false}, {"meta": "@CLASS_NAME", "alias": "CLASS_NAME", "text": "CSC 321", "userDefined": false}, {"text": "?", "userDefined": false}], "isTemplate": false}, {"count": 0, "id": "f939cd78-0404-4a22-bad4-9dbf603f8e64", "data": [{"text": "What class title is given to ", "userDefined": false}, {"meta": "@CLASS_NAME", "alias": "CLASS_NAME", "text": "knowledge discovery-from data", "userDefined": false}, {"text": "?", "userDefined": false}], "isTemplate": false}, {"count": 0, "id": "7ec503fa-1404-4285-a07d-b3d786c3be30", "data": [{"text": "What class title is ", "userDefined": false}, {"meta": "@CLASS_NAME", "alias": "CLASS_NAME", "text": "human-computer interaction theory-and design", "userDefined": false}, {"text": " listed as?", "userDefined": false}], "isTemplate": false}, {"count": 0, "id": "739353c8-cd03-4053-9361-b83f14e27f1d", "data": [{"text": "Which course title is ", "userDefined": false}, {"meta": "@CLASS_NAME", "alias": "CLASS_NAME", "text": "CSC 311", "userDefined": false}, {"text": "?", "userDefined": false}], "isTemplate": false}, {"count": 0, "id": "171828aa-ee65-44f4-b966-27cfdfa1f7d8", "data": [{"text": "What is ", "userDefined": false}, {"meta": "@CLASS_NAME", "alias": "CLASS_NAME", "text": "fundamentals-of computer science-for scientists-and engineers i", "userDefined": false}, {"text": " called?", "userDefined": false}], "isTemplate": false}, {"count": 0, "id": "b4cb2658-4582-4289-a788-c3bf51c8c716", "data": [{"text": "What is ", "userDefined": false}, {"meta": "@CLASS_NAME", "alias": "CLASS_NAME", "text": "CSC 445", "userDefined": false}, {"text": "'s name?", "userDefined": false}], "isTemplate": false}, {"count": 0, "id": "867da090-0922-478a-b367-a173c3641907", "data": [{"text": "What name does ", "userDefined": false}, {"meta": "@CLASS_NAME", "alias": "CLASS_NAME", "text": "CSC 484", "userDefined": false}, {"text": " have?", "userDefined": false}], "isTemplate": false}, {"count": 0, "id": "b06c9de8-413e-4087-a0dd-0aac178c2701", "data": [{"text": "What class name is ", "userDefined": false}, {"meta": "@CLASS_NAME", "alias": "CLASS_NAME", "text": "introduction-to object oriented design using graphical user interfaces", "userDefined": false}, {"text": "?", "userDefined": false}], "isTemplate": false}, {"count": 0, "id": "716b8724-c554-4e18-8762-9c842a1361bd", "data": [{"text": "What is another name for ", "userDefined": false}, {"meta": "@CLASS_NAME", "alias": "CLASS_NAME", "text": "CSC 498", "userDefined": false}, {"text": "?", "userDefined": false}], "isTemplate": false}, {"count": 0, "id": "5d821de8-cc7a-4764-8d5c-2bc6c04bfd47", "data": [{"text": "What name do people also call ", "userDefined": false}, {"meta": "@CLASS_NAME", "alias": "CLASS_NAME", "text": "CSC 366", "userDefined": false}, {"text": "?", "userDefined": false}], "isTemplate": false}, {"count": 0, "id": "3c82a4b3-663f-44be-8734-acdc717fd2b7", "data": [{"text": "What is ", "userDefined": false}, {"meta": "@CLASS_NAME", "alias": "CLASS_NAME", "text": "design-and analysis-of algorithms", "userDefined": false}, {"text": " also named as?", "userDefined": false}], "isTemplate": false}, {"count": 0, "id": "844c1821-3fcd-457f-8231-310692776222", "data": [{"text": "What is ", "userDefined": false}, {"meta": "@CLASS_NAME", "alias": "CLASS_NAME", "text": "CSC 203", "userDefined": false}, {"text": " also called?", "userDefined": false}], "isTemplate": false}, {"count": 0, "id": "d478ce60-b88c-4979-860d-b66ee9432b28", "data": [{"text": "What name is also given to ", "userDefined": false}, {"meta": "@CLASS_NAME", "alias": "CLASS_NAME", "text": "CSC 448", "userDefined": false}, {"text": "?", "userDefined": false}], "isTemplate": false}, {"count": 0, "id": "7260f0b6-cbae-465b-b849-f5b9b8f6c293", "data": [{"text": "What is the course title for ", "userDefined": false}, {"meta": "@CLASS_NAME", "alias": "CLASS_NAME", "text": "CSC 480", "userDefined": false}, {"text": "?", "userDefined": false}], "isTemplate": false}]