[{"count": 0, "id": "0fec9732-a8e7-41c3-b53c-091fd3f7c7a2", "data": [{"text": "What courses should I take with ", "userDefined": false}, {"meta": "@CLASS_NAME", "alias": "CLASS_NAME", "text": "discrete structures", "userDefined": false}, {"text": "?", "userDefined": false}], "isTemplate": false}, {"count": 0, "id": "8bf834f2-565c-4b2a-9938-3388b94734b8", "data": [{"text": "What are good classes that I should take with ", "userDefined": false}, {"meta": "@CLASS_NAME", "alias": "CLASS_NAME", "text": "CSC 203", "userDefined": false}, {"text": "?", "userDefined": false}], "isTemplate": false}, {"count": 0, "id": "e3bc246d-fdbc-4e34-923c-af6a956bd013", "data": [{"text": "What classes would people recommend taking ", "userDefined": false}, {"meta": "@CLASS_NAME", "alias": "CLASS_NAME", "text": "CSC 424", "userDefined": false}, {"text": " with?", "userDefined": false}], "isTemplate": false}, {"count": 0, "id": "ccad4a09-b09b-4775-a7a9-7c033d0b6538", "data": [{"text": "Which classes would students recommend taking ", "userDefined": false}, {"meta": "@CLASS_NAME", "alias": "CLASS_NAME", "text": "research senior project i", "userDefined": false}, {"text": " alongside?", "userDefined": false}], "isTemplate": false}, {"count": 0, "id": "c83f2e08-c8b0-4141-a2a3-8c56879e26fa", "data": [{"text": "Which courses would be good for me to take with ", "userDefined": false}, {"meta": "@CLASS_NAME", "alias": "CLASS_NAME", "text": "professional responsibilities", "userDefined": false}, {"text": "?", "userDefined": false}], "isTemplate": false}, {"count": 0, "id": "c4587e84-e910-4f40-ba07-b8830787e438", "data": [{"text": "What classes should I take with ", "userDefined": false}, {"meta": "@CLASS_NAME", "alias": "CLASS_NAME", "text": "CSC 310", "userDefined": false}, {"text": "?", "userDefined": false}], "isTemplate": false}]