[{"count": 0, "id": "2eedde6a-5fc9-4f41-989e-99ea6b34bb72", "data": [{"text": "What classes are only offered in the ", "userDefined": false}, {"meta": "@QUARTER", "alias": "QUARTER", "text": "Fall", "userDefined": false}, {"text": "?", "userDefined": false}], "isTemplate": false}, {"count": 0, "id": "92969a63-1c90-4758-ad1e-40fd351f418c", "data": [{"text": "Which classes are only taught during the ", "userDefined": false}, {"meta": "@QUARTER", "alias": "QUARTER", "text": "Fall", "userDefined": false}, {"text": "?", "userDefined": false}], "isTemplate": false}, {"count": 0, "id": "14485bf9-4e7a-4a77-9f16-42ef74336ac9", "data": [{"text": "Which courses are only taught in the ", "userDefined": false}, {"meta": "@QUARTER", "alias": "QUARTER", "text": "Spring", "userDefined": false}, {"text": "?", "userDefined": false}], "isTemplate": false}, {"count": 0, "id": "df45f699-7e10-4193-ad2b-58f781924a7d", "data": [{"text": "Which classes are only taught during ", "userDefined": false}, {"meta": "@QUARTER", "alias": "QUARTER", "text": "Winter", "userDefined": false}, {"text": " quarter?", "userDefined": false}], "isTemplate": false}, {"count": 0, "id": "3eaf9afe-0054-4fa6-9ca0-71cda282644b", "data": [{"text": "Which courses are only taught in ", "userDefined": false}, {"meta": "@QUARTER", "alias": "QUARTER", "text": "Summer", "userDefined": false}, {"text": "?", "userDefined": false}], "isTemplate": false}, {"count": 0, "id": "4601e8e7-fb16-4c82-b7c3-c1a6f6aa5d61", "data": [{"text": "What courses are only offered in the ", "userDefined": false}, {"meta": "@QUARTER", "alias": "QUARTER", "text": "Spring", "userDefined": false}, {"text": "?", "userDefined": false}], "isTemplate": false}, {"count": 0, "id": "ff58126b-f57a-4811-af08-de2c20c21dbb", "data": [{"text": "Which courses are only taught during the ", "userDefined": false}, {"meta": "@QUARTER", "alias": "QUARTER", "text": "Winter", "userDefined": false}, {"text": "?", "userDefined": false}], "isTemplate": false}, {"count": 0, "id": "79140a37-a29f-4a2d-8b7b-ae3fe2cb5724", "data": [{"text": "Which classes are only taught in the ", "userDefined": false}, {"meta": "@QUARTER", "alias": "QUARTER", "text": "Spring", "userDefined": false}, {"text": "?", "userDefined": false}], "isTemplate": false}]