[{"count": 0, "id": "9f5cd021-4fc9-4000-868e-b459327a215f", "data": [{"text": "Which courses require ", "userDefined": false}, {"meta": "@CLASS_QUALIFICATION", "alias": "CLASS_QUALIFICATION", "text": "freshman", "userDefined": false}, {"text": " standing?", "userDefined": false}], "isTemplate": false}, {"count": 0, "id": "f72a4235-5222-4aea-9dad-ed0389d03433", "data": [{"text": "Which classes require me to be a ", "userDefined": false}, {"meta": "@CLASS_QUALIFICATION", "alias": "CLASS_QUALIFICATION", "text": "senior", "userDefined": false}, {"text": "?", "userDefined": false}], "isTemplate": false}, {"count": 0, "id": "2baa5d8f-cb63-4d46-a044-b97866824073", "data": [{"text": "Which courses do I need to be a ", "userDefined": false}, {"meta": "@CLASS_QUALIFICATION", "alias": "CLASS_QUALIFICATION", "text": "junior", "userDefined": false}, {"text": " to take?", "userDefined": false}], "isTemplate": false}, {"count": 0, "id": "bc9cac68-b177-4537-8d02-06f057e3eaae", "data": [{"text": "Which classes need ", "userDefined": false}, {"meta": "@CLASS_QUALIFICATION", "alias": "CLASS_QUALIFICATION", "text": "freshman", "userDefined": false}, {"text": " standing?", "userDefined": false}], "isTemplate": false}, {"count": 0, "id": "aeeda470-d294-4a9a-acef-d295c96879d1", "data": [{"text": "Which classes need ", "userDefined": false}, {"meta": "@CLASS_QUALIFICATION", "alias": "CLASS_QUALIFICATION", "text": "senior", "userDefined": false}, {"text": " in order to take them?", "userDefined": false}], "isTemplate": false}, {"count": 0, "id": "18c4d9ff-8d7e-4771-b1cf-e90c5816f83b", "data": [{"text": "Which classes require ", "userDefined": false}, {"meta": "@CLASS_QUALIFICATION", "alias": "CLASS_QUALIFICATION", "text": "senior", "userDefined": false}, {"text": " standing?", "userDefined": false}], "isTemplate": false}]