[{"count": 0, "id": "fd47cf89-3f9a-4b57-af03-a43c93717344", "data": [{"text": "Is ", "userDefined": false}, {"meta": "@CLASS_NAME", "alias": "CLASS_NAME", "text": "CSC 530", "userDefined": false}, {"text": " a ", "userDefined": false}, {"meta": "@sys.number", "alias": "number", "text": "three", "userDefined": false}, {"text": " unit class?", "userDefined": false}], "isTemplate": false}, {"count": 0, "id": "37697239-92d0-4d1c-a1b0-689787a30ffb", "data": [{"text": "Does ", "userDefined": false}, {"meta": "@CLASS_NAME", "alias": "CLASS_NAME", "text": "software engineering i", "userDefined": false}, {"text": " count for ", "userDefined": false}, {"meta": "@sys.number", "alias": "number", "text": "two", "userDefined": false}, {"text": " units?", "userDefined": false}], "isTemplate": false}, {"count": 0, "id": "6903974c-23d2-41d2-b519-b8bdcaadf3ca", "data": [{"text": "Does ", "userDefined": false}, {"meta": "@CLASS_NAME", "alias": "CLASS_NAME", "text": "CSC 305", "userDefined": false}, {"text": " count for ", "userDefined": false}, {"meta": "@sys.number", "alias": "number", "text": "four", "userDefined": false}, {"text": " credits?", "userDefined": false}], "isTemplate": false}, {"count": 0, "id": "5e6cdbaa-bce3-464a-8f2f-95363f26898b", "data": [{"text": "Is ", "userDefined": false}, {"meta": "@CLASS_NAME", "alias": "CLASS_NAME", "text": "introduction-to computer graphics", "userDefined": false}, {"text": " a ", "userDefined": false}, {"meta": "@sys.number", "alias": "number", "text": "one", "userDefined": false}, {"text": " credit course?", "userDefined": false}], "isTemplate": false}, {"count": 0, "id": "e18068c1-5a7f-4b87-baf8-b50ebfabaa6c", "data": [{"text": "Is ", "userDefined": false}, {"meta": "@CLASS_NAME", "alias": "CLASS_NAME", "text": "CSC 478", "userDefined": false}, {"text": " a ", "userDefined": false}, {"meta": "@sys.number", "alias": "number", "text": "3", "userDefined": false}, {"text": " unit course?", "userDefined": false}], "isTemplate": false}]