[{"count": 0, "id": "ac5e4f98-73ce-4a4a-9511-3ec54efcfc83", "data": [{"text": "Which courses are ", "userDefined": false}, {"meta": "@sys.number", "alias": "number", "text": "1", "userDefined": false}, {"text": " units?", "userDefined": false}], "isTemplate": false}, {"count": 0, "id": "5d90b99f-fcba-4249-88b1-de558696e48c", "data": [{"text": "Which classes count for ", "userDefined": false}, {"meta": "@sys.number", "alias": "number", "text": "1", "userDefined": false}, {"text": " units?", "userDefined": false}], "isTemplate": false}, {"count": 0, "id": "bec185a1-4b0d-4618-96c5-c87f6c9312b0", "data": [{"text": "Which classes are worth ", "userDefined": false}, {"meta": "@sys.number", "alias": "number", "text": "four", "userDefined": false}, {"text": " units?", "userDefined": false}], "isTemplate": false}, {"count": 0, "id": "1759c22b-7993-4a68-8b99-14154e131f68", "data": [{"text": "What are all ", "userDefined": false}, {"meta": "@sys.number", "alias": "number", "text": "two", "userDefined": false}, {"text": " unit classes?", "userDefined": false}], "isTemplate": false}, {"count": 0, "id": "38126c8e-48f0-4700-95f7-f995347bf457", "data": [{"text": "Which classes are ", "userDefined": false}, {"meta": "@sys.number", "alias": "number", "text": "1", "userDefined": false}, {"text": " units?", "userDefined": false}], "isTemplate": false}]