[{"count": 0, "id": "58f7f07c-9442-4cf6-abfb-b5a6c86d3eef", "data": [{"text": "Which courses fulfill GE Area ", "userDefined": false}, {"meta": "@GE_AREA", "alias": "GE_AREA", "text": "b1", "userDefined": false}, {"text": "?", "userDefined": false}], "isTemplate": false}, {"count": 0, "id": "865d223d-af3c-4131-be31-5dbc2b8e7332", "data": [{"text": "Which classes can I fulfill my ", "userDefined": false}, {"meta": "@GE_AREA", "alias": "GE_AREA", "text": "c1", "userDefined": false}, {"text": " with?", "userDefined": false}], "isTemplate": false}, {"count": 0, "id": "c807520f-ad72-4119-be65-12bccdda02a2", "data": [{"text": "Which classes can I get credits for GE Area ", "userDefined": false}, {"meta": "@GE_AREA", "alias": "GE_AREA", "text": "C3", "userDefined": false}, {"text": " with?", "userDefined": false}], "isTemplate": false}, {"count": 0, "id": "61970f66-5b83-4e58-964a-296c9f17e7ee", "data": [{"text": "Which classes give me credits for ", "userDefined": false}, {"meta": "@GE_AREA", "alias": "GE_AREA", "text": "C2", "userDefined": false}, {"text": "?", "userDefined": false}], "isTemplate": false}, {"count": 0, "id": "fb0fa3cb-b037-4e7c-9b2d-16f3e37a906d", "data": [{"text": "Which classes are possible to get credits for GE Area ", "userDefined": false}, {"meta": "@GE_AREA", "alias": "GE_AREA", "text": "a4", "userDefined": false}, {"text": "?", "userDefined": false}], "isTemplate": false}, {"count": 0, "id": "c2fd2b23-7088-4d28-9047-9dc1e1ea8476", "data": [{"text": "Which classes fulfill GE Area ", "userDefined": false}, {"meta": "@GE_AREA", "alias": "GE_AREA", "text": "b1", "userDefined": false}, {"text": "?", "userDefined": false}], "isTemplate": false}]