[{"count": 0, "id": "98a47b86-f76b-4090-b1cd-658901924956", "data": [{"text": "Does ", "userDefined": false}, {"meta": "@CLASS_NAME", "alias": "CLASS_NAME", "text": "CSC 308", "userDefined": false}, {"text": " have an upper division prerequisite?", "userDefined": false}], "isTemplate": false}, {"count": 0, "id": "cdfe3a5c-0bc6-4a3c-ac34-ff872a682ce2", "data": [{"text": "Is there an upper division prerequisite for ", "userDefined": false}, {"meta": "@CLASS_NAME", "alias": "CLASS_NAME", "text": "CSC 597", "userDefined": false}, {"text": "?", "userDefined": false}], "isTemplate": false}, {"count": 0, "id": "a39fb4c1-3932-49a9-955f-b1c3a5a62fa1", "data": [{"text": "Are there upper division prerequisites for ", "userDefined": false}, {"meta": "@CLASS_NAME", "alias": "CLASS_NAME", "text": "computational art", "userDefined": false}, {"text": "?", "userDefined": false}], "isTemplate": false}, {"count": 0, "id": "6dad5de0-7c24-4301-bc3a-281d0cdab8ba", "data": [{"text": "Does ", "userDefined": false}, {"meta": "@CLASS_NAME", "alias": "CLASS_NAME", "text": "CSC 349", "userDefined": false}, {"text": " have an upper division prereq?", "userDefined": false}], "isTemplate": false}, {"count": 0, "id": "eb04bda9-89f2-42ab-b46d-1689da6a53e6", "data": [{"text": "Is there an upper division prereq for ", "userDefined": false}, {"meta": "@CLASS_NAME", "alias": "CLASS_NAME", "text": "CSC 349", "userDefined": false}, {"text": "?", "userDefined": false}], "isTemplate": false}, {"count": 0, "id": "4bff84c5-e93b-4edd-bedf-2869ac65e9c5", "data": [{"text": "Are there upper division prereqs for ", "userDefined": false}, {"meta": "@CLASS_NAME", "alias": "CLASS_NAME", "text": "CSC 309", "userDefined": false}, {"text": "?", "userDefined": false}], "isTemplate": false}, {"count": 0, "id": "4b0dd68d-cf3a-4570-981b-03e199c1755c", "data": [{"text": "Does ", "userDefined": false}, {"meta": "@CLASS_NAME", "alias": "CLASS_NAME", "text": "computer architecture", "userDefined": false}, {"text": " have an upper divisional prerequisite?", "userDefined": false}], "isTemplate": false}]