[{"count": 0, "id": "f4127b7d-cd93-4a9b-8adc-536895f739b1", "data": [{"text": "Do I need ", "userDefined": false}, {"meta": "@CLASS_QUALIFICATION", "alias": "CLASS_QUALIFICATION", "text": "junior", "userDefined": false}, {"text": " standing to take ", "userDefined": false}, {"meta": "@CLASS_NAME", "alias": "CLASS_NAME", "text": "music programming", "userDefined": false}, {"text": "?", "userDefined": false}], "isTemplate": false}, {"count": 0, "id": "b72c6f9d-4ce8-46a6-a610-a44b17cb02ff", "data": [{"text": "Is ", "userDefined": false}, {"meta": "@CLASS_QUALIFICATION", "alias": "CLASS_QUALIFICATION", "text": "freshman", "userDefined": false}, {"text": " required to take ", "userDefined": false}, {"meta": "@CLASS_NAME", "alias": "CLASS_NAME", "text": "real-time-3d computer graphics software", "userDefined": false}, {"text": "?", "userDefined": false}], "isTemplate": false}, {"count": 0, "id": "d5d40d89-4547-4548-a4cb-dc4203c4feb1", "data": [{"text": "Is ", "userDefined": false}, {"meta": "@CLASS_QUALIFICATION", "alias": "CLASS_QUALIFICATION", "text": "junior", "userDefined": false}, {"text": " needed to take ", "userDefined": false}, {"meta": "@CLASS_NAME", "alias": "CLASS_NAME", "text": "CSC 500", "userDefined": false}, {"text": "?", "userDefined": false}], "isTemplate": false}, {"count": 0, "id": "6f28cbaf-d7c3-4365-a3e6-392fa8673e48", "data": [{"text": "Is ", "userDefined": false}, {"meta": "@CLASS_QUALIFICATION", "alias": "CLASS_QUALIFICATION", "text": "junior", "userDefined": false}, {"text": " necessary to take ", "userDefined": false}, {"meta": "@CLASS_NAME", "alias": "CLASS_NAME", "text": "CSC 320", "userDefined": false}, {"text": "?", "userDefined": false}], "isTemplate": false}, {"count": 0, "id": "c839e1ea-26fd-4194-a0b5-cda4db7eb484", "data": [{"text": "Does ", "userDefined": false}, {"meta": "@CLASS_NAME", "alias": "CLASS_NAME", "text": "computational linguistics", "userDefined": false}, {"text": " need ", "userDefined": false}, {"meta": "@CLASS_QUALIFICATION", "alias": "CLASS_QUALIFICATION", "text": "freshman", "userDefined": false}, {"text": " standing?", "userDefined": false}], "isTemplate": false}, {"count": 0, "id": "d7ab40e4-8852-4aca-bc8e-a3ad2034a3fc", "data": [{"text": "Do I need to be a ", "userDefined": false}, {"meta": "@CLASS_QUALIFICATION", "alias": "CLASS_QUALIFICATION", "text": "senior", "userDefined": false}, {"text": " to take ", "userDefined": false}, {"meta": "@CLASS_NAME", "alias": "CLASS_NAME", "text": "CSC 469", "userDefined": false}, {"text": "?", "userDefined": false}], "isTemplate": false}, {"count": 0, "id": "f7841a7e-52c9-4515-9f0b-26471f641724", "data": [{"text": "Am I required to be a ", "userDefined": false}, {"meta": "@CLASS_QUALIFICATION", "alias": "CLASS_QUALIFICATION", "text": "junior", "userDefined": false}, {"text": " to take ", "userDefined": false}, {"meta": "@CLASS_NAME", "alias": "CLASS_NAME", "text": "CSC 477", "userDefined": false}, {"text": "?", "userDefined": false}], "isTemplate": false}, {"count": 0, "id": "a52e6b10-772d-4c89-a03e-0f60007aad29", "data": [{"text": "Does ", "userDefined": false}, {"meta": "@CLASS_NAME", "alias": "CLASS_NAME", "text": "software security", "userDefined": false}, {"text": " require me to be a ", "userDefined": false}, {"meta": "@CLASS_QUALIFICATION", "alias": "CLASS_QUALIFICATION", "text": "junior", "userDefined": false}, {"text": "?", "userDefined": false}], "isTemplate": false}, {"count": 0, "id": "ca6ba723-e8ac-4518-bc04-dfefb1912b29", "data": [{"text": "Does ", "userDefined": false}, {"meta": "@CLASS_NAME", "alias": "CLASS_NAME", "text": "CSC 572", "userDefined": false}, {"text": " require ", "userDefined": false}, {"meta": "@CLASS_QUALIFICATION", "alias": "CLASS_QUALIFICATION", "text": "junior", "userDefined": false}, {"text": " standing?", "userDefined": false}], "isTemplate": false}]