[{"count": 0, "id": "58f12961-0c0b-4a8d-87c6-03fef0492314", "data": [{"text": "Can I find ", "userDefined": false}, {"meta": "@CLASS_NAME", "alias": "CLASS_NAME", "text": "research-in computer science ii", "userDefined": false}, {"text": " listed in another department?", "userDefined": false}], "isTemplate": false}, {"count": 0, "id": "a12bd892-f2fa-4022-973c-1ce2a1087ae6", "data": [{"text": "Is there another department listing of ", "userDefined": false}, {"meta": "@CLASS_NAME", "alias": "CLASS_NAME", "text": "CSC 569", "userDefined": false}, {"text": "?", "userDefined": false}], "isTemplate": false}, {"count": 0, "id": "11950cc6-356e-4176-9d01-da6e669fcf8a", "data": [{"text": "Is ", "userDefined": false}, {"meta": "@CLASS_NAME", "alias": "CLASS_NAME", "text": "introduction-to privacy: policy-and technology", "userDefined": false}, {"text": " crosslisted somewhere else?", "userDefined": false}], "isTemplate": false}, {"count": 0, "id": "52b3b23b-1831-4add-910d-b5b2571c5bd8", "data": [{"text": "Is ", "userDefined": false}, {"meta": "@CLASS_NAME", "alias": "CLASS_NAME", "text": "CSC 596", "userDefined": false}, {"text": " crosslisted in some other department?", "userDefined": false}], "isTemplate": false}, {"count": 0, "id": "3e6d7ae3-b562-4fdc-83bd-f80d284feef1", "data": [{"text": "Is ", "userDefined": false}, {"meta": "@CLASS_NAME", "alias": "CLASS_NAME", "text": "fundamentals-of computer science", "userDefined": false}, {"text": " crosslisted in another department?", "userDefined": false}], "isTemplate": false}]