[{"count": 0, "id": "8e7938b1-8792-4660-b162-c81525650e45", "data": [{"text": "Can ", "userDefined": false}, {"meta": "@CLASS_NAME", "alias": "CLASS_NAME", "text": "fundamentals-of computer science-for scientists-and engineers i", "userDefined": false}, {"text": " also be found in ", "userDefined": false}, {"meta": "@DEPARTMENT_ABBREVIATION", "alias": "DEPARTMENT_ABBREVIATION", "text": "cpe", "userDefined": false}, {"text": "?", "userDefined": false}], "isTemplate": false}, {"count": 0, "id": "5e744d6a-9a2d-4320-a7a3-7ffd71a73b1a", "data": [{"text": "May ", "userDefined": false}, {"meta": "@CLASS_NAME", "alias": "CLASS_NAME", "text": "fundamentals-of computer science", "userDefined": false}, {"text": " also be listed in ", "userDefined": false}, {"meta": "@DEPARTMENT_ABBREVIATION", "alias": "DEPARTMENT_ABBREVIATION", "text": "CPE", "userDefined": false}, {"text": "?", "userDefined": false}], "isTemplate": false}, {"count": 0, "id": "950390a5-4903-4f84-916e-92955efe9b82", "data": [{"text": "Can I also find ", "userDefined": false}, {"meta": "@CLASS_NAME", "alias": "CLASS_NAME", "text": "current topics-in computer systems", "userDefined": false}, {"text": " in ", "userDefined": false}, {"meta": "@DEPARTMENT_ABBREVIATION", "alias": "DEPARTMENT_ABBREVIATION", "text": "CPE", "userDefined": false}, {"text": "?", "userDefined": false}], "isTemplate": false}, {"count": 0, "id": "eb1073bb-8c51-415a-9ca4-90231343cd79", "data": [{"text": "Is ", "userDefined": false}, {"meta": "@CLASS_NAME", "alias": "CLASS_NAME", "text": "CSC 325", "userDefined": false}, {"text": " crosslisted in ", "userDefined": false}, {"meta": "@DEPARTMENT_ABBREVIATION", "alias": "DEPARTMENT_ABBREVIATION", "text": "csc", "userDefined": false}, {"text": "?", "userDefined": false}], "isTemplate": false}]