[{"count": 0, "id": "31ddfe08-bafb-4483-bcfc-4e1eb68b7e99", "data": [{"text": "How many units is ", "userDefined": false}, {"meta": "@CLASS_NAME", "alias": "CLASS_NAME", "text": "CSC 365", "userDefined": false}, {"text": " worth?", "userDefined": false}], "isTemplate": false}, {"count": 0, "id": "0da4974b-791e-467a-92a3-d03e6a4d8e15", "data": [{"text": "How many credits is ", "userDefined": false}, {"meta": "@CLASS_NAME", "alias": "CLASS_NAME", "text": "introduction-to computer organization", "userDefined": false}, {"text": " worth?", "userDefined": false}], "isTemplate": false}, {"count": 0, "id": "5b2489bc-7bd5-4e65-85c7-86055930eced", "data": [{"text": "How many credits is ", "userDefined": false}, {"meta": "@CLASS_NAME", "alias": "CLASS_NAME", "text": "CSC 302", "userDefined": false}, {"text": "?", "userDefined": false}], "isTemplate": false}, {"count": 0, "id": "02d26c06-19b9-4b19-b866-81a9c4a5d879", "data": [{"text": "How many units does ", "userDefined": false}, {"meta": "@CLASS_NAME", "alias": "CLASS_NAME", "text": "CSC 309", "userDefined": false}, {"text": " count for?", "userDefined": false}], "isTemplate": false}, {"count": 0, "id": "aede756b-608a-467c-98a2-3b57c881f41d", "data": [{"text": "How many units is ", "userDefined": false}, {"meta": "@CLASS_NAME", "alias": "CLASS_NAME", "text": "artificial intelligence", "userDefined": false}, {"text": "?", "userDefined": false}], "isTemplate": false}]