[{"count": 0, "id": "84cebee3-22e3-413e-b93c-ca0800a1c675", "data": [{"text": "What course should I take after ", "userDefined": false}, {"meta": "@CLASS_NAME", "alias": "CLASS_NAME", "text": "user-centered interface design-and development", "userDefined": false}, {"text": "?", "userDefined": false}], "isTemplate": false}, {"count": 0, "id": "e5664b52-c5e6-46be-baf6-bd286b3640fe", "data": [{"text": "What classes build off ", "userDefined": false}, {"meta": "@CLASS_NAME", "alias": "CLASS_NAME", "text": "CSC 493", "userDefined": false}, {"text": "?", "userDefined": false}], "isTemplate": false}, {"count": 0, "id": "ce11521f-fcad-41c0-a916-c03c10213725", "data": [{"text": "Which course should I take following ", "userDefined": false}, {"meta": "@CLASS_NAME", "alias": "CLASS_NAME", "text": "practical computer security-for everyone", "userDefined": false}, {"text": "?", "userDefined": false}], "isTemplate": false}, {"count": 0, "id": "fa6d9e30-4d12-4056-9a03-b19be40866ab", "data": [{"text": "What class do students typically take after ", "userDefined": false}, {"meta": "@CLASS_NAME", "alias": "CLASS_NAME", "text": "CSC 203", "userDefined": false}, {"text": "?", "userDefined": false}], "isTemplate": false}, {"count": 0, "id": "23fbb62c-15ee-4365-b646-bb92285d172d", "data": [{"text": "After ", "userDefined": false}, {"meta": "@CLASS_NAME", "alias": "CLASS_NAME", "text": "music programming", "userDefined": false}, {"text": ", what course should I take?", "userDefined": false}], "isTemplate": false}, {"count": 0, "id": "2e80b721-2429-4017-a209-afbf65e86b8e", "data": [{"text": "What class should I take next after ", "userDefined": false}, {"meta": "@CLASS_NAME", "alias": "CLASS_NAME", "text": "CSC 480", "userDefined": false}, {"text": "?", "userDefined": false}], "isTemplate": false}, {"count": 0, "id": "ff7d6b97-a44f-4890-ad5e-a6607b0f80d5", "data": [{"text": "What class should I take after ", "userDefined": false}, {"meta": "@CLASS_NAME", "alias": "CLASS_NAME", "text": "CSC 313", "userDefined": false}, {"text": "?", "userDefined": false}], "isTemplate": false}]