[{"count": 0, "id": "fbf7bd9e-87f0-4ce8-bbf4-8a60439112bf", "data": [{"text": "Which courses are two-part sequences?", "userDefined": false}], "isTemplate": false}, {"count": 0, "id": "5134cfe4-0cb1-4b34-87ac-2ccbfc9cc3e0", "data": [{"text": "Which classes are usually taken in two parts?", "userDefined": false}], "isTemplate": false}, {"count": 0, "id": "8ba02abd-b092-4305-84b3-f23eda8c0210", "data": [{"text": "What courses are usually taken as a two-part sequence?", "userDefined": false}], "isTemplate": false}, {"count": 0, "id": "c61ca243-18e9-481a-aaff-c420d161b717", "data": [{"text": "Which courses are typically taken as two different parts?", "userDefined": false}], "isTemplate": false}, {"count": 0, "id": "322177fd-cabe-46aa-a414-f01f1a04e8d9", "data": [{"text": "Which classes are two-part sequences?", "userDefined": false}], "isTemplate": false}]