[{"count": 0, "id": "2781d0ac-eeb6-4543-8819-9c2caa59e5c6", "data": [{"text": "Which courses are seminars?", "userDefined": false}], "isTemplate": false}, {"count": 0, "id": "cad51a91-3d16-46f9-88eb-6e7e255cd4b1", "data": [{"text": "What classes are considered to be seminars?", "userDefined": false}], "isTemplate": false}, {"count": 0, "id": "1f682678-dfb1-4e4e-813b-eef3774a59c0", "data": [{"text": "Which classes are taught as seminars?", "userDefined": false}], "isTemplate": false}, {"count": 0, "id": "46f6d432-78dc-4a9d-8e77-6a850cb7e39d", "data": [{"text": "Which courses are taught like seminars?", "userDefined": false}], "isTemplate": false}, {"count": 0, "id": "64e58371-859a-4c1b-88fa-ad1291a05ab6", "data": [{"text": "Which classes are seminars?", "userDefined": false}], "isTemplate": false}]