[{"count": 0, "id": "a50e7654-55e8-46f6-a786-60f9457417c8", "data": [{"text": "What topics are taught in ", "userDefined": false}, {"meta": "@CLASS_NAME", "alias": "CLASS_NAME", "text": "artificial intelligence", "userDefined": false}, {"text": "?", "userDefined": false}], "isTemplate": false}, {"count": 0, "id": "224272a5-5286-46c3-b7b9-c1b006d8d625", "data": [{"text": "Which topics are covered in ", "userDefined": false}, {"meta": "@CLASS_NAME", "alias": "CLASS_NAME", "text": "CSC 108", "userDefined": false}, {"text": "?", "userDefined": false}], "isTemplate": false}, {"count": 0, "id": "f40688a5-1edc-41d4-9273-7a42c9d42f08", "data": [{"text": "What topics does ", "userDefined": false}, {"meta": "@CLASS_NAME", "alias": "CLASS_NAME", "text": "CSC 471", "userDefined": false}, {"text": " cover?", "userDefined": false}], "isTemplate": false}, {"count": 0, "id": "4cb4caea-21cb-465f-a65d-a478295a226d", "data": [{"text": "Which topics does ", "userDefined": false}, {"meta": "@CLASS_NAME", "alias": "CLASS_NAME", "text": "problem solving-with computers", "userDefined": false}, {"text": " cover?", "userDefined": false}], "isTemplate": false}, {"count": 0, "id": "8c43b50d-c89c-4680-abcd-570c34f9b123", "data": [{"text": "What does it look like to take ", "userDefined": false}, {"meta": "@CLASS_NAME", "alias": "CLASS_NAME", "text": "CSC 323", "userDefined": false}, {"text": "?", "userDefined": false}], "isTemplate": false}, {"count": 0, "id": "3f1ad46b-8d55-4f24-931d-b91e8d610504", "data": [{"text": "What will I learn in ", "userDefined": false}, {"meta": "@CLASS_NAME", "alias": "CLASS_NAME", "text": "programming languages", "userDefined": false}, {"text": "?", "userDefined": false}], "isTemplate": false}, {"count": 0, "id": "0a63c4cc-335e-4490-8164-076a4c5d05d1", "data": [{"text": "What is the course description for ", "userDefined": false}, {"meta": "@CLASS_NAME", "alias": "CLASS_NAME", "text": "fundamentals-of computer science-for scientists-and engineers ii", "userDefined": false}, {"text": "?", "userDefined": false}], "isTemplate": false}, {"count": 0, "id": "5792dd53-61af-4822-9c80-7460cf69a9ff", "data": [{"text": "What do you learn about in ", "userDefined": false}, {"meta": "@CLASS_NAME", "alias": "CLASS_NAME", "text": "CSC 521", "userDefined": false}, {"text": "?", "userDefined": false}], "isTemplate": false}, {"count": 0, "id": "a321ce65-6142-409b-856b-cb9a213abdab", "data": [{"text": "What is ", "userDefined": false}, {"meta": "@CLASS_NAME", "alias": "CLASS_NAME", "text": "senior project i", "userDefined": false}, {"text": " about?", "userDefined": false}], "isTemplate": false}, {"count": 0, "id": "a706b45f-76b4-481f-bee7-f09c8b8fd2b6", "data": [{"text": "What topics are covered in ", "userDefined": false}, {"meta": "@CLASS_NAME", "alias": "CLASS_NAME", "text": "CSC 473", "userDefined": false}, {"text": "?", "userDefined": false}], "isTemplate": false}]