[{"count": 0, "id": "27cf78f0-b749-4d24-986c-45c922be62fd", "data": [{"text": "Is ", "userDefined": false}, {"meta": "@CLASS_NAME", "alias": "CLASS_NAME", "text": "data structures", "userDefined": false}, {"text": " a prereq for ", "userDefined": false}, {"meta": "@CLASS_NAME", "alias": "CLASS_NAME", "text": "c-and unix", "userDefined": false}, {"text": "?", "userDefined": false}], "isTemplate": false}, {"count": 0, "id": "5e6070b7-7eb3-4e47-8b49-bb7330e35211", "data": [{"text": "Does ", "userDefined": false}, {"meta": "@CLASS_NAME", "alias": "CLASS_NAME", "text": "scientific-and information visualization", "userDefined": false}, {"text": " have ", "userDefined": false}, {"meta": "@CLASS_NAME", "alias": "CLASS_NAME", "text": "fundamentals-of computer science i supplemental instruction", "userDefined": false}, {"text": " as a prerequisite?", "userDefined": false}], "isTemplate": false}, {"count": 0, "id": "bc05ce34-9a76-4db0-ac47-5bcbcc67a4f4", "data": [{"text": "Does ", "userDefined": false}, {"meta": "@CLASS_NAME", "alias": "CLASS_NAME", "text": "introduction-to mixed reality", "userDefined": false}, {"text": " have ", "userDefined": false}, {"meta": "@CLASS_NAME", "alias": "CLASS_NAME", "text": "artificial intelligence", "userDefined": false}, {"text": " as a prereq?", "userDefined": false}], "isTemplate": false}, {"count": 0, "id": "0f77b148-1234-4ee7-b696-54a175ad24f7", "data": [{"text": "Is ", "userDefined": false}, {"meta": "@CLASS_NAME", "alias": "CLASS_NAME", "text": "introduction-to privacy: policy-and technology", "userDefined": false}, {"text": " a prerequisite for ", "userDefined": false}, {"meta": "@CLASS_NAME", "alias": "CLASS_NAME", "text": "CSC 498", "userDefined": false}, {"text": "?", "userDefined": false}], "isTemplate": false}]