[{"count": 0, "id": "bb65f3f0-2ebf-4c33-b23c-1419af193f49", "data": [{"text": "Which ", "userDefined": false}, {"meta": "@COURSE_LEVEL", "alias": "COURSE_LEVEL", "text": "two hundred", "userDefined": false}, {"text": " classes are offered in ", "userDefined": false}, {"meta": "@QUARTER", "alias": "QUARTER", "text": "Summer", "userDefined": false}, {"text": "?", "userDefined": false}], "isTemplate": false}, {"count": 0, "id": "f1a0b133-e1fa-478a-b486-0bf721140106", "data": [{"text": "Which ", "userDefined": false}, {"meta": "@COURSE_LEVEL", "alias": "COURSE_LEVEL", "text": "100", "userDefined": false}, {"text": " courses are offered in the ", "userDefined": false}, {"meta": "@QUARTER", "alias": "QUARTER", "text": "Summer", "userDefined": false}, {"text": "?", "userDefined": false}], "isTemplate": false}, {"count": 0, "id": "0da45365-fb28-4e66-b271-2d75761cd69c", "data": [{"text": "Which ", "userDefined": false}, {"meta": "@COURSE_LEVEL", "alias": "COURSE_LEVEL", "text": "100", "userDefined": false}, {"text": " courses are offered in ", "userDefined": false}, {"meta": "@QUARTER", "alias": "QUARTER", "text": "Summer", "userDefined": false}, {"text": " quarter?", "userDefined": false}], "isTemplate": false}, {"count": 0, "id": "e45eae18-416d-40e0-b47a-c28c9f426595", "data": [{"text": "In ", "userDefined": false}, {"meta": "@QUARTER", "alias": "QUARTER", "text": "Winter", "userDefined": false}, {"text": " quarter, which ", "userDefined": false}, {"meta": "@COURSE_LEVEL", "alias": "COURSE_LEVEL", "text": "two hundred", "userDefined": false}, {"text": " classes are offered?", "userDefined": false}], "isTemplate": false}, {"count": 0, "id": "2fd8fe86-12ab-406e-af8e-6a7bd9ab3ba8", "data": [{"text": "Which ", "userDefined": false}, {"meta": "@COURSE_LEVEL", "alias": "COURSE_LEVEL", "text": "100", "userDefined": false}, {"text": " classes are available in ", "userDefined": false}, {"meta": "@QUARTER", "alias": "QUARTER", "text": "Winter", "userDefined": false}, {"text": "?", "userDefined": false}], "isTemplate": false}, {"count": 0, "id": "180b68fc-c672-4d61-a051-305d607545cd", "data": [{"text": "Which ", "userDefined": false}, {"meta": "@COURSE_LEVEL", "alias": "COURSE_LEVEL", "text": "two hundred", "userDefined": false}, {"text": " courses are available in the ", "userDefined": false}, {"meta": "@QUARTER", "alias": "QUARTER", "text": "Summer", "userDefined": false}, {"text": "?", "userDefined": false}], "isTemplate": false}, {"count": 0, "id": "d691721a-4730-4011-b1bb-4534cb991700", "data": [{"text": "Which ", "userDefined": false}, {"meta": "@COURSE_LEVEL", "alias": "COURSE_LEVEL", "text": "100", "userDefined": false}, {"text": " courses are available in ", "userDefined": false}, {"meta": "@QUARTER", "alias": "QUARTER", "text": "Spring", "userDefined": false}, {"text": " quarter?", "userDefined": false}], "isTemplate": false}, {"count": 0, "id": "4cd495d6-c8e0-44c8-b36a-52a29038ca3f", "data": [{"text": "In ", "userDefined": false}, {"meta": "@QUARTER", "alias": "QUARTER", "text": "Fall", "userDefined": false}, {"text": " quarter, which ", "userDefined": false}, {"meta": "@COURSE_LEVEL", "alias": "COURSE_LEVEL", "text": "100", "userDefined": false}, {"text": " classes are available?", "userDefined": false}], "isTemplate": false}, {"count": 0, "id": "9134122e-12f2-48b2-be06-c69eb24d0fce", "data": [{"text": "Which ", "userDefined": false}, {"meta": "@COURSE_LEVEL", "alias": "COURSE_LEVEL", "text": "three hundred", "userDefined": false}, {"text": " courses are offered in ", "userDefined": false}, {"meta": "@QUARTER", "alias": "QUARTER", "text": "Fall", "userDefined": false}, {"text": "?", "userDefined": false}], "isTemplate": false}]