[{"count": 0, "id": "f1da44a5-8de5-4d11-b6d0-d7627c139cf3", "data": [{"text": "What technical electives should I select to do research in ", "userDefined": false}, {"meta": "@SUBJECT_MATTER", "alias": "SUBJECT_MATTER", "text": "recent", "userDefined": false}, {"text": "?", "userDefined": false}], "isTemplate": false}, {"count": 0, "id": "7403af1c-fb90-4ffd-bf6f-3025e1a58536", "data": [{"text": "What are some good tech electives to study ", "userDefined": false}, {"meta": "@SUBJECT_MATTER", "alias": "SUBJECT_MATTER", "text": "secure", "userDefined": false}, {"text": "?", "userDefined": false}], "isTemplate": false}, {"count": 0, "id": "2fbd64ad-a328-410b-8886-075740e61331", "data": [{"text": "What classes should I take to get a job in ", "userDefined": false}, {"meta": "@SUBJECT_MATTER", "alias": "SUBJECT_MATTER", "text": "scheduling", "userDefined": false}, {"text": "?", "userDefined": false}], "isTemplate": false}, {"count": 0, "id": "8181a233-0581-42d4-8d9a-aec921451875", "data": [{"text": "What are good technical electives to study ", "userDefined": false}, {"meta": "@SUBJECT_MATTER", "alias": "SUBJECT_MATTER", "text": "sizeable software product", "userDefined": false}, {"text": "?", "userDefined": false}], "isTemplate": false}, {"count": 0, "id": "77a7bf70-8458-4e9b-8f14-50bff07ef301", "data": [{"text": "What classes should I select to focus on ", "userDefined": false}, {"meta": "@SUBJECT_MATTER", "alias": "SUBJECT_MATTER", "text": "control structure", "userDefined": false}, {"text": "?", "userDefined": false}], "isTemplate": false}]