[{"count": 0, "id": "8032b860-9190-404f-81b3-bef80e97932d", "data": [{"text": "Are ", "userDefined": false}, {"meta": "@COURSE_LEVEL", "alias": "COURSE_LEVEL", "text": "three hundred", "userDefined": false}, {"text": " classes are offered in ", "userDefined": false}, {"meta": "@QUARTER", "alias": "QUARTER", "text": "Spring", "userDefined": false}, {"text": "?", "userDefined": false}], "isTemplate": false}, {"count": 0, "id": "9a3697f2-60d6-45c4-b758-2188b07eadce", "data": [{"text": "Are ", "userDefined": false}, {"meta": "@COURSE_LEVEL", "alias": "COURSE_LEVEL", "text": "100", "userDefined": false}, {"text": " courses are offered in the ", "userDefined": false}, {"meta": "@QUARTER", "alias": "QUARTER", "text": "Summer", "userDefined": false}, {"text": "?", "userDefined": false}], "isTemplate": false}, {"count": 0, "id": "db4d6c67-9877-47c7-a7db-92d515511350", "data": [{"text": "Are ", "userDefined": false}, {"meta": "@COURSE_LEVEL", "alias": "COURSE_LEVEL", "text": "two hundred", "userDefined": false}, {"text": " courses are offered in ", "userDefined": false}, {"meta": "@QUARTER", "alias": "QUARTER", "text": "Winter", "userDefined": false}, {"text": " quarter?", "userDefined": false}], "isTemplate": false}, {"count": 0, "id": "2798dbe6-7e98-4c14-84de-3b6de5bfc168", "data": [{"text": "In ", "userDefined": false}, {"meta": "@QUARTER", "alias": "QUARTER", "text": "Summer", "userDefined": false}, {"text": " quarter, are ", "userDefined": false}, {"meta": "@COURSE_LEVEL", "alias": "COURSE_LEVEL", "text": "three hundred", "userDefined": false}, {"text": " classes are offered?", "userDefined": false}], "isTemplate": false}, {"count": 0, "id": "6a08a256-3892-4dc2-adeb-edaed3391a22", "data": [{"text": "Are ", "userDefined": false}, {"meta": "@COURSE_LEVEL", "alias": "COURSE_LEVEL", "text": "100", "userDefined": false}, {"text": " classes are available in ", "userDefined": false}, {"meta": "@QUARTER", "alias": "QUARTER", "text": "Winter", "userDefined": false}, {"text": "?", "userDefined": false}], "isTemplate": false}, {"count": 0, "id": "4015e3bc-28de-493e-a805-ec01524924fe", "data": [{"text": "Are ", "userDefined": false}, {"meta": "@COURSE_LEVEL", "alias": "COURSE_LEVEL", "text": "100", "userDefined": false}, {"text": " courses are available in the ", "userDefined": false}, {"meta": "@QUARTER", "alias": "QUARTER", "text": "Winter", "userDefined": false}, {"text": "?", "userDefined": false}], "isTemplate": false}, {"count": 0, "id": "e1bed6ec-c4a4-4fc7-8f72-68624fc0db8d", "data": [{"text": "Are ", "userDefined": false}, {"meta": "@COURSE_LEVEL", "alias": "COURSE_LEVEL", "text": "100", "userDefined": false}, {"text": " courses are available in ", "userDefined": false}, {"meta": "@QUARTER", "alias": "QUARTER", "text": "Winter", "userDefined": false}, {"text": " quarter?", "userDefined": false}], "isTemplate": false}, {"count": 0, "id": "15d6ec8f-40d7-42e3-aaa6-8a9e53ca8f3b", "data": [{"text": "In ", "userDefined": false}, {"meta": "@QUARTER", "alias": "QUARTER", "text": "Winter", "userDefined": false}, {"text": " quarter, are ", "userDefined": false}, {"meta": "@COURSE_LEVEL", "alias": "COURSE_LEVEL", "text": "100", "userDefined": false}, {"text": " classes are available?", "userDefined": false}], "isTemplate": false}, {"count": 0, "id": "5f6bfb91-31c8-4a4b-9584-2225938bcbe0", "data": [{"text": "Does ", "userDefined": false}, {"meta": "@QUARTER", "alias": "QUARTER", "text": "Fall", "userDefined": false}, {"text": " offer any ", "userDefined": false}, {"meta": "@COURSE_LEVEL", "alias": "COURSE_LEVEL", "text": "two hundred", "userDefined": false}, {"text": " courses?", "userDefined": false}], "isTemplate": false}]