[{"count": 0, "id": "baa241cc-fcd0-480c-9d10-366214149ae1", "data": [{"text": "Which lower division classes are offered in ", "userDefined": false}, {"meta": "@QUARTER", "alias": "QUARTER", "text": "Spring", "userDefined": false}, {"text": "?", "userDefined": false}], "isTemplate": false}, {"count": 0, "id": "4e67b9ae-c044-4366-8394-c5bf96dfd669", "data": [{"text": "Which lower division courses are offered in ", "userDefined": false}, {"meta": "@QUARTER", "alias": "QUARTER", "text": "Winter", "userDefined": false}, {"text": " quarter?", "userDefined": false}], "isTemplate": false}, {"count": 0, "id": "45fc81f9-51e6-47f6-bc9d-da1e188fb1e9", "data": [{"text": "Which lower division courses are offered in the ", "userDefined": false}, {"meta": "@QUARTER", "alias": "QUARTER", "text": "Summer", "userDefined": false}, {"text": "?", "userDefined": false}], "isTemplate": false}, {"count": 0, "id": "5a054417-9c2a-49c2-84df-893de68b4237", "data": [{"text": "What lower division classes are offered in ", "userDefined": false}, {"meta": "@QUARTER", "alias": "QUARTER", "text": "Spring", "userDefined": false}, {"text": "?", "userDefined": false}], "isTemplate": false}, {"count": 0, "id": "e5e05ab0-6e0c-410a-bbfd-86ee4c5ebb9a", "data": [{"text": "What lower division classes are available in the ", "userDefined": false}, {"meta": "@QUARTER", "alias": "QUARTER", "text": "Summer", "userDefined": false}, {"text": "?", "userDefined": false}], "isTemplate": false}, {"count": 0, "id": "636004c6-46ab-485e-a494-cce5f8c6a744", "data": [{"text": "Which lower division courses are offered in ", "userDefined": false}, {"meta": "@QUARTER", "alias": "QUARTER", "text": "Winter", "userDefined": false}, {"text": "?", "userDefined": false}], "isTemplate": false}]