[{"count": 0, "id": "62bb7926-3d98-4a59-8377-163f2c1e3ad0", "data": [{"text": "Which upper division classes are offered in ", "userDefined": false}, {"meta": "@QUARTER", "alias": "QUARTER", "text": "Spring", "userDefined": false}, {"text": "?", "userDefined": false}], "isTemplate": false}, {"count": 0, "id": "fd4010b9-2390-4e7b-9e77-84b360e6f3a0", "data": [{"text": "Which upper division courses are offered in the ", "userDefined": false}, {"meta": "@QUARTER", "alias": "QUARTER", "text": "Summer", "userDefined": false}, {"text": "?", "userDefined": false}], "isTemplate": false}, {"count": 0, "id": "71f444af-5ff2-4f5a-b572-ff7c147704ad", "data": [{"text": "In ", "userDefined": false}, {"meta": "@QUARTER", "alias": "QUARTER", "text": "Summer", "userDefined": false}, {"text": ", what upper division classes are offered?", "userDefined": false}], "isTemplate": false}, {"count": 0, "id": "92762f3a-dcba-45ab-b4ff-1ca1e3b322ab", "data": [{"text": "What upper division classes are offered in ", "userDefined": false}, {"meta": "@QUARTER", "alias": "QUARTER", "text": "Summer", "userDefined": false}, {"text": " quarter?", "userDefined": false}], "isTemplate": false}, {"count": 0, "id": "1ba769d1-6a35-48f1-9dad-3bd8457245da", "data": [{"text": "Which upper division courses are offered in ", "userDefined": false}, {"meta": "@QUARTER", "alias": "QUARTER", "text": "Autumn", "userDefined": false}, {"text": "?", "userDefined": false}], "isTemplate": false}]