[{"count": 0, "id": "c13c7fdb-ea40-4de1-8298-0241d11feb57", "data": [{"text": "What classes can I take in ", "userDefined": false}, {"meta": "@QUARTER", "alias": "QUARTER", "text": "Fall", "userDefined": false}, {"text": "?", "userDefined": false}], "isTemplate": false}, {"count": 0, "id": "faf0ff86-ce26-4294-a11f-b108e397d878", "data": [{"text": "What classes are offered during the ", "userDefined": false}, {"meta": "@QUARTER", "alias": "QUARTER", "text": "Summer", "userDefined": false}, {"text": "?", "userDefined": false}], "isTemplate": false}, {"count": 0, "id": "596f879e-c223-494b-908e-6be2ba9926d9", "data": [{"text": "What courses can I take in ", "userDefined": false}, {"meta": "@QUARTER", "alias": "QUARTER", "text": "Spring", "userDefined": false}, {"text": "?", "userDefined": false}], "isTemplate": false}, {"count": 0, "id": "26afc6e0-2bc9-43c2-b72d-ab4ce7a539d5", "data": [{"text": "What courses are offered during the ", "userDefined": false}, {"meta": "@QUARTER", "alias": "QUARTER", "text": "Autumn", "userDefined": false}, {"text": "?", "userDefined": false}], "isTemplate": false}, {"count": 0, "id": "06d34d2e-7dfc-4361-9f5f-55470e7a2e48", "data": [{"text": "What can I take in ", "userDefined": false}, {"meta": "@QUARTER", "alias": "QUARTER", "text": "Summer", "userDefined": false}, {"text": "?", "userDefined": false}], "isTemplate": false}, {"count": 0, "id": "200b8f65-5655-4188-8ecb-f594c0194546", "data": [{"text": "What can I take in the ", "userDefined": false}, {"meta": "@QUARTER", "alias": "QUARTER", "text": "Autumn", "userDefined": false}, {"text": "?", "userDefined": false}], "isTemplate": false}, {"count": 0, "id": "f0cbe347-f6e4-4202-a593-5ae17855e385", "data": [{"text": "What can I take during the ", "userDefined": false}, {"meta": "@QUARTER", "alias": "QUARTER", "text": "Autumn", "userDefined": false}, {"text": "?", "userDefined": false}], "isTemplate": false}, {"count": 0, "id": "3b8854e0-48f5-4e1a-a3db-ad9d5d423ebf", "data": [{"text": "Which classes are offered in ", "userDefined": false}, {"meta": "@QUARTER", "alias": "QUARTER", "text": "Winter", "userDefined": false}, {"text": "?", "userDefined": false}], "isTemplate": false}]