[{"count": 0, "id": "ec034595-2af4-4d8c-a6c3-5ddbfc297fdc", "data": [{"text": "What is the class code for ", "userDefined": false}, {"meta": "@CLASS_NAME", "alias": "CLASS_NAME", "text": "CSC 308", "userDefined": false}, {"text": "?", "userDefined": false}], "isTemplate": false}, {"count": 0, "id": "89f738cc-e789-496a-a2da-4e19a142a79e", "data": [{"text": "What code does ", "userDefined": false}, {"meta": "@CLASS_NAME", "alias": "CLASS_NAME", "text": "database management systems implementation", "userDefined": false}, {"text": " have?", "userDefined": false}], "isTemplate": false}, {"count": 0, "id": "5c381fb8-701e-4de9-97f5-3b834c346bd3", "data": [{"text": "What is ", "userDefined": false}, {"meta": "@CLASS_NAME", "alias": "CLASS_NAME", "text": "CSC 309", "userDefined": false}, {"text": "'s course code?", "userDefined": false}], "isTemplate": false}, {"count": 0, "id": "0e870c79-536c-41a6-a729-83d874a9462d", "data": [{"text": "Which course code is ", "userDefined": false}, {"meta": "@CLASS_NAME", "alias": "CLASS_NAME", "text": "computational art", "userDefined": false}, {"text": "?", "userDefined": false}], "isTemplate": false}, {"count": 0, "id": "bae909bd-4c35-4d9a-a80b-fef4f33fc87a", "data": [{"text": "What is the course code for ", "userDefined": false}, {"meta": "@CLASS_NAME", "alias": "CLASS_NAME", "text": "CSC 495", "userDefined": false}, {"text": "?", "userDefined": false}], "isTemplate": false}]