[{"count": 0, "id": "c9265608-5ab3-427c-a548-afb222ae2517", "data": [{"text": "What quarter is ", "userDefined": false}, {"meta": "@CLASS_NAME", "alias": "CLASS_NAME", "text": "CSC 521", "userDefined": false}, {"text": " mostly taken in?", "userDefined": false}], "isTemplate": false}, {"count": 0, "id": "fabe01ac-4ea8-4a62-a66f-7d662842737c", "data": [{"text": "What quarter is ", "userDefined": false}, {"meta": "@CLASS_NAME", "alias": "CLASS_NAME", "text": "CSC 301", "userDefined": false}, {"text": " taken most frequently in?", "userDefined": false}], "isTemplate": false}, {"count": 0, "id": "51af370f-45a5-4375-ab66-d454e73a4b3b", "data": [{"text": "When do students usually take ", "userDefined": false}, {"meta": "@CLASS_NAME", "alias": "CLASS_NAME", "text": "CSC 468", "userDefined": false}, {"text": "?", "userDefined": false}], "isTemplate": false}, {"count": 0, "id": "05ae19f8-355a-47ba-abc8-3985565e4260", "data": [{"text": "What is the most common quarter to take ", "userDefined": false}, {"meta": "@CLASS_NAME", "alias": "CLASS_NAME", "text": "CSC 491", "userDefined": false}, {"text": "?", "userDefined": false}], "isTemplate": false}, {"count": 0, "id": "49bd32dd-cbb1-422f-89dd-e10a5d113a5d", "data": [{"text": "When should I take ", "userDefined": false}, {"meta": "@CLASS_NAME", "alias": "CLASS_NAME", "text": "CSC 325", "userDefined": false}, {"text": "?", "userDefined": false}], "isTemplate": false}, {"count": 0, "id": "848d1599-2583-40b1-9149-525b3025943b", "data": [{"text": "When is most common to take ", "userDefined": false}, {"meta": "@CLASS_NAME", "alias": "CLASS_NAME", "text": "project-based object-oriented programming-and design", "userDefined": false}, {"text": "?", "userDefined": false}], "isTemplate": false}, {"count": 0, "id": "af52d543-65ad-4c2b-9662-a3f88f58bf94", "data": [{"text": "Which quarter should I take ", "userDefined": false}, {"meta": "@CLASS_NAME", "alias": "CLASS_NAME", "text": "CSC 409", "userDefined": false}, {"text": " in?", "userDefined": false}], "isTemplate": false}, {"count": 0, "id": "58b9cf5f-d705-4d96-99d1-a0482f299889", "data": [{"text": "When do most people take ", "userDefined": false}, {"meta": "@CLASS_NAME", "alias": "CLASS_NAME", "text": "CSC 597", "userDefined": false}, {"text": "?", "userDefined": false}], "isTemplate": false}]