[{"count": 0, "id": "0286551c-ff55-47f2-a73c-d91a883f74a0", "data": [{"text": "Which courses have no prerequisites?", "userDefined": false}], "isTemplate": false}, {"count": 0, "id": "14645c99-c14e-464b-b220-ebb422612e93", "data": [{"text": "Which classes have no prereqs?", "userDefined": false}], "isTemplate": false}, {"count": 0, "id": "9cd3fa5c-1450-46cd-8cf4-4b403a330d52", "data": [{"text": "Which classes do not require prerequisites?", "userDefined": false}], "isTemplate": false}, {"count": 0, "id": "0ebdeae9-4fed-4989-8c50-e7ce325649e0", "data": [{"text": "Which classes are there no prerequisites?", "userDefined": false}], "isTemplate": false}, {"count": 0, "id": "4407fc8b-3998-406c-ad21-68d0e0c7d589", "data": [{"text": "Which classes have no prerequisites?", "userDefined": false}], "isTemplate": false}]