[{"count": 0, "id": "856a8f65-9581-48b0-b51d-1a9b34d901f8", "data": [{"text": "Which courses have ", "userDefined": false}, {"meta": "@CLASS_NAME", "alias": "CLASS_NAME", "text": "CSC 569", "userDefined": false}, {"text": " as a prerequisite?", "userDefined": false}], "isTemplate": false}, {"count": 0, "id": "096b2d32-b504-48b6-a283-f540c7f73cb1", "data": [{"text": "Which classes have ", "userDefined": false}, {"meta": "@CLASS_NAME", "alias": "CLASS_NAME", "text": "CSC 310", "userDefined": false}, {"text": " as a prereq?", "userDefined": false}], "isTemplate": false}, {"count": 0, "id": "a1b97172-1e42-474c-9cc9-2b7e8beff77a", "data": [{"text": "Which classes require ", "userDefined": false}, {"meta": "@CLASS_NAME", "alias": "CLASS_NAME", "text": "CSC 483", "userDefined": false}, {"text": " as a prereq?", "userDefined": false}], "isTemplate": false}, {"count": 0, "id": "e2f1d0c1-ca6a-4ec6-a255-1ae554a9e17f", "data": [{"text": "Which classes have as a prequisite ", "userDefined": false}, {"meta": "@CLASS_NAME", "alias": "CLASS_NAME", "text": "cooperative education experience", "userDefined": false}, {"text": "?", "userDefined": false}], "isTemplate": false}, {"count": 0, "id": "a985faef-4f44-4175-ad1f-7e1c21a1067d", "data": [{"text": "Which classes have as a preq ", "userDefined": false}, {"meta": "@CLASS_NAME", "alias": "CLASS_NAME", "text": "CSC 566", "userDefined": false}, {"text": "?", "userDefined": false}], "isTemplate": false}, {"count": 0, "id": "c56a7ce9-f00d-49ec-a4b9-e032b5757125", "data": [{"text": "Which classes have ", "userDefined": false}, {"meta": "@CLASS_NAME", "alias": "CLASS_NAME", "text": "CSC 301", "userDefined": false}, {"text": " as a prerequisite?", "userDefined": false}], "isTemplate": false}]