[{"count": 0, "data": [{"userDefined": false, "text": "Do I need a C or better in "}, {"userDefined": false, "meta": "@CLASS_NAME", "text": "CSC 357", "alias": "CLASS_NAME"}, {"userDefined": false, "text": " to take any other courses?"}], "isTemplate": false, "id": "13245609-9f03-4a3d-8826-a20e06832190"}, {"count": 0, "data": [{"userDefined": false, "text": "Do I need at least a C- in "}, {"userDefined": false, "meta": "@CLASS_NAME", "text": "CSC 341", "alias": "CLASS_NAME"}, {"userDefined": false, "text": " to take other courses?"}], "isTemplate": false, "id": "45cc8d32-051b-49ae-87f5-0a935fa856f6"}, {"count": 0, "data": [{"userDefined": false, "text": "Do I need at least a C in "}, {"userDefined": false, "meta": "@CLASS_NAME", "text": "introduction to compilers", "alias": "CLASS_NAME"}, {"userDefined": false, "text": " to take other courses?"}], "isTemplate": false, "id": "f1804169-8798-455b-9ab2-428e3cabe508"}, {"count": 0, "data": [{"userDefined": false, "text": "Is a C- needed in "}, {"userDefined": false, "meta": "@CLASS_NAME", "text": "CSC 341", "alias": "CLASS_NAME"}, {"userDefined": false, "text": " to take other classes?"}], "isTemplate": false, "id": "3e2b8504-9604-427f-8c8a-512edcae8481"}, {"count": 0, "data": [{"userDefined": false, "text": "Is a C needed in "}, {"userDefined": false, "meta": "@CLASS_NAME", "text": "systems programming", "alias": "CLASS_NAME"}, {"userDefined": false, "text": " to take other classes?"}], "isTemplate": false, "id": "ac71daee-4e4f-49ab-9d5e-e08aa3715b8e"}, {"count": 0, "data": [{"userDefined": false, "text": "Does "}, {"userDefined": false, "meta": "@CLASS_NAME", "text": "CSC 357", "alias": "CLASS_NAME"}, {"userDefined": false, "text": " require a C- or better to take any other classes?"}], "isTemplate": false, "id": "9608ddee-f1f4-4be2-bc22-5b21a3ccd426"}, {"count": 0, "data": [{"userDefined": false, "text": "Do I need a C- or better in "}, {"userDefined": false, "meta": "@CLASS_NAME", "text": "CSC 341", "alias": "CLASS_NAME"}, {"userDefined": false, "text": " to take any other classes?"}], "isTemplate": false, "id": "ba343f15-736f-4ac0-a455-7a013f7c2611"}]