[{"count": 0, "data": [{"userDefined": false, "text": "What courses are prerequisites for the most other classes?"}], "isTemplate": false, "id": "2fdc9e01-e0d2-4f7f-b20f-6c3f01a2a338"}, {"count": 0, "data": [{"userDefined": false, "text": "What courses are prereqs for the most other classes?"}], "isTemplate": false, "id": "66a326a2-2d25-4259-a68a-d26305c0e4af"}, {"count": 0, "data": [{"userDefined": false, "text": "What classes are prereqs for most other classes?"}], "isTemplate": false, "id": "eb10e814-8216-4b93-9f7e-4d4686f99ac8"}, {"count": 0, "data": [{"userDefined": false, "text": "Which classes are prerequisites for many other classes?"}], "isTemplate": false, "id": "7a10791a-5fb9-4461-b891-eecfe5aaa19b"}, {"count": 0, "data": [{"userDefined": false, "text": "Which classes are foundational to take?"}], "isTemplate": false, "id": "63fa6401-50b8-443a-ae71-3d59d006bb57"}, {"count": 0, "data": [{"userDefined": false, "text": "What classes are prerequisites for the most other classes?"}], "isTemplate": false, "id": "e258fecd-160a-48ad-9251-fd98e0477632"}]