[{"count": 0, "data": [{"userDefined": false, "text": "Which classes have no upper divisional prereqs?"}], "isTemplate": false, "id": "adfed9f4-6c0e-4f80-a3d1-5164a75431a4"}, {"count": 0, "data": [{"userDefined": false, "text": "Which courses have no upper divisional prerequisite?"}], "isTemplate": false, "id": "6f35f9fc-55b5-4434-9006-e5d838e7ce25"}, {"count": 0, "data": [{"userDefined": false, "text": "Which classes do not have upper division prerequisites?"}], "isTemplate": false, "id": "31ec65cb-004b-4eec-911e-63adc1cbf736"}, {"count": 0, "data": [{"userDefined": false, "text": "Which classes don't have upper division prereqs?"}], "isTemplate": false, "id": "5474e98d-66c8-48ce-9963-77003f93bc86"}, {"count": 0, "data": [{"userDefined": false, "text": "Which classes have no upper divisional prerequisite?"}], "isTemplate": false, "id": "81a304ed-92e3-47e4-9865-b4b0cde50e85"}]