[{"count": 0, "data": [{"userDefined": false, "text": "Which courses include lecture only?"}], "isTemplate": false, "id": "66913d05-5ec6-40df-82ed-db4487322568"}, {"count": 0, "data": [{"userDefined": false, "text": "Which classes are considered lecture only?"}], "isTemplate": false, "id": "aceeffec-b94c-412e-835d-98ec6f8d9f68"}, {"count": 0, "data": [{"userDefined": false, "text": "Which classes would be considered lecture only?"}], "isTemplate": false, "id": "ac25ba82-4352-474b-b880-13ed964023e1"}, {"count": 0, "data": [{"userDefined": false, "text": "Which classes are taught only in lecture?"}], "isTemplate": false, "id": "046bd581-f1bb-49f1-a30b-8e36d28fadf1"}, {"count": 0, "data": [{"userDefined": false, "text": "Which classes are taught by lecture only?"}], "isTemplate": false, "id": "c4994bc6-949d-4cc3-8940-749c6f074ac4"}, {"count": 0, "data": [{"userDefined": false, "text": "Which classes include lecture only?"}], "isTemplate": false, "id": "d0ed7b5d-1f72-4cc2-83af-f43eaa1d0fd7"}]