[{"count": 0, "data": [{"userDefined": false, "text": "Can I take "}, {"userDefined": false, "meta": "@CLASS_NAME", "text": "systems programming", "alias": "CLASS_NAME"}, {"userDefined": false, "text": " as a tech elective?"}], "isTemplate": false, "id": "c2602d6a-d72b-4eda-919b-f45226e6a546"}, {"count": 0, "data": [{"userDefined": false, "text": "Would "}, {"userDefined": false, "meta": "@CLASS_NAME", "text": "systems programming", "alias": "CLASS_NAME"}, {"userDefined": false, "text": " count as a tech elective?"}], "isTemplate": false, "id": "e57b0622-969a-44b2-ac88-bead963ed1d7"}, {"count": 0, "data": [{"userDefined": false, "text": "Can I count "}, {"userDefined": false, "meta": "@CLASS_NAME", "text": "CSC 341", "alias": "CLASS_NAME"}, {"userDefined": false, "text": " as a tech elective?"}], "isTemplate": false, "id": "b4fbb49f-9ac7-448f-9096-d846b0abf91c"}, {"count": 0, "data": [{"userDefined": false, "text": "Can I count "}, {"userDefined": false, "meta": "@CLASS_NAME", "text": "CSC 357", "alias": "CLASS_NAME"}, {"userDefined": false, "text": " for a tech elective?"}], "isTemplate": false, "id": "a53b1b91-e32f-494f-9783-3a1a809ca452"}, {"count": 0, "data": [{"userDefined": false, "text": "Can I take "}, {"userDefined": false, "meta": "@CLASS_NAME", "text": "systems programming", "alias": "CLASS_NAME"}, {"userDefined": false, "text": " towards a tech elective?"}], "isTemplate": false, "id": "ae2e33bd-f8a4-4eac-a253-5c29abfdaa67"}, {"count": 0, "data": [{"userDefined": false, "text": "Can I select "}, {"userDefined": false, "meta": "@CLASS_NAME", "text": "CSC 341", "alias": "CLASS_NAME"}, {"userDefined": false, "text": " as a tech elective?"}], "isTemplate": false, "id": "26e3e32e-a2be-4bed-a616-787d795d5618"}]