[{"id": "387a62c0-3d31-4ec0-8ba4-43ec7aef1f52", "data": [{"userDefined": false, "text": "What is the class title for "}, {"meta": "@CLASS_NAME", "alias": "CLASS_NAME", "userDefined": false, "text": "current topics-in artificial intelligence"}, {"userDefined": false, "text": "?"}], "count": 0, "isTemplate": false}, {"id": "7e7b7e9f-4c5c-4e1f-8d9c-abce5095a2cb", "data": [{"userDefined": false, "text": "What class title is given to "}, {"meta": "@CLASS_NAME", "alias": "CLASS_NAME", "userDefined": false, "text": "CSC 581"}, {"userDefined": false, "text": "?"}], "count": 0, "isTemplate": false}, {"id": "a84761d3-3561-4896-91b0-fdcf73260701", "data": [{"userDefined": false, "text": "What class title is "}, {"meta": "@CLASS_NAME", "alias": "CLASS_NAME", "userDefined": false, "text": "CSC 400"}, {"userDefined": false, "text": " listed as?"}], "count": 0, "isTemplate": false}, {"id": "6b62247e-6f45-457c-b7fb-e10d6203c1d4", "data": [{"userDefined": false, "text": "Which course title is "}, {"meta": "@CLASS_NAME", "alias": "CLASS_NAME", "userDefined": false, "text": "topics-in advanced data mining"}, {"userDefined": false, "text": "?"}], "count": 0, "isTemplate": false}, {"id": "c2d09064-56b1-410f-915c-07e1ff626f65", "data": [{"userDefined": false, "text": "What is "}, {"meta": "@CLASS_NAME", "alias": "CLASS_NAME", "userDefined": false, "text": "computer programming-for scientists-and engineers"}, {"userDefined": false, "text": " called?"}], "count": 0, "isTemplate": false}, {"id": "cbf7e507-3aad-493b-b942-42cb520056df", "data": [{"userDefined": false, "text": "What is "}, {"meta": "@CLASS_NAME", "alias": "CLASS_NAME", "userDefined": false, "text": "CSC 566"}, {"userDefined": false, "text": "'s name?"}], "count": 0, "isTemplate": false}, {"id": "be2b5d31-a780-4578-903f-41701d5d9f00", "data": [{"userDefined": false, "text": "What name does "}, {"meta": "@CLASS_NAME", "alias": "CLASS_NAME", "userDefined": false, "text": "introduction-to computer graphics"}, {"userDefined": false, "text": " have?"}], "count": 0, "isTemplate": false}, {"id": "20fcae55-e092-4d59-83a2-c5de82cc014d", "data": [{"userDefined": false, "text": "What class name is "}, {"meta": "@CLASS_NAME", "alias": "CLASS_NAME", "userDefined": false, "text": "computer architecture"}, {"userDefined": false, "text": "?"}], "count": 0, "isTemplate": false}, {"id": "d2bb36fa-c404-4e24-ae1f-746aa473d3bb", "data": [{"userDefined": false, "text": "What is another name for "}, {"meta": "@CLASS_NAME", "alias": "CLASS_NAME", "userDefined": false, "text": "CSC 596"}, {"userDefined": false, "text": "?"}], "count": 0, "isTemplate": false}, {"id": "7c4c4d0e-2011-4c57-871e-05df5fcf21e7", "data": [{"userDefined": false, "text": "What name do people also call "}, {"meta": "@CLASS_NAME", "alias": "CLASS_NAME", "userDefined": false, "text": "teaching computer science"}, {"userDefined": false, "text": "?"}], "count": 0, "isTemplate": false}, {"id": "fe411691-661d-49cf-bc0c-ae82dd8c605d", "data": [{"userDefined": false, "text": "What is "}, {"meta": "@CLASS_NAME", "alias": "CLASS_NAME", "userDefined": false, "text": "introduction-to computer organization"}, {"userDefined": false, "text": " also named as?"}], "count": 0, "isTemplate": false}, {"id": "d8c1f7e3-d7aa-48a3-9d46-4f0751b2b6b2", "data": [{"userDefined": false, "text": "What is "}, {"meta": "@CLASS_NAME", "alias": "CLASS_NAME", "userDefined": false, "text": "CSC 357"}, {"userDefined": false, "text": " also called?"}], "count": 0, "isTemplate": false}, {"id": "f9b68ef3-616e-4b16-950a-82f26b9500e6", "data": [{"userDefined": false, "text": "What name is also given to "}, {"meta": "@CLASS_NAME", "alias": "CLASS_NAME", "userDefined": false, "text": "CSC 321"}, {"userDefined": false, "text": "?"}], "count": 0, "isTemplate": false}, {"id": "d6ace5f9-4f56-4de1-b213-c156799b6a7f", "data": [{"userDefined": false, "text": "What is the course title for "}, {"meta": "@CLASS_NAME", "alias": "CLASS_NAME", "userDefined": false, "text": "CSC 402"}, {"userDefined": false, "text": "?"}], "count": 0, "isTemplate": false}]