[{"count": 0, "data": [{"userDefined": false, "text": "Which courses are crosslisted in "}, {"userDefined": false, "meta": "@DEPARTMENT_ABBREVIATION", "text": "cpe", "alias": "DEPARTMENT_ABBREVIATION"}, {"userDefined": false, "text": "?"}], "isTemplate": false, "id": "72e10a2e-081a-4ce7-9e7e-9b545725521a"}, {"count": 0, "data": [{"userDefined": false, "text": "What classes are crosslisted in "}, {"userDefined": false, "meta": "@DEPARTMENT_ABBREVIATION", "text": "csc", "alias": "DEPARTMENT_ABBREVIATION"}, {"userDefined": false, "text": "?"}], "isTemplate": false, "id": "b8ed9906-b961-4cc5-8136-261e9dcb23e6"}, {"count": 0, "data": [{"userDefined": false, "text": "In "}, {"userDefined": false, "meta": "@DEPARTMENT_ABBREVIATION", "text": "csc", "alias": "DEPARTMENT_ABBREVIATION"}, {"userDefined": false, "text": ", which classes are crosslisted?"}], "isTemplate": false, "id": "17179f5b-4629-4c66-9801-f96a1976f422"}, {"count": 0, "data": [{"userDefined": false, "text": "Which classes can also be found in "}, {"userDefined": false, "meta": "@DEPARTMENT_ABBREVIATION", "text": "CSC", "alias": "DEPARTMENT_ABBREVIATION"}, {"userDefined": false, "text": "?"}], "isTemplate": false, "id": "e7d2ec73-b759-4854-a033-4b8f6fb02e03"}, {"count": 0, "data": [{"userDefined": false, "text": "Which classes are crosslisted in "}, {"userDefined": false, "meta": "@DEPARTMENT_ABBREVIATION", "text": "csc", "alias": "DEPARTMENT_ABBREVIATION"}, {"userDefined": false, "text": "?"}], "isTemplate": false, "id": "d47a7e0e-848e-45c8-9c66-155cb9c52fd0"}]