[{"count": 0, "data": [{"userDefined": false, "text": "Which courses count as a tech elective?"}], "isTemplate": false, "id": "ee35e5a3-0305-43a0-bc9b-8059b5603543"}, {"count": 0, "data": [{"userDefined": false, "text": "Which classes can count as a tech elective?"}], "isTemplate": false, "id": "79e81984-18a6-44d6-a942-8d98d5b955d1"}, {"count": 0, "data": [{"userDefined": false, "text": "What classes can also count as a tech elective?"}], "isTemplate": false, "id": "a924354c-b8fd-46a8-b3cb-32a826383702"}, {"count": 0, "data": [{"userDefined": false, "text": "What tech electives can I take?"}], "isTemplate": false, "id": "ee301496-9096-4054-a7fc-8fa448894fb9"}, {"count": 0, "data": [{"userDefined": false, "text": "Which classes can I take as a tech elective?"}], "isTemplate": false, "id": "a5015b41-9995-44ce-981d-e43510fb5860"}, {"count": 0, "data": [{"userDefined": false, "text": "Which classes can be taken as a tech elective?"}], "isTemplate": false, "id": "db710a26-5511-452e-a88c-0717ed1fde98"}, {"count": 0, "data": [{"userDefined": false, "text": "What tech electives can be taken?"}], "isTemplate": false, "id": "a0cd11da-ef06-4617-b1b5-9af372f61f79"}, {"count": 0, "data": [{"userDefined": false, "text": "Which classes count as a tech elective?"}], "isTemplate": false, "id": "d4c39f54-6430-4132-8e9a-fec91348ad89"}]