[{"count": 0, "data": [{"userDefined": false, "text": "Which courses are two-part sequences?"}], "isTemplate": false, "id": "7b301695-f8ef-432f-8602-dbc7aaf25477"}, {"count": 0, "data": [{"userDefined": false, "text": "Which classes are usually taken in two parts?"}], "isTemplate": false, "id": "f413142a-5d5c-497f-b74c-c3a28e60da1e"}, {"count": 0, "data": [{"userDefined": false, "text": "What courses are usually taken as a two-part sequence?"}], "isTemplate": false, "id": "a31e89ec-4210-4350-b46b-ae76ec11995c"}, {"count": 0, "data": [{"userDefined": false, "text": "Which courses are typically taken as two different parts?"}], "isTemplate": false, "id": "4e0ab022-d3b1-4340-b328-4c1c87ab19c0"}, {"count": 0, "data": [{"userDefined": false, "text": "Which classes are two-part sequences?"}], "isTemplate": false, "id": "3bc66c43-f039-48dd-b777-a613377c5574"}]