[{"count": 0, "data": [{"userDefined": false, "text": "Which courses are most similar to "}, {"userDefined": false, "meta": "@CLASS_NAME", "text": "CSC 357", "alias": "CLASS_NAME"}, {"userDefined": false, "text": "?"}], "isTemplate": false, "id": "84b0aeb9-4cba-483c-ad9c-db7a51f56d70"}, {"count": 0, "data": [{"userDefined": false, "text": "What classes are similar to "}, {"userDefined": false, "meta": "@CLASS_NAME", "text": "systems programming", "alias": "CLASS_NAME"}, {"userDefined": false, "text": "?"}], "isTemplate": false, "id": "31fa2fe9-6076-4391-8325-af07636c9ab3"}, {"count": 0, "data": [{"userDefined": false, "text": "Which courses are similar to "}, {"userDefined": false, "meta": "@CLASS_NAME", "text": "introduction to compilers", "alias": "CLASS_NAME"}, {"userDefined": false, "text": "?"}], "isTemplate": false, "id": "454d5cb7-da29-4d69-8fe2-0c1d0cde5bc8"}, {"count": 0, "data": [{"userDefined": false, "text": "Which classes are like "}, {"userDefined": false, "meta": "@CLASS_NAME", "text": "CSC 357", "alias": "CLASS_NAME"}, {"userDefined": false, "text": "?"}], "isTemplate": false, "id": "78f12e9f-0832-457d-a967-36322c723642"}, {"count": 0, "data": [{"userDefined": false, "text": "If I could not get "}, {"userDefined": false, "meta": "@CLASS_NAME", "text": "systems programming", "alias": "CLASS_NAME"}, {"userDefined": false, "text": ", which classes should I take instead?"}], "isTemplate": false, "id": "109daed5-73e5-4acf-9b9e-74bd18ae1d9d"}, {"count": 0, "data": [{"userDefined": false, "text": "Which classes are most similar to "}, {"userDefined": false, "meta": "@CLASS_NAME", "text": "CSC 357", "alias": "CLASS_NAME"}, {"userDefined": false, "text": "?"}], "isTemplate": false, "id": "4795cb69-2a41-4a75-b91c-8e0e25a100b5"}]