[{"id": "472a656c-b4f9-43f7-bc71-1af5a25556df", "data": [{"userDefined": false, "text": "How many units is "}, {"meta": "@CLASS_NAME", "alias": "CLASS_NAME", "userDefined": false, "text": "CSC 123"}, {"userDefined": false, "text": " worth?"}], "count": 0, "isTemplate": false}, {"id": "1d9eb970-21a6-42ff-9275-4b23040f99a8", "data": [{"userDefined": false, "text": "How many credits is "}, {"meta": "@CLASS_NAME", "alias": "CLASS_NAME", "userDefined": false, "text": "CSC 309"}, {"userDefined": false, "text": " worth?"}], "count": 0, "isTemplate": false}, {"id": "df25f2bf-59a6-479d-a3c0-2ccd37e7f5a2", "data": [{"userDefined": false, "text": "How many credits is "}, {"meta": "@CLASS_NAME", "alias": "CLASS_NAME", "userDefined": false, "text": "CSC 236"}, {"userDefined": false, "text": "?"}], "count": 0, "isTemplate": false}, {"id": "ea724430-2914-48ae-8839-a1cf15dad019", "data": [{"userDefined": false, "text": "How many units does "}, {"meta": "@CLASS_NAME", "alias": "CLASS_NAME", "userDefined": false, "text": "current topics-in artificial intelligence"}, {"userDefined": false, "text": " count for?"}], "count": 0, "isTemplate": false}, {"id": "25a4f9b6-e145-4efd-81c0-93c0e77cd14d", "data": [{"userDefined": false, "text": "How many units is "}, {"meta": "@CLASS_NAME", "alias": "CLASS_NAME", "userDefined": false, "text": "CSC 564"}, {"userDefined": false, "text": "?"}], "count": 0, "isTemplate": false}]