[{"id": "de52ca19-96d9-4c9f-844c-ce00986b2982", "data": [{"userDefined": false, "text": "What are prerequisites for taking "}, {"meta": "@CLASS_NAME", "alias": "CLASS_NAME", "userDefined": false, "text": "CSC 599"}, {"userDefined": false, "text": "?"}], "count": 0, "isTemplate": false}, {"id": "3e221880-5402-45f9-8d79-a5f7ccbe2b69", "data": [{"userDefined": false, "text": "What are some prereqs for "}, {"meta": "@CLASS_NAME", "alias": "CLASS_NAME", "userDefined": false, "text": "CSC 406"}, {"userDefined": false, "text": "?"}], "count": 0, "isTemplate": false}, {"id": "d4e6286e-5481-4d15-9968-7d00cc303efc", "data": [{"userDefined": false, "text": "What are the prerequisites to take "}, {"meta": "@CLASS_NAME", "alias": "CLASS_NAME", "userDefined": false, "text": "CSC 521"}, {"userDefined": false, "text": "?"}], "count": 0, "isTemplate": false}, {"id": "857151e6-2676-4a7c-96c4-8a6c937b2c15", "data": [{"userDefined": false, "text": "What are the prereqs to take "}, {"meta": "@CLASS_NAME", "alias": "CLASS_NAME", "userDefined": false, "text": "introduction-to operating systems"}, {"userDefined": false, "text": "?"}], "count": 0, "isTemplate": false}, {"id": "f3ced57c-bbbe-4d50-a8ff-e5ff95907dac", "data": [{"userDefined": false, "text": "What are the prerequisites for "}, {"meta": "@CLASS_NAME", "alias": "CLASS_NAME", "userDefined": false, "text": "CSC 581"}, {"userDefined": false, "text": "?"}], "count": 0, "isTemplate": false}]