[{"id": "0215e9af-8514-4ff4-a1ef-f7dbf0eb37c5", "data": [{"userDefined": false, "text": "Which courses are credit/no credit grading only?"}], "count": 0, "isTemplate": false}, {"id": "97aff8e4-d3b6-49ac-a888-c3fc5e876391", "data": [{"userDefined": false, "text": "Which classes are credit or no credit grading only?"}], "count": 0, "isTemplate": false}, {"id": "3ca662d9-e92e-48e5-a226-c745c0f5ce33", "data": [{"userDefined": false, "text": "Which classes can only be taken credit or no credit?"}], "count": 0, "isTemplate": false}, {"id": "0f39a3f2-abe7-4c35-888e-ea6a243347a7", "data": [{"userDefined": false, "text": "What are classes that can only be taken credit or no credit?"}], "count": 0, "isTemplate": false}, {"id": "4aa5cdc8-ba18-4d9d-b36c-c23d199f9e91", "data": [{"userDefined": false, "text": "What are credit or no credit only classes?"}], "count": 0, "isTemplate": false}, {"id": "c4afaada-a7ba-4f76-a7f4-f6798ec6f985", "data": [{"userDefined": false, "text": "What are credit or no credit only courses?"}], "count": 0, "isTemplate": false}, {"id": "95545cc6-e85f-4d09-bea9-eba1b406c70c", "data": [{"userDefined": false, "text": "Which classes are credit/no credit grading only?"}], "count": 0, "isTemplate": false}]