[{"id": "824cba15-5e19-45df-a42b-6baa623b0aee", "data": [{"userDefined": false, "text": "What topics are taught in "}, {"meta": "@CLASS_NAME", "alias": "CLASS_NAME", "userDefined": false, "text": "introduction-to computer organization"}, {"userDefined": false, "text": "?"}], "count": 0, "isTemplate": false}, {"id": "611253b0-6099-4cda-9095-30403da30ed1", "data": [{"userDefined": false, "text": "Which topics are covered in "}, {"meta": "@CLASS_NAME", "alias": "CLASS_NAME", "userDefined": false, "text": "fundamentals-of computer science-for scientists-and engineers ii"}, {"userDefined": false, "text": "?"}], "count": 0, "isTemplate": false}, {"id": "f110b536-b4be-4a99-9af2-25e92d374dfb", "data": [{"userDefined": false, "text": "What topics does "}, {"meta": "@CLASS_NAME", "alias": "CLASS_NAME", "userDefined": false, "text": "CSC 101"}, {"userDefined": false, "text": " cover?"}], "count": 0, "isTemplate": false}, {"id": "b576cd8f-960e-45c0-af51-96d2937cb566", "data": [{"userDefined": false, "text": "Which topics does "}, {"meta": "@CLASS_NAME", "alias": "CLASS_NAME", "userDefined": false, "text": "CSC 469"}, {"userDefined": false, "text": " cover?"}], "count": 0, "isTemplate": false}, {"id": "bf77430c-cc24-4b7c-8aa5-3dd63adf76e1", "data": [{"userDefined": false, "text": "What does it look like to take "}, {"meta": "@CLASS_NAME", "alias": "CLASS_NAME", "userDefined": false, "text": "knowledge discovery-from data"}, {"userDefined": false, "text": "?"}], "count": 0, "isTemplate": false}, {"id": "95b8b1a8-d14c-4b7f-9ba8-c2001450e019", "data": [{"userDefined": false, "text": "What will I learn in "}, {"meta": "@CLASS_NAME", "alias": "CLASS_NAME", "userDefined": false, "text": "CSC 493"}, {"userDefined": false, "text": "?"}], "count": 0, "isTemplate": false}, {"id": "5bb43f7b-17ab-4ea8-b061-8933457f1d30", "data": [{"userDefined": false, "text": "What is the course description for "}, {"meta": "@CLASS_NAME", "alias": "CLASS_NAME", "userDefined": false, "text": "CSC 474"}, {"userDefined": false, "text": "?"}], "count": 0, "isTemplate": false}, {"id": "489c075e-e61a-433b-942d-f68e33947f57", "data": [{"userDefined": false, "text": "What do you learn about in "}, {"meta": "@CLASS_NAME", "alias": "CLASS_NAME", "userDefined": false, "text": "CSC 453"}, {"userDefined": false, "text": "?"}], "count": 0, "isTemplate": false}, {"id": "86c2ba0c-8de6-4d88-858b-26c9ae2dd906", "data": [{"userDefined": false, "text": "What is "}, {"meta": "@CLASS_NAME", "alias": "CLASS_NAME", "userDefined": false, "text": "CSC 530"}, {"userDefined": false, "text": " about?"}], "count": 0, "isTemplate": false}, {"id": "2df735a1-bf70-4b61-9b57-d895e3af4fd9", "data": [{"userDefined": false, "text": "What topics are covered in "}, {"meta": "@CLASS_NAME", "alias": "CLASS_NAME", "userDefined": false, "text": "thesis seminar"}, {"userDefined": false, "text": "?"}], "count": 0, "isTemplate": false}]