[{"count": 0, "data": [{"userDefined": false, "text": "Can I fulfill my "}, {"userDefined": false, "meta": "@GE_AREA", "text": "b3", "alias": "GE_AREA"}, {"userDefined": false, "text": " with "}, {"userDefined": false, "meta": "@CLASS_NAME", "text": "CSC 357", "alias": "CLASS_NAME"}, {"userDefined": false, "text": "?"}], "isTemplate": false, "id": "88189d6e-3fe6-4c60-84b8-36016df5964b"}, {"count": 0, "data": [{"userDefined": false, "text": "Can I get credits for GE Area "}, {"userDefined": false, "meta": "@GE_AREA", "text": "B1", "alias": "GE_AREA"}, {"userDefined": false, "text": " with "}, {"userDefined": false, "meta": "@CLASS_NAME", "text": "CSC 357", "alias": "CLASS_NAME"}, {"userDefined": false, "text": "?"}], "isTemplate": false, "id": "2caba9d5-bb2c-463a-b816-d3b4d8685fc7"}, {"count": 0, "data": [{"userDefined": false, "text": "Can I get credits for "}, {"userDefined": false, "meta": "@GE_AREA", "text": "B2", "alias": "GE_AREA"}, {"userDefined": false, "text": " with "}, {"userDefined": false, "meta": "@CLASS_NAME", "text": "CSC 341", "alias": "CLASS_NAME"}, {"userDefined": false, "text": "?"}], "isTemplate": false, "id": "59f7f276-8c1a-49a8-a03d-9d752b544104"}, {"count": 0, "data": [{"userDefined": false, "text": "Is it possible to get credits for GE Area "}, {"userDefined": false, "meta": "@GE_AREA", "text": "C1", "alias": "GE_AREA"}, {"userDefined": false, "text": " with "}, {"userDefined": false, "meta": "@CLASS_NAME", "text": "introduction to compilers", "alias": "CLASS_NAME"}, {"userDefined": false, "text": "?"}], "isTemplate": false, "id": "f527658a-c037-45b2-bf3a-b30a46de80d0"}, {"count": 0, "data": [{"userDefined": false, "text": "Does "}, {"userDefined": false, "meta": "@CLASS_NAME", "text": "systems programming", "alias": "CLASS_NAME"}, {"userDefined": false, "text": " fulfill GE Area "}, {"userDefined": false, "meta": "@GE_AREA", "text": "d4", "alias": "GE_AREA"}, {"userDefined": false, "text": "?"}], "isTemplate": false, "id": "458ddebb-3a35-41ee-a500-46243e0da5db"}]