[{"count": 0, "data": [{"userDefined": false, "text": "What topics are taught in "}, {"userDefined": false, "meta": "@CLASS_NAME", "text": "systems programming", "alias": "CLASS_NAME"}, {"userDefined": false, "text": "?"}], "isTemplate": false, "id": "3772f349-01c0-4b11-9863-0b7a62d00086"}, {"count": 0, "data": [{"userDefined": false, "text": "Which topics are covered in "}, {"userDefined": false, "meta": "@CLASS_NAME", "text": "systems programming", "alias": "CLASS_NAME"}, {"userDefined": false, "text": "?"}], "isTemplate": false, "id": "df83146b-961d-4fa0-b7c5-d85651649930"}, {"count": 0, "data": [{"userDefined": false, "text": "What topics does "}, {"userDefined": false, "meta": "@CLASS_NAME", "text": "CSC 341", "alias": "CLASS_NAME"}, {"userDefined": false, "text": " cover?"}], "isTemplate": false, "id": "784e33c2-fa87-4a94-8299-04027f677c9d"}, {"count": 0, "data": [{"userDefined": false, "text": "Which topics does "}, {"userDefined": false, "meta": "@CLASS_NAME", "text": "systems programming", "alias": "CLASS_NAME"}, {"userDefined": false, "text": " cover?"}], "isTemplate": false, "id": "24c8c799-208a-4d05-84f2-d2c8d593b6c2"}, {"count": 0, "data": [{"userDefined": false, "text": "What does it look like to take "}, {"userDefined": false, "meta": "@CLASS_NAME", "text": "CSC 357", "alias": "CLASS_NAME"}, {"userDefined": false, "text": "?"}], "isTemplate": false, "id": "a0b8c93e-c010-447b-ad87-eb7bbc6a5f67"}, {"count": 0, "data": [{"userDefined": false, "text": "What will I learn in "}, {"userDefined": false, "meta": "@CLASS_NAME", "text": "introduction to compilers", "alias": "CLASS_NAME"}, {"userDefined": false, "text": "?"}], "isTemplate": false, "id": "df0f3554-3781-40bf-a7b4-b58ec3910bbf"}, {"count": 0, "data": [{"userDefined": false, "text": "What is the course description for "}, {"userDefined": false, "meta": "@CLASS_NAME", "text": "introduction to compilers", "alias": "CLASS_NAME"}, {"userDefined": false, "text": "?"}], "isTemplate": false, "id": "627e3a1b-f7a7-4cfe-a82e-fbfdd20bdc86"}, {"count": 0, "data": [{"userDefined": false, "text": "What do you learn about in "}, {"userDefined": false, "meta": "@CLASS_NAME", "text": "CSC 341", "alias": "CLASS_NAME"}, {"userDefined": false, "text": "?"}], "isTemplate": false, "id": "f4adf880-f46c-4480-b4b3-cd6f48e2205e"}, {"count": 0, "data": [{"userDefined": false, "text": "What is "}, {"userDefined": false, "meta": "@CLASS_NAME", "text": "introduction to compilers", "alias": "CLASS_NAME"}, {"userDefined": false, "text": " about?"}], "isTemplate": false, "id": "966b2b20-f92e-4a1f-afb3-c41dcbe3c1f4"}, {"count": 0, "data": [{"userDefined": false, "text": "What topics are covered in "}, {"userDefined": false, "meta": "@CLASS_NAME", "text": "introduction to compilers", "alias": "CLASS_NAME"}, {"userDefined": false, "text": "?"}], "isTemplate": false, "id": "88eaf261-718c-4c0a-a373-2dc5795689de"}]