[{"count": 0, "data": [{"userDefined": false, "text": "What is the class title for "}, {"userDefined": false, "meta": "@CLASS_NAME", "text": "introduction to compilers", "alias": "CLASS_NAME"}, {"userDefined": false, "text": "?"}], "isTemplate": false, "id": "dba897b4-664a-40c5-847c-028aa0d78ad0"}, {"count": 0, "data": [{"userDefined": false, "text": "What class title is given to "}, {"userDefined": false, "meta": "@CLASS_NAME", "text": "CSC 357", "alias": "CLASS_NAME"}, {"userDefined": false, "text": "?"}], "isTemplate": false, "id": "80fd9259-04c8-4075-8a19-43de8aaaa36c"}, {"count": 0, "data": [{"userDefined": false, "text": "What class title is "}, {"userDefined": false, "meta": "@CLASS_NAME", "text": "introduction to compilers", "alias": "CLASS_NAME"}, {"userDefined": false, "text": " listed as?"}], "isTemplate": false, "id": "40cc0ebe-40c3-4553-a7f1-30ea8ab0b2ea"}, {"count": 0, "data": [{"userDefined": false, "text": "Which course title is "}, {"userDefined": false, "meta": "@CLASS_NAME", "text": "introduction to compilers", "alias": "CLASS_NAME"}, {"userDefined": false, "text": "?"}], "isTemplate": false, "id": "7441e26c-657d-493d-9271-beaab9fd72a4"}, {"count": 0, "data": [{"userDefined": false, "text": "What is the course title for "}, {"userDefined": false, "meta": "@CLASS_NAME", "text": "CSC 357", "alias": "CLASS_NAME"}, {"userDefined": false, "text": "?"}], "isTemplate": false, "id": "caeac766-236f-4415-b9ed-133330803e1b"}]