[{"count": 0, "data": [{"userDefined": false, "text": "Can "}, {"userDefined": false, "meta": "@CLASS_NAME", "text": "CSC 341", "alias": "CLASS_NAME"}, {"userDefined": false, "text": " only be taken as credit or no credit?"}], "isTemplate": false, "id": "9ecd5e94-f028-4153-b4e8-dc06a2b5b114"}, {"count": 0, "data": [{"userDefined": false, "text": "Can you only take "}, {"userDefined": false, "meta": "@CLASS_NAME", "text": "systems programming", "alias": "CLASS_NAME"}, {"userDefined": false, "text": " as credit or no credit?"}], "isTemplate": false, "id": "efdbbb63-cc20-48f7-9a10-4e2aff2daca2"}, {"count": 0, "data": [{"userDefined": false, "text": "Is "}, {"userDefined": false, "meta": "@CLASS_NAME", "text": "systems programming", "alias": "CLASS_NAME"}, {"userDefined": false, "text": " credit or no credit only?"}], "isTemplate": false, "id": "7e3b54be-d2a2-46f5-9a9d-7f6cf8a04325"}, {"count": 0, "data": [{"userDefined": false, "text": "Is "}, {"userDefined": false, "meta": "@CLASS_NAME", "text": "introduction to compilers", "alias": "CLASS_NAME"}, {"userDefined": false, "text": " credit or no credit grading only?"}], "isTemplate": false, "id": "b7ea5346-8989-45e5-9b94-05a001278aa5"}, {"count": 0, "data": [{"userDefined": false, "text": "Is "}, {"userDefined": false, "meta": "@CLASS_NAME", "text": "systems programming", "alias": "CLASS_NAME"}, {"userDefined": false, "text": " credit/no credit grading only?"}], "isTemplate": false, "id": "e88e7d1c-e41e-4960-87e7-8a21c3e53db0"}]