[{"id": "f5b0ecb5-868f-4043-970b-25320552c4d0", "data": [{"userDefined": false, "text": "Can I find "}, {"meta": "@CLASS_NAME", "alias": "CLASS_NAME", "userDefined": false, "text": "cooperative education experience"}, {"userDefined": false, "text": " listed in another department?"}], "count": 0, "isTemplate": false}, {"id": "ead25c0f-cbbd-42f9-b463-54ece87d120d", "data": [{"userDefined": false, "text": "Is there another department listing of "}, {"meta": "@CLASS_NAME", "alias": "CLASS_NAME", "userDefined": false, "text": "special problems"}, {"userDefined": false, "text": "?"}], "count": 0, "isTemplate": false}, {"id": "18d4baa4-bbad-4ea7-a0cb-51f4dfc141f1", "data": [{"userDefined": false, "text": "Is "}, {"meta": "@CLASS_NAME", "alias": "CLASS_NAME", "userDefined": false, "text": "compiler construction"}, {"userDefined": false, "text": " crosslisted somewhere else?"}], "count": 0, "isTemplate": false}, {"id": "080a5c03-0ca2-46ba-92be-4661869f83af", "data": [{"userDefined": false, "text": "Is "}, {"meta": "@CLASS_NAME", "alias": "CLASS_NAME", "userDefined": false, "text": "introduction-to object oriented design using graphical user interfaces"}, {"userDefined": false, "text": " crosslisted in some other department?"}], "count": 0, "isTemplate": false}, {"id": "ca8cdd73-f7db-49d7-8a20-2c3813efbbc3", "data": [{"userDefined": false, "text": "Is "}, {"meta": "@CLASS_NAME", "alias": "CLASS_NAME", "userDefined": false, "text": "introduction-to computer organization"}, {"userDefined": false, "text": " crosslisted in another department?"}], "count": 0, "isTemplate": false}]