[{"count": 0, "data": [{"userDefined": false, "text": "Which courses include group work?"}], "isTemplate": false, "id": "ed8ef855-a44b-4483-b367-c3e2abb4ce93"}, {"count": 0, "data": [{"userDefined": false, "text": "Which classes have a lot of group work?"}], "isTemplate": false, "id": "bddac447-a602-496a-9322-e4a9e9310f9b"}, {"count": 0, "data": [{"userDefined": false, "text": "What classes can I take that has group work?"}], "isTemplate": false, "id": "e6659c2a-aa45-4e35-9085-bd3be06156a4"}, {"count": 0, "data": [{"userDefined": false, "text": "What courses consist of mostly group work?"}], "isTemplate": false, "id": "e7f134c2-03ed-46d1-9920-b07351c8fff8"}, {"count": 0, "data": [{"userDefined": false, "text": "Which classes include group work?"}], "isTemplate": false, "id": "f2abeb75-50aa-4e73-8a87-84e8aa91cb8f"}]