[{"count": 0, "data": [{"userDefined": false, "text": "Which courses don't include "}, {"userDefined": false, "meta": "@SUBJECT_MATTER", "text": "object oriented programming", "alias": "SUBJECT_MATTER"}, {"userDefined": false, "text": "?"}], "isTemplate": false, "id": "06be47bc-a117-415c-8fce-c21e1ddd8fec"}, {"count": 0, "data": [{"userDefined": false, "text": "What are classes that don't include "}, {"userDefined": false, "meta": "@SUBJECT_MATTER", "text": "object oriented", "alias": "SUBJECT_MATTER"}, {"userDefined": false, "text": "?"}], "isTemplate": false, "id": "f0f13417-8a6c-47c2-bff8-e674deaa757c"}, {"count": 0, "data": [{"userDefined": false, "text": "What are some classes that don't include "}, {"userDefined": false, "meta": "@SUBJECT_MATTER", "text": "OOP", "alias": "SUBJECT_MATTER"}, {"userDefined": false, "text": "?"}], "isTemplate": false, "id": "3279d0a3-79a8-439a-93ac-7c97f1120b03"}, {"count": 0, "data": [{"userDefined": false, "text": "Which classes don't consist of "}, {"userDefined": false, "meta": "@SUBJECT_MATTER", "text": "compilers", "alias": "SUBJECT_MATTER"}, {"userDefined": false, "text": "?"}], "isTemplate": false, "id": "5fc26423-86fd-4b85-a12c-a0d911ea5b78"}, {"count": 0, "data": [{"userDefined": false, "text": "Which classes don't touch on "}, {"userDefined": false, "meta": "@SUBJECT_MATTER", "text": "object oriented", "alias": "SUBJECT_MATTER"}, {"userDefined": false, "text": "?"}], "isTemplate": false, "id": "4e8434fc-5fac-4ae8-b031-f22ffc2826ae"}, {"count": 0, "data": [{"userDefined": false, "text": "Which classes don\u2019t include "}, {"userDefined": false, "meta": "@SUBJECT_MATTER", "text": "object oriented programming", "alias": "SUBJECT_MATTER"}, {"userDefined": false, "text": "?"}], "isTemplate": false, "id": "4dff63c2-423f-4515-a951-5026c5cc5525"}]