[{"count": 0, "data": [{"userDefined": false, "text": "Which courses fulfill GE Area "}, {"userDefined": false, "meta": "@GE_AREA", "text": "B1", "alias": "GE_AREA"}, {"userDefined": false, "text": "?"}], "isTemplate": false, "id": "dbbc5d91-764a-477a-9a58-b2830a3c21b3"}, {"count": 0, "data": [{"userDefined": false, "text": "Which classes can I fulfill my "}, {"userDefined": false, "meta": "@GE_AREA", "text": "B3", "alias": "GE_AREA"}, {"userDefined": false, "text": " with?"}], "isTemplate": false, "id": "3429469e-a5c5-44e5-9dca-8d3aac4914c7"}, {"count": 0, "data": [{"userDefined": false, "text": "Which classes can I get credits for GE Area "}, {"userDefined": false, "meta": "@GE_AREA", "text": "d1", "alias": "GE_AREA"}, {"userDefined": false, "text": " with?"}], "isTemplate": false, "id": "aadb030c-24ae-403e-be1d-97cbc311162b"}, {"count": 0, "data": [{"userDefined": false, "text": "Which classes give me credits for "}, {"userDefined": false, "meta": "@GE_AREA", "text": "A1", "alias": "GE_AREA"}, {"userDefined": false, "text": "?"}], "isTemplate": false, "id": "af1382b6-61b8-44ee-a19c-6459a86e0dda"}, {"count": 0, "data": [{"userDefined": false, "text": "Which classes are possible to get credits for GE Area "}, {"userDefined": false, "meta": "@GE_AREA", "text": "b2", "alias": "GE_AREA"}, {"userDefined": false, "text": "?"}], "isTemplate": false, "id": "5d4cd638-d2ab-4321-bf72-9d6252e3d8bf"}, {"count": 0, "data": [{"userDefined": false, "text": "Which classes fulfill GE Area "}, {"userDefined": false, "meta": "@GE_AREA", "text": "b2", "alias": "GE_AREA"}, {"userDefined": false, "text": "?"}], "isTemplate": false, "id": "ad10beb1-97c9-46c6-806c-f37a75d44d2e"}]