[{"id": "94b3c00a-f9f1-4263-9890-b0d75ace0893", "data": [{"userDefined": false, "text": "Which courses require "}, {"meta": "@CLASS_QUALIFICATION", "alias": "CLASS_QUALIFICATION", "userDefined": false, "text": "junior"}, {"userDefined": false, "text": " standing?"}], "count": 0, "isTemplate": false}, {"id": "82424280-3db2-4310-99c8-777d70e0c1dd", "data": [{"userDefined": false, "text": "Which classes require me to be a "}, {"meta": "@CLASS_QUALIFICATION", "alias": "CLASS_QUALIFICATION", "userDefined": false, "text": "senior"}, {"userDefined": false, "text": "?"}], "count": 0, "isTemplate": false}, {"id": "87c7ff9a-2dfc-4810-ad3d-1a49c5f3babe", "data": [{"userDefined": false, "text": "Which courses do I need to be a "}, {"meta": "@CLASS_QUALIFICATION", "alias": "CLASS_QUALIFICATION", "userDefined": false, "text": "sophomore"}, {"userDefined": false, "text": " to take?"}], "count": 0, "isTemplate": false}, {"id": "88708265-f9a7-4787-ad40-eb40b703ecc5", "data": [{"userDefined": false, "text": "Which classes need "}, {"meta": "@CLASS_QUALIFICATION", "alias": "CLASS_QUALIFICATION", "userDefined": false, "text": "junior"}, {"userDefined": false, "text": " standing?"}], "count": 0, "isTemplate": false}, {"id": "f32525b3-5272-46f4-919b-b2e8a71fe55b", "data": [{"userDefined": false, "text": "Which classes need "}, {"meta": "@CLASS_QUALIFICATION", "alias": "CLASS_QUALIFICATION", "userDefined": false, "text": "freshman"}, {"userDefined": false, "text": " in order to take them?"}], "count": 0, "isTemplate": false}, {"id": "213a432a-489e-4f00-8679-5078f8ccf8ea", "data": [{"userDefined": false, "text": "Which classes require "}, {"meta": "@CLASS_QUALIFICATION", "alias": "CLASS_QUALIFICATION", "userDefined": false, "text": "freshman"}, {"userDefined": false, "text": " standing?"}], "count": 0, "isTemplate": false}]