[{"id": "998d3cca-8dc5-4e7c-855c-327a1e07c342", "data": [{"userDefined": false, "text": "Does "}, {"meta": "@CLASS_NAME", "alias": "CLASS_NAME", "userDefined": false, "text": "computer networks: research topics"}, {"userDefined": false, "text": " have an upper division prerequisite?"}], "count": 0, "isTemplate": false}, {"id": "37b844a5-8136-47da-bf39-72a7a149df48", "data": [{"userDefined": false, "text": "Is there an upper division prerequisite for "}, {"meta": "@CLASS_NAME", "alias": "CLASS_NAME", "userDefined": false, "text": "computer support-for knowledge management"}, {"userDefined": false, "text": "?"}], "count": 0, "isTemplate": false}, {"id": "c22b3162-9583-451b-9692-d2bc1a4acb74", "data": [{"userDefined": false, "text": "Are there upper division prerequisites for "}, {"meta": "@CLASS_NAME", "alias": "CLASS_NAME", "userDefined": false, "text": "introduction-to object oriented design using graphical user interfaces"}, {"userDefined": false, "text": "?"}], "count": 0, "isTemplate": false}, {"id": "a0c07e45-0684-4aab-a6b6-ea8d4a09c9d3", "data": [{"userDefined": false, "text": "Does "}, {"meta": "@CLASS_NAME", "alias": "CLASS_NAME", "userDefined": false, "text": "CSC 429"}, {"userDefined": false, "text": " have an upper division prereq?"}], "count": 0, "isTemplate": false}, {"id": "a806dcac-6b73-4fb7-895a-a6b003806d56", "data": [{"userDefined": false, "text": "Is there an upper division prereq for "}, {"meta": "@CLASS_NAME", "alias": "CLASS_NAME", "userDefined": false, "text": "current topics-in computer graphics"}, {"userDefined": false, "text": "?"}], "count": 0, "isTemplate": false}, {"id": "22a73fe7-349b-4ac7-b549-3932e3d36336", "data": [{"userDefined": false, "text": "Are there upper division prereqs for "}, {"meta": "@CLASS_NAME", "alias": "CLASS_NAME", "userDefined": false, "text": "CSC 480"}, {"userDefined": false, "text": "?"}], "count": 0, "isTemplate": false}, {"id": "2e3cf76e-1bdd-47ac-af5a-db687ae4ba80", "data": [{"userDefined": false, "text": "Does "}, {"meta": "@CLASS_NAME", "alias": "CLASS_NAME", "userDefined": false, "text": "CSC 550"}, {"userDefined": false, "text": " have an upper divisional prerequisite?"}], "count": 0, "isTemplate": false}]