[{"count": 0, "data": [{"userDefined": false, "text": "What courses should I take with "}, {"userDefined": false, "meta": "@CLASS_NAME", "text": "CSC 341", "alias": "CLASS_NAME"}, {"userDefined": false, "text": "?"}], "isTemplate": false, "id": "54ec19c8-f7c5-435c-a745-26dedeb8991f"}, {"count": 0, "data": [{"userDefined": false, "text": "What are good classes that I should take with "}, {"userDefined": false, "meta": "@CLASS_NAME", "text": "systems programming", "alias": "CLASS_NAME"}, {"userDefined": false, "text": "?"}], "isTemplate": false, "id": "7a371aa0-9df7-45df-961f-7fd622aec637"}, {"count": 0, "data": [{"userDefined": false, "text": "What classes would people recommend taking "}, {"userDefined": false, "meta": "@CLASS_NAME", "text": "systems programming", "alias": "CLASS_NAME"}, {"userDefined": false, "text": " with?"}], "isTemplate": false, "id": "9a7c75b2-7c44-428d-809f-23f9a8012d61"}, {"count": 0, "data": [{"userDefined": false, "text": "Which classes would students recommend taking "}, {"userDefined": false, "meta": "@CLASS_NAME", "text": "introduction to compilers", "alias": "CLASS_NAME"}, {"userDefined": false, "text": " alongside?"}], "isTemplate": false, "id": "97a9796a-3882-4cd8-87aa-74b326dc9f37"}, {"count": 0, "data": [{"userDefined": false, "text": "Which courses would be good for me to take with "}, {"userDefined": false, "meta": "@CLASS_NAME", "text": "CSC 341", "alias": "CLASS_NAME"}, {"userDefined": false, "text": "?"}], "isTemplate": false, "id": "b2abe644-0420-4f77-a405-3283cb51f8dc"}, {"count": 0, "data": [{"userDefined": false, "text": "What classes should I take with "}, {"userDefined": false, "meta": "@CLASS_NAME", "text": "CSC 357", "alias": "CLASS_NAME"}, {"userDefined": false, "text": "?"}], "isTemplate": false, "id": "723acc0e-0b24-44ca-89ab-181d1281e47c"}]