[{"count": 0, "data": [{"userDefined": false, "text": "Can I find "}, {"userDefined": false, "meta": "@CLASS_NAME", "text": "systems programming", "alias": "CLASS_NAME"}, {"userDefined": false, "text": " listed in another department?"}], "isTemplate": false, "id": "b217dbf0-b840-4e55-8eb5-9cc84bed9f95"}, {"count": 0, "data": [{"userDefined": false, "text": "Is there another department listing of "}, {"userDefined": false, "meta": "@CLASS_NAME", "text": "systems programming", "alias": "CLASS_NAME"}, {"userDefined": false, "text": "?"}], "isTemplate": false, "id": "e63587fb-b510-49e5-b058-19e795721f84"}, {"count": 0, "data": [{"userDefined": false, "text": "Is "}, {"userDefined": false, "meta": "@CLASS_NAME", "text": "introduction to compilers", "alias": "CLASS_NAME"}, {"userDefined": false, "text": " crosslisted somewhere else?"}], "isTemplate": false, "id": "3809d99d-d396-43be-8458-e34f56026d40"}, {"count": 0, "data": [{"userDefined": false, "text": "Is "}, {"userDefined": false, "meta": "@CLASS_NAME", "text": "CSC 357", "alias": "CLASS_NAME"}, {"userDefined": false, "text": " crosslisted in some other department?"}], "isTemplate": false, "id": "b0b7c8ca-f725-4602-b9c7-369f04248346"}, {"count": 0, "data": [{"userDefined": false, "text": "Is "}, {"userDefined": false, "meta": "@CLASS_NAME", "text": "systems programming", "alias": "CLASS_NAME"}, {"userDefined": false, "text": " crosslisted in another department?"}], "isTemplate": false, "id": "3e4691aa-0056-4a7a-9bff-2074a032c304"}]