[{"id": "950737d0-ee85-4c5b-a426-36015986c00d", "data": [{"userDefined": false, "text": "Can I fulfill my "}, {"meta": "@GE_AREA", "alias": "GE_AREA", "userDefined": false, "text": "b1"}, {"userDefined": false, "text": " with "}, {"meta": "@CLASS_NAME", "alias": "CLASS_NAME", "userDefined": false, "text": "computer support-for knowledge management"}, {"userDefined": false, "text": "?"}], "count": 0, "isTemplate": false}, {"id": "c338a939-787b-43de-bdae-7ab2fea80375", "data": [{"userDefined": false, "text": "Can I get credits for GE Area "}, {"meta": "@GE_AREA", "alias": "GE_AREA", "userDefined": false, "text": "b4"}, {"userDefined": false, "text": " with "}, {"meta": "@CLASS_NAME", "alias": "CLASS_NAME", "userDefined": false, "text": "CSC 477"}, {"userDefined": false, "text": "?"}], "count": 0, "isTemplate": false}, {"id": "b3d2621d-ab3e-40f2-b390-b2ff72ebd33d", "data": [{"userDefined": false, "text": "Can I get credits for "}, {"meta": "@GE_AREA", "alias": "GE_AREA", "userDefined": false, "text": "B3"}, {"userDefined": false, "text": " with "}, {"meta": "@CLASS_NAME", "alias": "CLASS_NAME", "userDefined": false, "text": "knowledge based systems"}, {"userDefined": false, "text": "?"}], "count": 0, "isTemplate": false}, {"id": "122eae98-c48a-4fd0-89ab-70383d268c21", "data": [{"userDefined": false, "text": "Is it possible to get credits for GE Area "}, {"meta": "@GE_AREA", "alias": "GE_AREA", "userDefined": false, "text": "D4"}, {"userDefined": false, "text": " with "}, {"meta": "@CLASS_NAME", "alias": "CLASS_NAME", "userDefined": false, "text": "CSC 458"}, {"userDefined": false, "text": "?"}], "count": 0, "isTemplate": false}, {"id": "f23d424f-281e-46a3-b702-7b81fd385632", "data": [{"userDefined": false, "text": "Does "}, {"meta": "@CLASS_NAME", "alias": "CLASS_NAME", "userDefined": false, "text": "CSC 366"}, {"userDefined": false, "text": " fulfill GE Area "}, {"meta": "@GE_AREA", "alias": "GE_AREA", "userDefined": false, "text": "A2"}, {"userDefined": false, "text": "?"}], "count": 0, "isTemplate": false}]