[{"id": "99ee7623-e1af-4f95-a5bb-d7e7f5efea43", "data": [{"userDefined": false, "text": "Can "}, {"meta": "@CLASS_NAME", "alias": "CLASS_NAME", "userDefined": false, "text": "CSC 597"}, {"userDefined": false, "text": " only be taken as credit or no credit?"}], "count": 0, "isTemplate": false}, {"id": "fc38b1da-daa7-4b7f-8c19-d401811f5a19", "data": [{"userDefined": false, "text": "Can you only take "}, {"meta": "@CLASS_NAME", "alias": "CLASS_NAME", "userDefined": false, "text": "computer graphics"}, {"userDefined": false, "text": " as credit or no credit?"}], "count": 0, "isTemplate": false}, {"id": "92ccc047-8502-4d6a-b755-fe672fe9d9d8", "data": [{"userDefined": false, "text": "Is "}, {"meta": "@CLASS_NAME", "alias": "CLASS_NAME", "userDefined": false, "text": "CSC 303"}, {"userDefined": false, "text": " credit or no credit only?"}], "count": 0, "isTemplate": false}, {"id": "26985b2b-5ea8-45df-9c71-8225d80f1def", "data": [{"userDefined": false, "text": "Is "}, {"meta": "@CLASS_NAME", "alias": "CLASS_NAME", "userDefined": false, "text": "database systems"}, {"userDefined": false, "text": " credit or no credit grading only?"}], "count": 0, "isTemplate": false}, {"id": "97b992de-a8a4-4434-bbc5-8661821910f7", "data": [{"userDefined": false, "text": "Is "}, {"meta": "@CLASS_NAME", "alias": "CLASS_NAME", "userDefined": false, "text": "CSC 400"}, {"userDefined": false, "text": " credit/no credit grading only?"}], "count": 0, "isTemplate": false}]