[{"count": 0, "data": [{"userDefined": false, "text": "Which courses are project based?"}], "isTemplate": false, "id": "4c520205-3e08-48fc-b6d8-09dd8afdc77b"}, {"count": 0, "data": [{"userDefined": false, "text": "Which classes have a lot of projects?"}], "isTemplate": false, "id": "5e9b9451-e7fd-4eac-add5-80ce09daea46"}, {"count": 0, "data": [{"userDefined": false, "text": "What classes can I take that have a lot of projects?"}], "isTemplate": false, "id": "1a909ab4-b51b-40d5-8562-c419bb39afa5"}, {"count": 0, "data": [{"userDefined": false, "text": "What courses consist of mostly projects?"}], "isTemplate": false, "id": "91c5af83-adc2-4a28-b88d-3dc0cd2d09b3"}, {"count": 0, "data": [{"userDefined": false, "text": "Which classes are project based?"}], "isTemplate": false, "id": "43f751c1-2db1-43ef-80ab-9bd2a63bd8de"}]