[{"count": 0, "data": [{"userDefined": false, "text": "Which courses have less than "}, {"userDefined": false, "meta": "@sys.number", "text": "one", "alias": "number"}, {"userDefined": false, "text": " prerequisites?"}], "isTemplate": false, "id": "4d159356-3563-425d-bac1-921a1617ab4b"}, {"count": 0, "data": [{"userDefined": false, "text": "Which classes have less than "}, {"userDefined": false, "meta": "@sys.number", "text": "one", "alias": "number"}, {"userDefined": false, "text": " prereqs?"}], "isTemplate": false, "id": "6bb9f5d1-c810-42da-92cf-08814a1b5583"}, {"count": 0, "data": [{"userDefined": false, "text": "What classes have less than "}, {"userDefined": false, "meta": "@sys.number", "text": "three", "alias": "number"}, {"userDefined": false, "text": " prerequisites?"}], "isTemplate": false, "id": "a67e0c90-ea11-43ea-808c-412475e2f20c"}, {"count": 0, "data": [{"userDefined": false, "text": "Which classes have fewer than "}, {"userDefined": false, "meta": "@sys.number", "text": "2", "alias": "number"}, {"userDefined": false, "text": " prerequisites?"}], "isTemplate": false, "id": "69a9fccd-56de-4d21-8dce-45b2dde720fb"}, {"count": 0, "data": [{"userDefined": false, "text": "Which classes have less than "}, {"userDefined": false, "meta": "@sys.number", "text": "two", "alias": "number"}, {"userDefined": false, "text": " prerequisites?"}], "isTemplate": false, "id": "27242c2a-1461-450e-93ac-868d54dadf3f"}]