[{"count": 0, "data": [{"userDefined": false, "text": "Which courses require "}, {"userDefined": false, "meta": "@CLASS_QUALIFICATION", "text": "senior", "alias": "CLASS_QUALIFICATION"}, {"userDefined": false, "text": " standing?"}], "isTemplate": false, "id": "941ebf3e-3489-4f2f-a2ff-f6916ccf986d"}, {"count": 0, "data": [{"userDefined": false, "text": "Which classes require me to be a "}, {"userDefined": false, "meta": "@CLASS_QUALIFICATION", "text": "freshman", "alias": "CLASS_QUALIFICATION"}, {"userDefined": false, "text": "?"}], "isTemplate": false, "id": "2277a65e-2639-427d-8344-4062ed074173"}, {"count": 0, "data": [{"userDefined": false, "text": "Which courses do I need to be a "}, {"userDefined": false, "meta": "@CLASS_QUALIFICATION", "text": "senior", "alias": "CLASS_QUALIFICATION"}, {"userDefined": false, "text": " to take?"}], "isTemplate": false, "id": "1146fe8c-7f22-4a66-bffc-ac1aa3b7ada4"}, {"count": 0, "data": [{"userDefined": false, "text": "Which classes need "}, {"userDefined": false, "meta": "@CLASS_QUALIFICATION", "text": "sophomore", "alias": "CLASS_QUALIFICATION"}, {"userDefined": false, "text": " standing?"}], "isTemplate": false, "id": "c3854095-7afa-493e-b735-dc8a53aefdca"}, {"count": 0, "data": [{"userDefined": false, "text": "Which classes need "}, {"userDefined": false, "meta": "@CLASS_QUALIFICATION", "text": "junior", "alias": "CLASS_QUALIFICATION"}, {"userDefined": false, "text": " in order to take them?"}], "isTemplate": false, "id": "13681ef8-8ecb-4cd1-87b2-07acffedbbb4"}, {"count": 0, "data": [{"userDefined": false, "text": "Which classes require "}, {"userDefined": false, "meta": "@CLASS_QUALIFICATION", "text": "sophomore", "alias": "CLASS_QUALIFICATION"}, {"userDefined": false, "text": " standing?"}], "isTemplate": false, "id": "9d1f1cd6-9b90-4781-80cb-7710850b1e8f"}]