[{"id": "a98ace2f-1e6b-4abf-99c9-9e9b498d042d", "data": [{"userDefined": false, "text": "Which courses are seminars?"}], "count": 0, "isTemplate": false}, {"id": "6f42615b-9538-4c6e-8f4a-e91117439d4f", "data": [{"userDefined": false, "text": "What classes are considered to be seminars?"}], "count": 0, "isTemplate": false}, {"id": "2e2b0b19-e0b2-49a5-8889-a84e035bbdb8", "data": [{"userDefined": false, "text": "Which classes are taught as seminars?"}], "count": 0, "isTemplate": false}, {"id": "ad287dc5-036f-47ac-9684-03ad69e40e6c", "data": [{"userDefined": false, "text": "Which courses are taught like seminars?"}], "count": 0, "isTemplate": false}, {"id": "43f56be8-e6c8-4ea9-8637-ab16e090e16c", "data": [{"userDefined": false, "text": "Which classes are seminars?"}], "count": 0, "isTemplate": false}]