[{"count": 0, "data": [{"userDefined": false, "text": "What classes are only offered in the "}, {"userDefined": false, "meta": "@QUARTER", "text": "Summer", "alias": "QUARTER"}, {"userDefined": false, "text": "?"}], "isTemplate": false, "id": "b967e894-a8a0-46fc-b9ee-29514b748ff9"}, {"count": 0, "data": [{"userDefined": false, "text": "Which classes are only taught during the "}, {"userDefined": false, "meta": "@QUARTER", "text": "Winter", "alias": "QUARTER"}, {"userDefined": false, "text": "?"}], "isTemplate": false, "id": "f9af2807-65ba-42cb-be36-acb1356cd24b"}, {"count": 0, "data": [{"userDefined": false, "text": "Which courses are only taught in the "}, {"userDefined": false, "meta": "@QUARTER", "text": "Spring", "alias": "QUARTER"}, {"userDefined": false, "text": "?"}], "isTemplate": false, "id": "a5e277f2-8a59-4e2d-947c-b68952688abf"}, {"count": 0, "data": [{"userDefined": false, "text": "Which classes are only taught during "}, {"userDefined": false, "meta": "@QUARTER", "text": "Spring", "alias": "QUARTER"}, {"userDefined": false, "text": " quarter?"}], "isTemplate": false, "id": "533234cb-ea66-4927-af8a-2c1eab42a7fe"}, {"count": 0, "data": [{"userDefined": false, "text": "Which courses are only taught in "}, {"userDefined": false, "meta": "@QUARTER", "text": "Spring", "alias": "QUARTER"}, {"userDefined": false, "text": "?"}], "isTemplate": false, "id": "5f31ad5b-4f5e-4a73-8d41-564fb6849c2a"}, {"count": 0, "data": [{"userDefined": false, "text": "What courses are only offered in the "}, {"userDefined": false, "meta": "@QUARTER", "text": "Spring", "alias": "QUARTER"}, {"userDefined": false, "text": "?"}], "isTemplate": false, "id": "fbb901fc-9f89-4609-b020-3e4b4971759c"}, {"count": 0, "data": [{"userDefined": false, "text": "Which courses are only taught during the "}, {"userDefined": false, "meta": "@QUARTER", "text": "Winter", "alias": "QUARTER"}, {"userDefined": false, "text": "?"}], "isTemplate": false, "id": "36bf18ed-c9f8-471f-88f3-4896f5b27fc3"}, {"count": 0, "data": [{"userDefined": false, "text": "Which classes are only taught in the "}, {"userDefined": false, "meta": "@QUARTER", "text": "Winter", "alias": "QUARTER"}, {"userDefined": false, "text": "?"}], "isTemplate": false, "id": "68c33b92-9278-4d84-a220-1e1b6d6ca17b"}]