[{"count": 0, "data": [{"userDefined": false, "text": "Which courses include "}, {"userDefined": false, "meta": "@SUBJECT_MATTER", "text": "compilers", "alias": "SUBJECT_MATTER"}, {"userDefined": false, "text": "?"}], "isTemplate": false, "id": "47a22ed5-035d-4bef-a8b7-24d103c59f67"}, {"count": 0, "data": [{"userDefined": false, "text": "What are classes that include "}, {"userDefined": false, "meta": "@SUBJECT_MATTER", "text": "compilers", "alias": "SUBJECT_MATTER"}, {"userDefined": false, "text": "?"}], "isTemplate": false, "id": "a69a3c03-ee51-4019-ba19-af0d17283a40"}, {"count": 0, "data": [{"userDefined": false, "text": "What are some classes that include "}, {"userDefined": false, "meta": "@SUBJECT_MATTER", "text": "object oriented", "alias": "SUBJECT_MATTER"}, {"userDefined": false, "text": "?"}], "isTemplate": false, "id": "5b8258c8-ec5b-4997-bd80-615a84ffde65"}, {"count": 0, "data": [{"userDefined": false, "text": "Which classes consist of "}, {"userDefined": false, "meta": "@SUBJECT_MATTER", "text": "compilers", "alias": "SUBJECT_MATTER"}, {"userDefined": false, "text": "?"}], "isTemplate": false, "id": "b62482bc-b32f-4d10-ab83-ab69d16ac9ad"}, {"count": 0, "data": [{"userDefined": false, "text": "Which classes touch on "}, {"userDefined": false, "meta": "@SUBJECT_MATTER", "text": "object oriented", "alias": "SUBJECT_MATTER"}, {"userDefined": false, "text": "?"}], "isTemplate": false, "id": "0679d814-0610-43e3-bb8f-51d133b22f26"}, {"count": 0, "data": [{"userDefined": false, "text": "Which classes include "}, {"userDefined": false, "meta": "@SUBJECT_MATTER", "text": "compilers", "alias": "SUBJECT_MATTER"}, {"userDefined": false, "text": "?"}], "isTemplate": false, "id": "541c0f35-4787-4178-923d-04f73e6bf8ff"}]