[{"id": "d3ea7f7d-8aef-463a-805d-a44487729709", "data": [{"userDefined": false, "text": "Can "}, {"meta": "@CLASS_NAME", "alias": "CLASS_NAME", "userDefined": false, "text": "CSC 231"}, {"userDefined": false, "text": " also be found in "}, {"meta": "@DEPARTMENT_ABBREVIATION", "alias": "DEPARTMENT_ABBREVIATION", "userDefined": false, "text": "CPE"}, {"userDefined": false, "text": "?"}], "count": 0, "isTemplate": false}, {"id": "acedaf94-cb6c-486b-b060-fef3b47f0643", "data": [{"userDefined": false, "text": "May "}, {"meta": "@CLASS_NAME", "alias": "CLASS_NAME", "userDefined": false, "text": "CSC 596"}, {"userDefined": false, "text": " also be listed in "}, {"meta": "@DEPARTMENT_ABBREVIATION", "alias": "DEPARTMENT_ABBREVIATION", "userDefined": false, "text": "CSC"}, {"userDefined": false, "text": "?"}], "count": 0, "isTemplate": false}, {"id": "94b8c31f-52ea-4a61-b306-0a55dbf3e6b1", "data": [{"userDefined": false, "text": "Can I also find "}, {"meta": "@CLASS_NAME", "alias": "CLASS_NAME", "userDefined": false, "text": "CSC 481"}, {"userDefined": false, "text": " in "}, {"meta": "@DEPARTMENT_ABBREVIATION", "alias": "DEPARTMENT_ABBREVIATION", "userDefined": false, "text": "csc"}, {"userDefined": false, "text": "?"}], "count": 0, "isTemplate": false}, {"id": "a53f9e34-8dfe-4d93-902a-b51f43000e00", "data": [{"userDefined": false, "text": "Is "}, {"meta": "@CLASS_NAME", "alias": "CLASS_NAME", "userDefined": false, "text": "CSC 493"}, {"userDefined": false, "text": " crosslisted in "}, {"meta": "@DEPARTMENT_ABBREVIATION", "alias": "DEPARTMENT_ABBREVIATION", "userDefined": false, "text": "CSC"}, {"userDefined": false, "text": "?"}], "count": 0, "isTemplate": false}]