[{"id": "9266a444-3a3f-48f5-a19e-9a2b453d293a", "data": [{"userDefined": false, "text": "Which courses are crosslisted in "}, {"meta": "@DEPARTMENT_ABBREVIATION", "alias": "DEPARTMENT_ABBREVIATION", "userDefined": false, "text": "CPE"}, {"userDefined": false, "text": "?"}], "count": 0, "isTemplate": false}, {"id": "455f99b8-6f67-4923-a9a7-341a16d5201d", "data": [{"userDefined": false, "text": "What classes are crosslisted in "}, {"meta": "@DEPARTMENT_ABBREVIATION", "alias": "DEPARTMENT_ABBREVIATION", "userDefined": false, "text": "CPE"}, {"userDefined": false, "text": "?"}], "count": 0, "isTemplate": false}, {"id": "fbe23bea-a25d-44d2-b4b5-e5666c36519b", "data": [{"userDefined": false, "text": "In "}, {"meta": "@DEPARTMENT_ABBREVIATION", "alias": "DEPARTMENT_ABBREVIATION", "userDefined": false, "text": "CPE"}, {"userDefined": false, "text": ", which classes are crosslisted?"}], "count": 0, "isTemplate": false}, {"id": "35142ae7-c725-4ff8-97d5-15c19e05aed9", "data": [{"userDefined": false, "text": "Which classes can also be found in "}, {"meta": "@DEPARTMENT_ABBREVIATION", "alias": "DEPARTMENT_ABBREVIATION", "userDefined": false, "text": "cpe"}, {"userDefined": false, "text": "?"}], "count": 0, "isTemplate": false}, {"id": "830a71a4-a632-4945-9b2d-a11c6752dd7f", "data": [{"userDefined": false, "text": "Which classes are crosslisted in "}, {"meta": "@DEPARTMENT_ABBREVIATION", "alias": "DEPARTMENT_ABBREVIATION", "userDefined": false, "text": "cpe"}, {"userDefined": false, "text": "?"}], "count": 0, "isTemplate": false}]