[{"count": 0, "data": [{"userDefined": false, "text": "Would "}, {"userDefined": false, "meta": "@CLASS_NAME", "text": "introduction to compilers", "alias": "CLASS_NAME"}, {"userDefined": false, "text": " include "}, {"userDefined": false, "meta": "@SUBJECT_MATTER", "text": "compilers", "alias": "SUBJECT_MATTER"}, {"userDefined": false, "text": "?"}], "isTemplate": false, "id": "30ace8b7-4f86-40fc-850c-7446c51e161f"}, {"count": 0, "data": [{"userDefined": false, "text": "Does "}, {"userDefined": false, "meta": "@CLASS_NAME", "text": "CSC 357", "alias": "CLASS_NAME"}, {"userDefined": false, "text": " consist of "}, {"userDefined": false, "meta": "@SUBJECT_MATTER", "text": "compilers", "alias": "SUBJECT_MATTER"}, {"userDefined": false, "text": "?"}], "isTemplate": false, "id": "6ee740e5-a859-4e4a-a96e-e38adc5c2f0b"}, {"count": 0, "data": [{"userDefined": false, "text": "Is "}, {"userDefined": false, "meta": "@SUBJECT_MATTER", "text": "compilers", "alias": "SUBJECT_MATTER"}, {"userDefined": false, "text": " included in "}, {"userDefined": false, "meta": "@CLASS_NAME", "text": "CSC 357", "alias": "CLASS_NAME"}, {"userDefined": false, "text": "?"}], "isTemplate": false, "id": "fdfaea92-61f1-4d1f-8888-6bd2dd96413f"}, {"count": 0, "data": [{"userDefined": false, "text": "Is "}, {"userDefined": false, "meta": "@SUBJECT_MATTER", "text": "compilers", "alias": "SUBJECT_MATTER"}, {"userDefined": false, "text": "? taught in "}, {"userDefined": false, "meta": "@CLASS_NAME", "text": "systems programming", "alias": "CLASS_NAME"}, {"userDefined": false, "text": "?"}], "isTemplate": false, "id": "c418fc80-f5b4-40f0-b1d1-eb285864738a"}, {"count": 0, "data": [{"userDefined": false, "text": "Does "}, {"userDefined": false, "meta": "@CLASS_NAME", "text": "CSC 341", "alias": "CLASS_NAME"}, {"userDefined": false, "text": " include "}, {"userDefined": false, "meta": "@SUBJECT_MATTER", "text": "compilers", "alias": "SUBJECT_MATTER"}, {"userDefined": false, "text": "?"}], "isTemplate": false, "id": "4936ecd6-b075-4bc4-8ed1-1035752ef831"}]