[{"count": 0, "data": [{"userDefined": false, "text": "Is "}, {"userDefined": false, "meta": "@CLASS_NAME", "text": "CSC 341", "alias": "CLASS_NAME"}, {"userDefined": false, "text": " a "}, {"userDefined": false, "meta": "@sys.number", "text": "three", "alias": "number"}, {"userDefined": false, "text": " unit class?"}], "isTemplate": false, "id": "ac5f8fbf-6885-4088-9367-b0d9a6ff256b"}, {"count": 0, "data": [{"userDefined": false, "text": "Does "}, {"userDefined": false, "meta": "@CLASS_NAME", "text": "CSC 341", "alias": "CLASS_NAME"}, {"userDefined": false, "text": " count for "}, {"userDefined": false, "meta": "@sys.number", "text": "3", "alias": "number"}, {"userDefined": false, "text": " units?"}], "isTemplate": false, "id": "e327fcb6-1940-4342-8edb-0ea8d0f585ec"}, {"count": 0, "data": [{"userDefined": false, "text": "Does "}, {"userDefined": false, "meta": "@CLASS_NAME", "text": "systems programming", "alias": "CLASS_NAME"}, {"userDefined": false, "text": " count for "}, {"userDefined": false, "meta": "@sys.number", "text": "1", "alias": "number"}, {"userDefined": false, "text": " credits?"}], "isTemplate": false, "id": "a9fb55a4-fa7d-466c-bfa4-39662253a7e9"}, {"count": 0, "data": [{"userDefined": false, "text": "Is "}, {"userDefined": false, "meta": "@CLASS_NAME", "text": "systems programming", "alias": "CLASS_NAME"}, {"userDefined": false, "text": " a "}, {"userDefined": false, "meta": "@sys.number", "text": "1", "alias": "number"}, {"userDefined": false, "text": " credit course?"}], "isTemplate": false, "id": "3e268990-b3a6-464f-9d53-9d8e060a7f94"}, {"count": 0, "data": [{"userDefined": false, "text": "Is "}, {"userDefined": false, "meta": "@CLASS_NAME", "text": "CSC 357", "alias": "CLASS_NAME"}, {"userDefined": false, "text": " a "}, {"userDefined": false, "meta": "@sys.number", "text": "3", "alias": "number"}, {"userDefined": false, "text": " unit course?"}], "isTemplate": false, "id": "4e674371-acfb-401f-be74-e82b4a1b585a"}]