[{"id": "102c4195-bab7-476f-8539-1dbd7f2592bd", "data": [{"userDefined": false, "text": "Which courses are two-part sequences?"}], "count": 0, "isTemplate": false}, {"id": "7fcfc391-ff98-4dcf-a1b2-cfe9a9976d62", "data": [{"userDefined": false, "text": "Which classes are usually taken in two parts?"}], "count": 0, "isTemplate": false}, {"id": "485aae51-bcd1-44a5-b54c-2b7982c600eb", "data": [{"userDefined": false, "text": "What courses are usually taken as a two-part sequence?"}], "count": 0, "isTemplate": false}, {"id": "c9b5ffb0-161c-4981-aade-b787652efe9a", "data": [{"userDefined": false, "text": "Which courses are typically taken as two different parts?"}], "count": 0, "isTemplate": false}, {"id": "0b8fb0cd-72da-477c-a1af-39c7e1041d3d", "data": [{"userDefined": false, "text": "Which classes are two-part sequences?"}], "count": 0, "isTemplate": false}]