[{"count": 0, "data": [{"userDefined": false, "text": "Is there a lot of group work in "}, {"userDefined": false, "meta": "@CLASS_NAME", "text": "CSC 357", "alias": "CLASS_NAME"}, {"userDefined": false, "text": "?"}], "isTemplate": false, "id": "ba790fb7-9af6-4a98-bc55-dcf4e9b2f63e"}, {"count": 0, "data": [{"userDefined": false, "text": "Does "}, {"userDefined": false, "meta": "@CLASS_NAME", "text": "CSC 357", "alias": "CLASS_NAME"}, {"userDefined": false, "text": " have a lot of group work?"}], "isTemplate": false, "id": "901106d4-028c-484f-9eab-5f0040409b7f"}, {"count": 0, "data": [{"userDefined": false, "text": "Is "}, {"userDefined": false, "meta": "@CLASS_NAME", "text": "CSC 357", "alias": "CLASS_NAME"}, {"userDefined": false, "text": " taught mostly by group work"}], "isTemplate": false, "id": "964ac2ab-620e-4d56-a1a2-9e9ba4cbe93f"}, {"count": 0, "data": [{"userDefined": false, "text": "Does "}, {"userDefined": false, "meta": "@CLASS_NAME", "text": "introduction to compilers", "alias": "CLASS_NAME"}, {"userDefined": false, "text": " consist mostly of group work?"}], "isTemplate": false, "id": "638311ca-7b5e-4ed3-ac73-74f97258fc71"}, {"count": 0, "data": [{"userDefined": false, "text": "Does "}, {"userDefined": false, "meta": "@CLASS_NAME", "text": "introduction to compilers", "alias": "CLASS_NAME"}, {"userDefined": false, "text": " typically consist of group work?"}], "isTemplate": false, "id": "67854234-fc1b-4b43-b3ef-55a6b10092d1"}, {"count": 0, "data": [{"userDefined": false, "text": "Does "}, {"userDefined": false, "meta": "@CLASS_NAME", "text": "CSC 357", "alias": "CLASS_NAME"}, {"userDefined": false, "text": " include group work?"}], "isTemplate": false, "id": "001a9a1a-f729-46f2-811f-dded6f85f34d"}]