[{"id": "c06a285e-216f-4b0d-8356-153fadc308e4", "data": [{"userDefined": false, "text": "Which courses are crosslisted in another department?"}], "count": 0, "isTemplate": false}, {"id": "1b28c6a8-51a8-40c1-bac5-5a50b9bd5318", "data": [{"userDefined": false, "text": "What classes are also listed in another department?"}], "count": 0, "isTemplate": false}, {"id": "af28f63c-cf6c-497e-9fdb-e8331bbed923", "data": [{"userDefined": false, "text": "Which class listings can also be found in another department?"}], "count": 0, "isTemplate": false}, {"id": "d8624821-3f3c-4c94-95df-d61da4e6874f", "data": [{"userDefined": false, "text": "Which classes are crosslisted under another department?"}], "count": 0, "isTemplate": false}, {"id": "fa9ae819-d579-4e1d-97e2-2e37e63f35b1", "data": [{"userDefined": false, "text": "Which classes are crosslisted in another department?"}], "count": 0, "isTemplate": false}]