[{"count": 0, "data": [{"userDefined": false, "text": "What are prerequisites for taking "}, {"userDefined": false, "meta": "@CLASS_NAME", "text": "CSC 341", "alias": "CLASS_NAME"}, {"userDefined": false, "text": "?"}], "isTemplate": false, "id": "5cef5520-791b-41f2-80db-5341de707fb3"}, {"count": 0, "data": [{"userDefined": false, "text": "What are some prereqs for "}, {"userDefined": false, "meta": "@CLASS_NAME", "text": "introduction to compilers", "alias": "CLASS_NAME"}, {"userDefined": false, "text": "?"}], "isTemplate": false, "id": "d3985c42-79ba-4870-9bd0-ad617ae3083a"}, {"count": 0, "data": [{"userDefined": false, "text": "What are the prerequisites to take "}, {"userDefined": false, "meta": "@CLASS_NAME", "text": "CSC 341", "alias": "CLASS_NAME"}, {"userDefined": false, "text": "?"}], "isTemplate": false, "id": "8291533d-ee67-42ae-be1b-b5d669eb4806"}, {"count": 0, "data": [{"userDefined": false, "text": "What are the prereqs to take "}, {"userDefined": false, "meta": "@CLASS_NAME", "text": "introduction to compilers", "alias": "CLASS_NAME"}, {"userDefined": false, "text": "?"}], "isTemplate": false, "id": "4f51a94e-8d25-4ccd-958e-b26c585781b3"}, {"count": 0, "data": [{"userDefined": false, "text": "What are the prerequisites for "}, {"userDefined": false, "meta": "@CLASS_NAME", "text": "systems programming", "alias": "CLASS_NAME"}, {"userDefined": false, "text": "?"}], "isTemplate": false, "id": "26bbcdfd-833d-4e6a-83e5-b74d65348176"}]