[{"count": 0, "data": [{"userDefined": false, "text": "Which courses have more than "}, {"userDefined": false, "meta": "@sys.number", "text": "four", "alias": "number"}, {"userDefined": false, "text": " prerequisites?"}], "isTemplate": false, "id": "b8bf5cd1-043f-414c-b837-e82e464041c3"}, {"count": 0, "data": [{"userDefined": false, "text": "Which classes have more than "}, {"userDefined": false, "meta": "@sys.number", "text": "2", "alias": "number"}, {"userDefined": false, "text": " prereqs?"}], "isTemplate": false, "id": "fbcfeb13-c534-4d91-8d19-cd6c2e6f9df6"}, {"count": 0, "data": [{"userDefined": false, "text": "What classes have more than "}, {"userDefined": false, "meta": "@sys.number", "text": "two", "alias": "number"}, {"userDefined": false, "text": " prerequisites?"}], "isTemplate": false, "id": "3d46350a-048d-40e0-a0fc-e561666d1cf6"}, {"count": 0, "data": [{"userDefined": false, "text": "Which classes have greater than "}, {"userDefined": false, "meta": "@sys.number", "text": "two", "alias": "number"}, {"userDefined": false, "text": " prerequisites?"}], "isTemplate": false, "id": "6d00cf8b-6e48-4cdd-b8ae-f9369c997227"}, {"count": 0, "data": [{"userDefined": false, "text": "Which classes have more than "}, {"userDefined": false, "meta": "@sys.number", "text": "1", "alias": "number"}, {"userDefined": false, "text": " prerequisites?"}], "isTemplate": false, "id": "7dc9bd58-fac3-44d7-b2d4-86b95f4b9c23"}]