[{"count": 0, "data": [{"userDefined": false, "text": "Which courses are credit/no credit grading only?"}], "isTemplate": false, "id": "6db3b14f-cb20-4fed-938e-5aa15980e5f7"}, {"count": 0, "data": [{"userDefined": false, "text": "Which classes are credit or no credit grading only?"}], "isTemplate": false, "id": "291206f5-309f-477f-951f-8a6834c9f758"}, {"count": 0, "data": [{"userDefined": false, "text": "Which classes can only be taken credit or no credit?"}], "isTemplate": false, "id": "52aea9ac-2126-4c15-9af0-21d30a073b59"}, {"count": 0, "data": [{"userDefined": false, "text": "What are classes that can only be taken credit or no credit?"}], "isTemplate": false, "id": "d7909241-5e28-46ad-8a9a-a0ba782cd3a5"}, {"count": 0, "data": [{"userDefined": false, "text": "What are credit or no credit only classes?"}], "isTemplate": false, "id": "2ce34888-3097-4ab2-a9b7-622d7d383848"}, {"count": 0, "data": [{"userDefined": false, "text": "What are credit or no credit only courses?"}], "isTemplate": false, "id": "fe013bd7-af91-4d5e-a5b9-07e93bda5842"}, {"count": 0, "data": [{"userDefined": false, "text": "Which classes are credit/no credit grading only?"}], "isTemplate": false, "id": "12ecb34f-ba57-41fb-972b-7bcaa77e0274"}]