[{"id": "e4e24693-28f8-4a79-be5d-cc65773b2ab8", "data": [{"userDefined": false, "text": "Is "}, {"meta": "@CLASS_NAME", "alias": "CLASS_NAME", "userDefined": false, "text": "CSC 497"}, {"userDefined": false, "text": " a "}, {"meta": "@sys.number", "alias": "number", "userDefined": false, "text": "three"}, {"userDefined": false, "text": " unit class?"}], "count": 0, "isTemplate": false}, {"id": "0d48e552-d84a-4694-a9ea-2589d62e1600", "data": [{"userDefined": false, "text": "Does "}, {"meta": "@CLASS_NAME", "alias": "CLASS_NAME", "userDefined": false, "text": "CSC 466"}, {"userDefined": false, "text": " count for "}, {"meta": "@sys.number", "alias": "number", "userDefined": false, "text": "two"}, {"userDefined": false, "text": " units?"}], "count": 0, "isTemplate": false}, {"id": "adc454ba-bead-400c-a6e5-d3fc6de34a73", "data": [{"userDefined": false, "text": "Does "}, {"meta": "@CLASS_NAME", "alias": "CLASS_NAME", "userDefined": false, "text": "special problems"}, {"userDefined": false, "text": " count for "}, {"meta": "@sys.number", "alias": "number", "userDefined": false, "text": "three"}, {"userDefined": false, "text": " credits?"}], "count": 0, "isTemplate": false}, {"id": "88294fb5-7abf-4bdb-8895-f5b77fc01d4d", "data": [{"userDefined": false, "text": "Is "}, {"meta": "@CLASS_NAME", "alias": "CLASS_NAME", "userDefined": false, "text": "individual software design-and development"}, {"userDefined": false, "text": " a "}, {"meta": "@sys.number", "alias": "number", "userDefined": false, "text": "three"}, {"userDefined": false, "text": " credit course?"}], "count": 0, "isTemplate": false}, {"id": "fd74b33d-495c-4e31-88d4-2fb54e87a229", "data": [{"userDefined": false, "text": "Is "}, {"meta": "@CLASS_NAME", "alias": "CLASS_NAME", "userDefined": false, "text": "computational art"}, {"userDefined": false, "text": " a "}, {"meta": "@sys.number", "alias": "number", "userDefined": false, "text": "1"}, {"userDefined": false, "text": " unit course?"}], "count": 0, "isTemplate": false}]