[{"count": 0, "data": [{"userDefined": false, "text": "How many units is "}, {"userDefined": false, "meta": "@CLASS_NAME", "text": "introduction to compilers", "alias": "CLASS_NAME"}, {"userDefined": false, "text": " worth?"}], "isTemplate": false, "id": "b3a0c2cd-b104-4770-b035-4c90f4b57b87"}, {"count": 0, "data": [{"userDefined": false, "text": "How many credits is "}, {"userDefined": false, "meta": "@CLASS_NAME", "text": "introduction to compilers", "alias": "CLASS_NAME"}, {"userDefined": false, "text": " worth?"}], "isTemplate": false, "id": "505caa37-4ed9-40c9-b4d7-89532294a536"}, {"count": 0, "data": [{"userDefined": false, "text": "How many credits is "}, {"userDefined": false, "meta": "@CLASS_NAME", "text": "systems programming", "alias": "CLASS_NAME"}, {"userDefined": false, "text": "?"}], "isTemplate": false, "id": "90189c6d-fb94-4612-8ae4-090cfca6dc1d"}, {"count": 0, "data": [{"userDefined": false, "text": "How many units does "}, {"userDefined": false, "meta": "@CLASS_NAME", "text": "CSC 357", "alias": "CLASS_NAME"}, {"userDefined": false, "text": " count for?"}], "isTemplate": false, "id": "3d9917fb-6abb-421c-9030-c41a8db1fa8a"}, {"count": 0, "data": [{"userDefined": false, "text": "How many units is "}, {"userDefined": false, "meta": "@CLASS_NAME", "text": "systems programming", "alias": "CLASS_NAME"}, {"userDefined": false, "text": "?"}], "isTemplate": false, "id": "cd488ec8-bdfd-44e0-b067-6653b8f2f91a"}]