[{"id": "0812aca9-2f82-4d18-97e2-614494bb52a4", "data": [{"userDefined": false, "text": "What course should I take after "}, {"meta": "@CLASS_NAME", "alias": "CLASS_NAME", "userDefined": false, "text": "CSC 321"}, {"userDefined": false, "text": "?"}], "count": 0, "isTemplate": false}, {"id": "270fd42b-6413-4a33-b79c-3efc3517de6d", "data": [{"userDefined": false, "text": "What classes build off "}, {"meta": "@CLASS_NAME", "alias": "CLASS_NAME", "userDefined": false, "text": "CSC 108"}, {"userDefined": false, "text": "?"}], "count": 0, "isTemplate": false}, {"id": "d4df3df0-c1af-42a6-8e49-d74f7928d4d8", "data": [{"userDefined": false, "text": "Which course should I take following "}, {"meta": "@CLASS_NAME", "alias": "CLASS_NAME", "userDefined": false, "text": "CSC 231"}, {"userDefined": false, "text": "?"}], "count": 0, "isTemplate": false}, {"id": "44c8fd54-5d57-4b57-81ea-def06144eb7c", "data": [{"userDefined": false, "text": "What class do students typically take after "}, {"meta": "@CLASS_NAME", "alias": "CLASS_NAME", "userDefined": false, "text": "CSC 235"}, {"userDefined": false, "text": "?"}], "count": 0, "isTemplate": false}, {"id": "5bd9127f-939a-4828-bd93-3089ecd8c9b8", "data": [{"userDefined": false, "text": "After "}, {"meta": "@CLASS_NAME", "alias": "CLASS_NAME", "userDefined": false, "text": "CSC 593"}, {"userDefined": false, "text": ", what course should I take?"}], "count": 0, "isTemplate": false}, {"id": "4f55ae19-7bd8-4240-a483-5262e4dab172", "data": [{"userDefined": false, "text": "What class should I take next after "}, {"meta": "@CLASS_NAME", "alias": "CLASS_NAME", "userDefined": false, "text": "CSC 300"}, {"userDefined": false, "text": "?"}], "count": 0, "isTemplate": false}, {"id": "ef2b9747-4f18-4872-94af-1ee9c9b872ff", "data": [{"userDefined": false, "text": "What class should I take after "}, {"meta": "@CLASS_NAME", "alias": "CLASS_NAME", "userDefined": false, "text": "CSC 581"}, {"userDefined": false, "text": "?"}], "count": 0, "isTemplate": false}]