[{"count": 0, "data": [{"userDefined": false, "text": "Which courses are seminars?"}], "isTemplate": false, "id": "45d70fb6-158d-4687-80c5-f486ebe0a3e0"}, {"count": 0, "data": [{"userDefined": false, "text": "What classes are considered to be seminars?"}], "isTemplate": false, "id": "e3b5b8da-a882-407e-8bdd-dca95ce679dd"}, {"count": 0, "data": [{"userDefined": false, "text": "Which classes are taught as seminars?"}], "isTemplate": false, "id": "7a7888a9-3b3d-49be-afd8-fba940c60b4c"}, {"count": 0, "data": [{"userDefined": false, "text": "Which courses are taight like seminars?"}], "isTemplate": false, "id": "0a70d8b9-971f-4642-8f5a-20fd55e7fc12"}, {"count": 0, "data": [{"userDefined": false, "text": "Which classes are seminars?"}], "isTemplate": false, "id": "96bf4a41-e9db-4274-8e80-68e93e5800d1"}]