[{"count": 0, "data": [{"userDefined": false, "text": "Can "}, {"userDefined": false, "meta": "@CLASS_NAME", "text": "systems programming", "alias": "CLASS_NAME"}, {"userDefined": false, "text": " also be found in "}, {"userDefined": false, "meta": "@DEPARTMENT_ABBREVIATION", "text": "CSC", "alias": "DEPARTMENT_ABBREVIATION"}, {"userDefined": false, "text": "?"}], "isTemplate": false, "id": "3b3751f5-e925-4753-bc81-198aad1db4f6"}, {"count": 0, "data": [{"userDefined": false, "text": "May "}, {"userDefined": false, "meta": "@CLASS_NAME", "text": "CSC 341", "alias": "CLASS_NAME"}, {"userDefined": false, "text": " also be listed in "}, {"userDefined": false, "meta": "@DEPARTMENT_ABBREVIATION", "text": "cpe", "alias": "DEPARTMENT_ABBREVIATION"}, {"userDefined": false, "text": "?"}], "isTemplate": false, "id": "40db3dc5-5e77-4b28-9f4f-62ad3a30176f"}, {"count": 0, "data": [{"userDefined": false, "text": "Can I also find "}, {"userDefined": false, "meta": "@CLASS_NAME", "text": "systems programming", "alias": "CLASS_NAME"}, {"userDefined": false, "text": " in "}, {"userDefined": false, "meta": "@DEPARTMENT_ABBREVIATION", "text": "csc", "alias": "DEPARTMENT_ABBREVIATION"}, {"userDefined": false, "text": "?"}], "isTemplate": false, "id": "6e4e1037-0b9a-4526-890f-ad34f680cc06"}, {"count": 0, "data": [{"userDefined": false, "text": "Is "}, {"userDefined": false, "meta": "@CLASS_NAME", "text": "CSC 341", "alias": "CLASS_NAME"}, {"userDefined": false, "text": " crosslisted in "}, {"userDefined": false, "meta": "@DEPARTMENT_ABBREVIATION", "text": "csc", "alias": "DEPARTMENT_ABBREVIATION"}, {"userDefined": false, "text": "?"}], "isTemplate": false, "id": "1a974f03-b786-4a4a-a368-873533c48c35"}]