[{"id": "f27adb22-ffc3-4da7-8e49-6e4fb16a2406", "data": [{"userDefined": false, "text": "What courses should I take with "}, {"meta": "@CLASS_NAME", "alias": "CLASS_NAME", "userDefined": false, "text": "CSC 489"}, {"userDefined": false, "text": "?"}], "count": 0, "isTemplate": false}, {"id": "c89c6b61-1249-4277-a474-dbf5985fc203", "data": [{"userDefined": false, "text": "What are good classes that I should take with "}, {"meta": "@CLASS_NAME", "alias": "CLASS_NAME", "userDefined": false, "text": "software engineering ii"}, {"userDefined": false, "text": "?"}], "count": 0, "isTemplate": false}, {"id": "b0038197-70f0-44ec-92a7-575d10747891", "data": [{"userDefined": false, "text": "What classes would people recommend taking "}, {"meta": "@CLASS_NAME", "alias": "CLASS_NAME", "userDefined": false, "text": "CSC 225"}, {"userDefined": false, "text": " with?"}], "count": 0, "isTemplate": false}, {"id": "99f51a05-1f7f-4a14-b4b6-566c329fee6d", "data": [{"userDefined": false, "text": "Which classes would students recommend taking "}, {"meta": "@CLASS_NAME", "alias": "CLASS_NAME", "userDefined": false, "text": "CSC 453"}, {"userDefined": false, "text": " alongside?"}], "count": 0, "isTemplate": false}, {"id": "5da97a67-447f-4068-9180-b821dd51e4fc", "data": [{"userDefined": false, "text": "Which courses would be good for me to take with "}, {"meta": "@CLASS_NAME", "alias": "CLASS_NAME", "userDefined": false, "text": "CSC 550"}, {"userDefined": false, "text": "?"}], "count": 0, "isTemplate": false}, {"id": "a0ed2ccd-0593-4404-8dbc-84c9d5265784", "data": [{"userDefined": false, "text": "What classes should I take with "}, {"meta": "@CLASS_NAME", "alias": "CLASS_NAME", "userDefined": false, "text": "CSC 450"}, {"userDefined": false, "text": "?"}], "count": 0, "isTemplate": false}]