[{"count": 0, "data": [{"userDefined": false, "text": "Which courses are "}, {"userDefined": false, "meta": "@sys.number", "text": "3", "alias": "number"}, {"userDefined": false, "text": " units?"}], "isTemplate": false, "id": "1692dae9-97a9-48bf-ac25-538bce701658"}, {"count": 0, "data": [{"userDefined": false, "text": "Which classes count for "}, {"userDefined": false, "meta": "@sys.number", "text": "three", "alias": "number"}, {"userDefined": false, "text": " units?"}], "isTemplate": false, "id": "1f890dda-dfcd-4258-9ca2-9641b3bbdf57"}, {"count": 0, "data": [{"userDefined": false, "text": "Which classes are worth "}, {"userDefined": false, "meta": "@sys.number", "text": "one", "alias": "number"}, {"userDefined": false, "text": " units?"}], "isTemplate": false, "id": "a083b449-6fec-4d6e-859c-91271573ca6d"}, {"count": 0, "data": [{"userDefined": false, "text": "What are all "}, {"userDefined": false, "meta": "@sys.number", "text": "two", "alias": "number"}, {"userDefined": false, "text": " unit classes?"}], "isTemplate": false, "id": "053ef242-67f4-4b95-90d0-4a3b3eca2c6d"}, {"count": 0, "data": [{"userDefined": false, "text": "Which classes are "}, {"userDefined": false, "meta": "@sys.number", "text": "two", "alias": "number"}, {"userDefined": false, "text": " units?"}], "isTemplate": false, "id": "5399d1e0-c78b-4055-b31b-817b177f80d8"}]