[{"count": 0, "data": [{"userDefined": false, "text": "Does "}, {"userDefined": false, "meta": "@CLASS_NAME", "text": "CSC 341", "alias": "CLASS_NAME"}, {"userDefined": false, "text": " have an upper division prerequisite?"}], "isTemplate": false, "id": "6c400556-ced0-4499-981b-21f30cc5b75c"}, {"count": 0, "data": [{"userDefined": false, "text": "Is there an upper division prerequisite for "}, {"userDefined": false, "meta": "@CLASS_NAME", "text": "CSC 357", "alias": "CLASS_NAME"}, {"userDefined": false, "text": "?"}], "isTemplate": false, "id": "41780464-3448-4fb7-9203-5ac6feceb100"}, {"count": 0, "data": [{"userDefined": false, "text": "Are there upper division prerequisites for "}, {"userDefined": false, "meta": "@CLASS_NAME", "text": "systems programming", "alias": "CLASS_NAME"}, {"userDefined": false, "text": "?"}], "isTemplate": false, "id": "d77537e2-443b-4370-90d7-e81c3b0741e5"}, {"count": 0, "data": [{"userDefined": false, "text": "Does "}, {"userDefined": false, "meta": "@CLASS_NAME", "text": "introduction to compilers", "alias": "CLASS_NAME"}, {"userDefined": false, "text": " have an upper division prereq?"}], "isTemplate": false, "id": "60a454cb-6e81-48fa-9681-675165438225"}, {"count": 0, "data": [{"userDefined": false, "text": "Is there an upper division prereq for "}, {"userDefined": false, "meta": "@CLASS_NAME", "text": "systems programming", "alias": "CLASS_NAME"}, {"userDefined": false, "text": "?"}], "isTemplate": false, "id": "75164dea-9b64-4a38-bddc-fb334a77a77b"}, {"count": 0, "data": [{"userDefined": false, "text": "Are there upper division prereqs for "}, {"userDefined": false, "meta": "@CLASS_NAME", "text": "CSC 357", "alias": "CLASS_NAME"}, {"userDefined": false, "text": "?"}], "isTemplate": false, "id": "824d7fd5-eedd-4774-bc77-8f2e92ab944b"}, {"count": 0, "data": [{"userDefined": false, "text": "Does "}, {"userDefined": false, "meta": "@CLASS_NAME", "text": "systems programming", "alias": "CLASS_NAME"}, {"userDefined": false, "text": " have an upper divisional prerequisite?"}], "isTemplate": false, "id": "3fe31e4c-7ff4-4b59-a1f5-9c02a1d776a3"}]