[{"count": 0, "data": [{"userDefined": false, "text": "How is "}, {"userDefined": false, "meta": "@CLASS_NAME", "text": "systems programming", "alias": "CLASS_NAME"}, {"userDefined": false, "text": " structured?"}], "isTemplate": false, "id": "c982faf3-45f1-470a-bdcd-5f83919e6871"}, {"count": 0, "data": [{"userDefined": false, "text": "What does the structure of "}, {"userDefined": false, "meta": "@CLASS_NAME", "text": "CSC 341", "alias": "CLASS_NAME"}, {"userDefined": false, "text": " look like?"}], "isTemplate": false, "id": "4bf17e41-cd5f-496b-b3d4-4243f4f97ad8"}, {"count": 0, "data": [{"userDefined": false, "text": "How is "}, {"userDefined": false, "meta": "@CLASS_NAME", "text": "CSC 357", "alias": "CLASS_NAME"}, {"userDefined": false, "text": " layed out?"}], "isTemplate": false, "id": "2fbd991d-7e48-44e7-9f80-f9e9599ca075"}, {"count": 0, "data": [{"userDefined": false, "text": "What is the structure of "}, {"userDefined": false, "meta": "@CLASS_NAME", "text": "CSC 341", "alias": "CLASS_NAME"}, {"userDefined": false, "text": " like?"}], "isTemplate": false, "id": "f99d479d-32c0-4655-bfcd-7dcb1e1cc305"}, {"count": 0, "data": [{"userDefined": false, "text": "What is the structure of "}, {"userDefined": false, "meta": "@CLASS_NAME", "text": "CSC 357", "alias": "CLASS_NAME"}, {"userDefined": false, "text": "?"}], "isTemplate": false, "id": "231f8d35-0379-4eff-8e1d-10f588f87da2"}]