[{"id": "ad1c63aa-0be8-42b1-bea7-568baf19b07e", "data": [{"userDefined": false, "text": "Do I need "}, {"meta": "@CLASS_QUALIFICATION", "alias": "CLASS_QUALIFICATION", "userDefined": false, "text": "senior"}, {"userDefined": false, "text": " standing to take "}, {"meta": "@CLASS_NAME", "alias": "CLASS_NAME", "userDefined": false, "text": "CSC 290"}, {"userDefined": false, "text": "?"}], "count": 0, "isTemplate": false}, {"id": "55f9c998-0cb3-4d87-81d8-911ee4e43dc3", "data": [{"userDefined": false, "text": "Is "}, {"meta": "@CLASS_QUALIFICATION", "alias": "CLASS_QUALIFICATION", "userDefined": false, "text": "junior"}, {"userDefined": false, "text": " required to take "}, {"meta": "@CLASS_NAME", "alias": "CLASS_NAME", "userDefined": false, "text": "CSC 478"}, {"userDefined": false, "text": "?"}], "count": 0, "isTemplate": false}, {"id": "f70bd4e6-6366-4ca2-8207-35ee9a09805c", "data": [{"userDefined": false, "text": "Is "}, {"meta": "@CLASS_QUALIFICATION", "alias": "CLASS_QUALIFICATION", "userDefined": false, "text": "freshman"}, {"userDefined": false, "text": " needed to take "}, {"meta": "@CLASS_NAME", "alias": "CLASS_NAME", "userDefined": false, "text": "cooperative education experience"}, {"userDefined": false, "text": "?"}], "count": 0, "isTemplate": false}, {"id": "33e65fb6-c080-4b23-9706-b1ea33b3c928", "data": [{"userDefined": false, "text": "Is "}, {"meta": "@CLASS_QUALIFICATION", "alias": "CLASS_QUALIFICATION", "userDefined": false, "text": "senior"}, {"userDefined": false, "text": " necessary to take "}, {"meta": "@CLASS_NAME", "alias": "CLASS_NAME", "userDefined": false, "text": "CSC 477"}, {"userDefined": false, "text": "?"}], "count": 0, "isTemplate": false}, {"id": "250d9a5c-323e-4a61-a83b-3c2d49cfb32a", "data": [{"userDefined": false, "text": "Does "}, {"meta": "@CLASS_NAME", "alias": "CLASS_NAME", "userDefined": false, "text": "CSC 369"}, {"userDefined": false, "text": " need "}, {"meta": "@CLASS_QUALIFICATION", "alias": "CLASS_QUALIFICATION", "userDefined": false, "text": "senior"}, {"userDefined": false, "text": " standing?"}], "count": 0, "isTemplate": false}, {"id": "ee0cc988-ec05-4e70-b781-bb8bc82800b6", "data": [{"userDefined": false, "text": "Do I need to be a "}, {"meta": "@CLASS_QUALIFICATION", "alias": "CLASS_QUALIFICATION", "userDefined": false, "text": "junior"}, {"userDefined": false, "text": " to take "}, {"meta": "@CLASS_NAME", "alias": "CLASS_NAME", "userDefined": false, "text": "computational art"}, {"userDefined": false, "text": "?"}], "count": 0, "isTemplate": false}, {"id": "491af603-de50-48cd-b39f-6f00a72e8014", "data": [{"userDefined": false, "text": "Am I required to be a "}, {"meta": "@CLASS_QUALIFICATION", "alias": "CLASS_QUALIFICATION", "userDefined": false, "text": "junior"}, {"userDefined": false, "text": " to take "}, {"meta": "@CLASS_NAME", "alias": "CLASS_NAME", "userDefined": false, "text": "knowledge discovery-from data"}, {"userDefined": false, "text": "?"}], "count": 0, "isTemplate": false}, {"id": "d6601564-24cc-4a0b-9b55-6a1b046c1058", "data": [{"userDefined": false, "text": "Does "}, {"meta": "@CLASS_NAME", "alias": "CLASS_NAME", "userDefined": false, "text": "CSC 454"}, {"userDefined": false, "text": " require me to be a "}, {"meta": "@CLASS_QUALIFICATION", "alias": "CLASS_QUALIFICATION", "userDefined": false, "text": "freshman"}, {"userDefined": false, "text": "?"}], "count": 0, "isTemplate": false}, {"id": "73ab751c-037e-459d-b1c4-24088d149321", "data": [{"userDefined": false, "text": "Does "}, {"meta": "@CLASS_NAME", "alias": "CLASS_NAME", "userDefined": false, "text": "selected advanced laboratory"}, {"userDefined": false, "text": " require "}, {"meta": "@CLASS_QUALIFICATION", "alias": "CLASS_QUALIFICATION", "userDefined": false, "text": "senior"}, {"userDefined": false, "text": " standing?"}], "count": 0, "isTemplate": false}]