[{"count": 0, "data": [{"userDefined": false, "text": "What course should I take after "}, {"userDefined": false, "meta": "@CLASS_NAME", "text": "CSC 357", "alias": "CLASS_NAME"}, {"userDefined": false, "text": "?"}], "isTemplate": false, "id": "14b86793-d88a-4f48-99c2-b1352f278b31"}, {"count": 0, "data": [{"userDefined": false, "text": "What classes build off "}, {"userDefined": false, "meta": "@CLASS_NAME", "text": "CSC 341", "alias": "CLASS_NAME"}, {"userDefined": false, "text": "?"}], "isTemplate": false, "id": "2ff4cf20-0904-42ff-9cbb-5fd210ca28a6"}, {"count": 0, "data": [{"userDefined": false, "text": "Which course should I take following "}, {"userDefined": false, "meta": "@CLASS_NAME", "text": "CSC 341", "alias": "CLASS_NAME"}, {"userDefined": false, "text": "?"}], "isTemplate": false, "id": "18f98b3b-5db8-4e7d-9a30-34ae04ebe5de"}, {"count": 0, "data": [{"userDefined": false, "text": "What class do students typically take after "}, {"userDefined": false, "meta": "@CLASS_NAME", "text": "CSC 341", "alias": "CLASS_NAME"}, {"userDefined": false, "text": "?"}], "isTemplate": false, "id": "1f0b9a77-efb7-42a0-a8dd-8b6f6296a59d"}, {"count": 0, "data": [{"userDefined": false, "text": "After "}, {"userDefined": false, "meta": "@CLASS_NAME", "text": "systems programming", "alias": "CLASS_NAME"}, {"userDefined": false, "text": ", what course should I take?"}], "isTemplate": false, "id": "47ca2a92-3e81-4264-9fe8-e99638fa1f84"}, {"count": 0, "data": [{"userDefined": false, "text": "What class should I take next after "}, {"userDefined": false, "meta": "@CLASS_NAME", "text": "CSC 341", "alias": "CLASS_NAME"}, {"userDefined": false, "text": "?"}], "isTemplate": false, "id": "91cd4a7b-6d37-4d0a-a173-0a87c0788b3a"}, {"count": 0, "data": [{"userDefined": false, "text": "What class should I take after "}, {"userDefined": false, "meta": "@CLASS_NAME", "text": "CSC 357", "alias": "CLASS_NAME"}, {"userDefined": false, "text": "?"}], "isTemplate": false, "id": "c170aafd-5de3-45a5-a615-c447ffcfad8f"}]