[{"count": 0, "data": [{"userDefined": false, "text": "Which courses do not require "}, {"userDefined": false, "meta": "@CLASS_QUALIFICATION", "text": "senior", "alias": "CLASS_QUALIFICATION"}, {"userDefined": false, "text": " standing?"}], "isTemplate": false, "id": "7ad77a19-7532-497f-8f0e-583c648b56ca"}, {"count": 0, "data": [{"userDefined": false, "text": "Which courses do not require me to be a "}, {"userDefined": false, "meta": "@CLASS_QUALIFICATION", "text": "senior", "alias": "CLASS_QUALIFICATION"}, {"userDefined": false, "text": "?"}], "isTemplate": false, "id": "68915d43-2f8c-44b1-9f6b-0670e1b8cfc0"}, {"count": 0, "data": [{"userDefined": false, "text": "Which classes is "}, {"userDefined": false, "meta": "@CLASS_QUALIFICATION", "text": "junior", "alias": "CLASS_QUALIFICATION"}, {"userDefined": false, "text": " standing not required?"}], "isTemplate": false, "id": "f6cd3458-83c3-4f5f-bfe5-9ae8eae6dc90"}, {"count": 0, "data": [{"userDefined": false, "text": "For what courses is "}, {"userDefined": false, "meta": "@CLASS_QUALIFICATION", "text": "senior", "alias": "CLASS_QUALIFICATION"}, {"userDefined": false, "text": " standing not necessary?"}], "isTemplate": false, "id": "3734f0a4-36a3-4377-ac6d-9c01efc05fe0"}, {"count": 0, "data": [{"userDefined": false, "text": "For which courses is "}, {"userDefined": false, "meta": "@CLASS_QUALIFICATION", "text": "junior", "alias": "CLASS_QUALIFICATION"}, {"userDefined": false, "text": " standing not needed?"}], "isTemplate": false, "id": "75f79a61-81c8-4183-906a-f19b1407848a"}, {"count": 0, "data": [{"userDefined": false, "text": "Which classes do not require "}, {"userDefined": false, "meta": "@CLASS_QUALIFICATION", "text": "junior", "alias": "CLASS_QUALIFICATION"}, {"userDefined": false, "text": " standing?"}], "isTemplate": false, "id": "e6ccc9db-75c5-4eec-a0f5-6ca790abdb24"}]