[{"id": "5d71d645-c6c4-4dea-ae58-15a4d4a4dd7d", "data": [{"userDefined": false, "text": "Which courses include "}, {"meta": "@SUBJECT_MATTER", "alias": "SUBJECT_MATTER", "userDefined": false, "text": "control structure"}, {"userDefined": false, "text": "?"}], "count": 0, "isTemplate": false}, {"id": "7335f239-cb83-4316-bdc0-b67406c40608", "data": [{"userDefined": false, "text": "What are classes that include "}, {"meta": "@SUBJECT_MATTER", "alias": "SUBJECT_MATTER", "userDefined": false, "text": "web"}, {"userDefined": false, "text": "?"}], "count": 0, "isTemplate": false}, {"id": "c092812b-3008-4f16-9410-26129f4380b5", "data": [{"userDefined": false, "text": "What are some classes that include "}, {"meta": "@SUBJECT_MATTER", "alias": "SUBJECT_MATTER", "userDefined": false, "text": "shell"}, {"userDefined": false, "text": "?"}], "count": 0, "isTemplate": false}, {"id": "5198d05a-fab9-4936-bf6e-94916be6df31", "data": [{"userDefined": false, "text": "Which classes consist of "}, {"meta": "@SUBJECT_MATTER", "alias": "SUBJECT_MATTER", "userDefined": false, "text": "modeling"}, {"userDefined": false, "text": "?"}], "count": 0, "isTemplate": false}, {"id": "b54567b2-1276-45c0-bc05-edce8decefe2", "data": [{"userDefined": false, "text": "Which classes touch on "}, {"meta": "@SUBJECT_MATTER", "alias": "SUBJECT_MATTER", "userDefined": false, "text": "web"}, {"userDefined": false, "text": "?"}], "count": 0, "isTemplate": false}, {"id": "2cd7c852-c821-4863-a3f3-9d38a9b56b74", "data": [{"userDefined": false, "text": "Which classes include "}, {"meta": "@SUBJECT_MATTER", "alias": "SUBJECT_MATTER", "userDefined": false, "text": "object orient"}, {"userDefined": false, "text": "?"}], "count": 0, "isTemplate": false}]