[{"id": "6ed1fc9b-92a6-4713-94fa-7618aeb914eb", "data": [{"userDefined": false, "text": "What classes are only offered in the "}, {"meta": "@QUARTER", "alias": "QUARTER", "userDefined": false, "text": "Fall"}, {"userDefined": false, "text": "?"}], "count": 0, "isTemplate": false}, {"id": "749668f8-5df1-4ef8-98a5-3e495666d389", "data": [{"userDefined": false, "text": "Which classes are only taught during the "}, {"meta": "@QUARTER", "alias": "QUARTER", "userDefined": false, "text": "Summer"}, {"userDefined": false, "text": "?"}], "count": 0, "isTemplate": false}, {"id": "c24a5539-7e83-4d12-9a97-aad1dff5c721", "data": [{"userDefined": false, "text": "Which courses are only taught in the "}, {"meta": "@QUARTER", "alias": "QUARTER", "userDefined": false, "text": "Winter"}, {"userDefined": false, "text": "?"}], "count": 0, "isTemplate": false}, {"id": "012ea3c3-b876-4637-bb7d-21371385ce76", "data": [{"userDefined": false, "text": "Which classes are only taught during "}, {"meta": "@QUARTER", "alias": "QUARTER", "userDefined": false, "text": "Summer"}, {"userDefined": false, "text": " quarter?"}], "count": 0, "isTemplate": false}, {"id": "a13a89bb-6a30-41dc-8035-867d170ae636", "data": [{"userDefined": false, "text": "Which courses are only taught in "}, {"meta": "@QUARTER", "alias": "QUARTER", "userDefined": false, "text": "Fall"}, {"userDefined": false, "text": "?"}], "count": 0, "isTemplate": false}, {"id": "73aa064c-4a80-4c93-800d-a20536f45dcd", "data": [{"userDefined": false, "text": "What courses are only offered in the "}, {"meta": "@QUARTER", "alias": "QUARTER", "userDefined": false, "text": "Summer"}, {"userDefined": false, "text": "?"}], "count": 0, "isTemplate": false}, {"id": "1b71080b-fece-4607-8697-cf084610dbb5", "data": [{"userDefined": false, "text": "Which courses are only taught during the "}, {"meta": "@QUARTER", "alias": "QUARTER", "userDefined": false, "text": "Summer"}, {"userDefined": false, "text": "?"}], "count": 0, "isTemplate": false}, {"id": "164b6c75-1d02-4878-9f15-e7ef3e7a6acb", "data": [{"userDefined": false, "text": "Which classes are only taught in the "}, {"meta": "@QUARTER", "alias": "QUARTER", "userDefined": false, "text": "Summer"}, {"userDefined": false, "text": "?"}], "count": 0, "isTemplate": false}]