[{"count": 0, "data": [{"userDefined": false, "text": "Which courses are crosslisted in another department?"}], "isTemplate": false, "id": "248bfab5-36c0-4aaa-ac66-14e85c3824d6"}, {"count": 0, "data": [{"userDefined": false, "text": "What classes are also listed in another department?"}], "isTemplate": false, "id": "d00a2f99-10b8-4655-91be-fe7e4c4956e4"}, {"count": 0, "data": [{"userDefined": false, "text": "Which class listings can also be found in another department?"}], "isTemplate": false, "id": "f1949988-1768-4f88-a003-7c930806b083"}, {"count": 0, "data": [{"userDefined": false, "text": "Which classes are crosslisted under another department?"}], "isTemplate": false, "id": "ff8f1a75-cac3-4372-88a6-3cfd45eb6499"}, {"count": 0, "data": [{"userDefined": false, "text": "Which classes are crosslisted in another department?"}], "isTemplate": false, "id": "7d94e261-22e3-43c7-90ee-aa71ff9ee5dd"}]