[{"count": 0, "data": [{"userDefined": false, "text": "Does "}, {"userDefined": false, "meta": "@CLASS_NAME", "text": "CSC 357", "alias": "CLASS_NAME"}, {"userDefined": false, "text": " have a limit in total credit?"}], "isTemplate": false, "id": "a1ccbeea-4009-47e6-bba7-831c782c93e5"}, {"count": 0, "data": [{"userDefined": false, "text": "Is "}, {"userDefined": false, "meta": "@CLASS_NAME", "text": "introduction to compilers", "alias": "CLASS_NAME"}, {"userDefined": false, "text": " limited by total credit?"}], "isTemplate": false, "id": "134b0a2a-eeee-4036-b9fd-ee60a6cf33a7"}, {"count": 0, "data": [{"userDefined": false, "text": "Is total credit limited for "}, {"userDefined": false, "meta": "@CLASS_NAME", "text": "systems programming", "alias": "CLASS_NAME"}, {"userDefined": false, "text": "?"}], "isTemplate": false, "id": "b8d8362b-8c48-4658-ab9c-2c49b2224c13"}, {"count": 0, "data": [{"userDefined": false, "text": "Is total credit limited for taking "}, {"userDefined": false, "meta": "@CLASS_NAME", "text": "systems programming", "alias": "CLASS_NAME"}, {"userDefined": false, "text": "?"}], "isTemplate": false, "id": "24747f18-cf0e-4966-9675-fa0765a3f7ad"}, {"count": 0, "data": [{"userDefined": false, "text": "Is there a limit on total credit for "}, {"userDefined": false, "meta": "@CLASS_NAME", "text": "CSC 357", "alias": "CLASS_NAME"}, {"userDefined": false, "text": "?"}], "isTemplate": false, "id": "9de6af7c-2e60-4266-9ab4-8d12814bfa2e"}, {"count": 0, "data": [{"userDefined": false, "text": "Is "}, {"userDefined": false, "meta": "@CLASS_NAME", "text": "introduction to compilers", "alias": "CLASS_NAME"}, {"userDefined": false, "text": " limited in total credit?"}], "isTemplate": false, "id": "93dbca07-8751-4887-a2b4-8e864febe2da"}]