[{"count": 0, "data": [{"userDefined": false, "text": "Which classes have a limit in total credit?"}], "isTemplate": false, "id": "9d453a90-3d69-4c2e-9e3b-fc293ba9fd0f"}, {"count": 0, "data": [{"userDefined": false, "text": "Which courses are limited in total credit?"}], "isTemplate": false, "id": "0d4c18ac-8806-49e2-a2db-0739ef9f1115"}, {"count": 0, "data": [{"userDefined": false, "text": "Which courses have a limit on the total amount of credit?"}], "isTemplate": false, "id": "3c746014-4898-43e0-b246-08279d164be0"}, {"count": 0, "data": [{"userDefined": false, "text": "Which classes have a limit on total credit?"}], "isTemplate": false, "id": "785988b9-3896-4ddc-8b15-e94657034c25"}, {"count": 0, "data": [{"userDefined": false, "text": "Which classes are limited in total credit?"}], "isTemplate": false, "id": "2d6cc94d-c629-46b2-ad8e-116e6a4c8f52"}]