[{"count": 0, "data": [{"userDefined": false, "text": "Are there a lot of projects in "}, {"userDefined": false, "meta": "@CLASS_NAME", "text": "CSC 357", "alias": "CLASS_NAME"}, {"userDefined": false, "text": "?"}], "isTemplate": false, "id": "1c9d945f-7c5f-4a58-bcdf-f9ee2e4b4004"}, {"count": 0, "data": [{"userDefined": false, "text": "Does "}, {"userDefined": false, "meta": "@CLASS_NAME", "text": "introduction to compilers", "alias": "CLASS_NAME"}, {"userDefined": false, "text": " have a lot of projects?"}], "isTemplate": false, "id": "9dca8a90-a847-470c-b886-29e093f8658c"}, {"count": 0, "data": [{"userDefined": false, "text": "Is "}, {"userDefined": false, "meta": "@CLASS_NAME", "text": "CSC 357", "alias": "CLASS_NAME"}, {"userDefined": false, "text": " taught mostly with projects"}], "isTemplate": false, "id": "39b5ff0b-a60e-4843-9779-ad2c0ddc3240"}, {"count": 0, "data": [{"userDefined": false, "text": "Does "}, {"userDefined": false, "meta": "@CLASS_NAME", "text": "CSC 357", "alias": "CLASS_NAME"}, {"userDefined": false, "text": " consist mostly of projects?"}], "isTemplate": false, "id": "5fd8fd7c-096e-4a33-ab6b-81fa47d28233"}, {"count": 0, "data": [{"userDefined": false, "text": "Does "}, {"userDefined": false, "meta": "@CLASS_NAME", "text": "CSC 341", "alias": "CLASS_NAME"}, {"userDefined": false, "text": " typically consist of projects?"}], "isTemplate": false, "id": "f0a8d1a5-a4a1-4947-9f93-d969a221e008"}, {"count": 0, "data": [{"userDefined": false, "text": "Is "}, {"userDefined": false, "meta": "@CLASS_NAME", "text": "systems programming", "alias": "CLASS_NAME"}, {"userDefined": false, "text": " project based?"}], "isTemplate": false, "id": "02ade68d-d734-47e6-b8b3-3e0a87c11bc6"}]