[{"id": "37617791-57e5-4c84-8c50-07a95488f139", "data": [{"userDefined": false, "text": "Is "}, {"meta": "@CLASS_NAME", "alias": "CLASS_NAME", "userDefined": false, "text": "CSC 521"}, {"userDefined": false, "text": " lecture only?"}], "count": 0, "isTemplate": false}, {"id": "a3c290d4-be8b-467c-8852-bf38b3151cb3", "data": [{"userDefined": false, "text": "Does "}, {"meta": "@CLASS_NAME", "alias": "CLASS_NAME", "userDefined": false, "text": "introduction-to mixed reality"}, {"userDefined": false, "text": " have a lab section?"}], "count": 0, "isTemplate": false}]