[{"count": 0, "data": [{"userDefined": false, "text": "What are recommended prerequisites for "}, {"userDefined": false, "meta": "@CLASS_NAME", "text": "systems programming", "alias": "CLASS_NAME"}, {"userDefined": false, "text": "?"}], "isTemplate": false, "id": "9f62bc6c-3aa4-4772-9ff6-bf1450ac8819"}, {"count": 0, "data": [{"userDefined": false, "text": "What are recommended prerequisites to take "}, {"userDefined": false, "meta": "@CLASS_NAME", "text": "CSC 357", "alias": "CLASS_NAME"}, {"userDefined": false, "text": "?"}], "isTemplate": false, "id": "7952a439-abac-4415-b0c2-e247d03a9384"}, {"count": 0, "data": [{"userDefined": false, "text": "What are the recommended prerequisites for taking "}, {"userDefined": false, "meta": "@CLASS_NAME", "text": "CSC 341", "alias": "CLASS_NAME"}, {"userDefined": false, "text": "?"}], "isTemplate": false, "id": "08b14dc0-39a0-46ab-a2fb-1db1c9f12cce"}, {"count": 0, "data": [{"userDefined": false, "text": "What are recommended prereqs for "}, {"userDefined": false, "meta": "@CLASS_NAME", "text": "CSC 341", "alias": "CLASS_NAME"}, {"userDefined": false, "text": "?"}], "isTemplate": false, "id": "21352adb-4dcd-47f2-a579-bd204101be39"}, {"count": 0, "data": [{"userDefined": false, "text": "What are recommended prereqs to take "}, {"userDefined": false, "meta": "@CLASS_NAME", "text": "CSC 341", "alias": "CLASS_NAME"}, {"userDefined": false, "text": "?"}], "isTemplate": false, "id": "fdeaa180-6296-432e-a8a9-cef8b590f07c"}, {"count": 0, "data": [{"userDefined": false, "text": "What are the recommended prereqs for taking "}, {"userDefined": false, "meta": "@CLASS_NAME", "text": "systems programming", "alias": "CLASS_NAME"}, {"userDefined": false, "text": "?"}], "isTemplate": false, "id": "60ea4363-d98a-4bac-841d-8ebedb61f84a"}, {"count": 0, "data": [{"userDefined": false, "text": "What are the recommended prerequisites for "}, {"userDefined": false, "meta": "@CLASS_NAME", "text": "CSC 357", "alias": "CLASS_NAME"}, {"userDefined": false, "text": "?"}], "isTemplate": false, "id": "4d4b0994-271b-4dc7-8869-0442ef435151"}]