[{"count": 0, "data": [{"userDefined": false, "text": "Which courses are introductory studies?"}], "isTemplate": false, "id": "f4057881-1968-4945-abd8-bf51d06067c4"}, {"count": 0, "data": [{"userDefined": false, "text": "What classes are considered introductory studies?"}], "isTemplate": false, "id": "d4e362ed-fd4e-4c40-9db0-30bc0b2445af"}, {"count": 0, "data": [{"userDefined": false, "text": "What introductory classes can I take?"}], "isTemplate": false, "id": "239a1887-3513-4fd3-b490-50992b021921"}, {"count": 0, "data": [{"userDefined": false, "text": "Which introductory classes can I take?"}], "isTemplate": false, "id": "25827326-1cf4-4514-85e2-161d5de57248"}, {"count": 0, "data": [{"userDefined": false, "text": "Which intro courses can be taken?"}], "isTemplate": false, "id": "ab1ec14d-192e-44db-8f16-6a59daa0a1a0"}, {"count": 0, "data": [{"userDefined": false, "text": "Which classes are introductory studies?"}], "isTemplate": false, "id": "78d44ebf-5b4a-457b-81d3-d2f27ec6f283"}]