[{"id": "eb5616d3-523c-45eb-8522-97e5bceb4fa1", "data": [{"userDefined": false, "text": "Which courses fulfill GE Area "}, {"meta": "@GE_AREA", "alias": "GE_AREA", "userDefined": false, "text": "B4"}, {"userDefined": false, "text": "?"}], "count": 0, "isTemplate": false}, {"id": "d68eda0e-ee8d-48aa-97bf-930ad051cfe9", "data": [{"userDefined": false, "text": "Which classes can I fulfill my "}, {"meta": "@GE_AREA", "alias": "GE_AREA", "userDefined": false, "text": "d2"}, {"userDefined": false, "text": " with?"}], "count": 0, "isTemplate": false}, {"id": "23b3875a-e946-474a-82bc-a2f96ffa84b7", "data": [{"userDefined": false, "text": "Which classes can I get credits for GE Area "}, {"meta": "@GE_AREA", "alias": "GE_AREA", "userDefined": false, "text": "D4"}, {"userDefined": false, "text": " with?"}], "count": 0, "isTemplate": false}, {"id": "44c5653c-28d2-4290-860c-f781ba3d1268", "data": [{"userDefined": false, "text": "Which classes give me credits for "}, {"meta": "@GE_AREA", "alias": "GE_AREA", "userDefined": false, "text": "A2"}, {"userDefined": false, "text": "?"}], "count": 0, "isTemplate": false}, {"id": "4642c471-1629-4dc2-9f60-80e4ae9d3ca8", "data": [{"userDefined": false, "text": "Which classes are possible to get credits for GE Area "}, {"meta": "@GE_AREA", "alias": "GE_AREA", "userDefined": false, "text": "b3"}, {"userDefined": false, "text": "?"}], "count": 0, "isTemplate": false}, {"id": "e0ebf961-cfc7-4d72-b303-04499124343e", "data": [{"userDefined": false, "text": "Which classes fulfill GE Area "}, {"meta": "@GE_AREA", "alias": "GE_AREA", "userDefined": false, "text": "c3"}, {"userDefined": false, "text": "?"}], "count": 0, "isTemplate": false}]