[{"count": 0, "data": [{"userDefined": false, "text": "Which classes have upper divisional prereqs?"}], "isTemplate": false, "id": "be659e4b-8a8b-4b8b-877a-dc97ac6cd201"}, {"count": 0, "data": [{"userDefined": false, "text": "Which courses have upper divisional prerequisite?"}], "isTemplate": false, "id": "8a4274e5-36a4-4a1c-ae92-296474e17b13"}, {"count": 0, "data": [{"userDefined": false, "text": "Which classes require upper division prerequisites?"}], "isTemplate": false, "id": "b47db9be-5be4-4f63-a647-c8d49eecd9f7"}, {"count": 0, "data": [{"userDefined": false, "text": "Which classes require upper division prereqs?"}], "isTemplate": false, "id": "af8bdd68-e453-4c4e-9f3c-23261c83091d"}, {"count": 0, "data": [{"userDefined": false, "text": "Which classes have an upper divisional prerequisite?"}], "isTemplate": false, "id": "068468e1-6057-4705-ac8c-4f77fb4d8dd8"}]