[{"count": 0, "data": [{"userDefined": false, "text": "Which courses require a C- or better in another course?"}], "isTemplate": false, "id": "233e3955-b8c4-4d2b-aac6-7f35135e3abe"}, {"count": 0, "data": [{"userDefined": false, "text": "Which classes require a C- or better in another class?"}], "isTemplate": false, "id": "331c26d1-400f-4a15-905c-42d1dc468b64"}, {"count": 0, "data": [{"userDefined": false, "text": "Which classes do I need a C- or better in another course?"}], "isTemplate": false, "id": "f02839be-a445-4b6f-8784-85e3df03efdc"}, {"count": 0, "data": [{"userDefined": false, "text": "Which classes is there a C- or better required in another course?"}], "isTemplate": false, "id": "8034ef3a-6dac-446f-9f2c-ea7de2df1e3f"}, {"count": 0, "data": [{"userDefined": false, "text": "Which classes require a C- or better in another course?"}], "isTemplate": false, "id": "d1e0f968-8e00-43ea-b5a3-0f1d4e878db1"}]