[{"count": 0, "data": [{"userDefined": false, "text": "Which courses include a lab section?"}], "isTemplate": false, "id": "b221fe45-9170-4e5a-867f-29298e309fa4"}, {"count": 0, "data": [{"userDefined": false, "text": "Which classes have a lab section?"}], "isTemplate": false, "id": "2bcb36fc-27fa-497f-9252-c334679ceada"}, {"count": 0, "data": [{"userDefined": false, "text": "Which classes also have a lab section?"}], "isTemplate": false, "id": "717f87c5-ceec-4b9c-b450-e4048d959e5a"}, {"count": 0, "data": [{"userDefined": false, "text": "Which classes have a lab section too?"}], "isTemplate": false, "id": "f36574c9-938a-465c-abe2-30220a79629e"}, {"count": 0, "data": [{"userDefined": false, "text": "Which classes include a lab section?"}], "isTemplate": false, "id": "78bcf87e-97b8-4b6f-8cea-bd988db8acf3"}]