[{"count": 0, "data": [{"userDefined": false, "text": "Do I need "}, {"userDefined": false, "meta": "@CLASS_QUALIFICATION", "text": "freshman", "alias": "CLASS_QUALIFICATION"}, {"userDefined": false, "text": " standing to take "}, {"userDefined": false, "meta": "@CLASS_NAME", "text": "systems programming", "alias": "CLASS_NAME"}, {"userDefined": false, "text": "?"}], "isTemplate": false, "id": "5c354b75-7279-47c7-9c8c-dd01a570b12c"}, {"count": 0, "data": [{"userDefined": false, "text": "Is "}, {"userDefined": false, "meta": "@CLASS_QUALIFICATION", "text": "freshman", "alias": "CLASS_QUALIFICATION"}, {"userDefined": false, "text": " required to take "}, {"userDefined": false, "meta": "@CLASS_NAME", "text": "systems programming", "alias": "CLASS_NAME"}, {"userDefined": false, "text": "?"}], "isTemplate": false, "id": "bf2a3380-26ac-4125-b3c4-c2cee14cae2c"}, {"count": 0, "data": [{"userDefined": false, "text": "Is "}, {"userDefined": false, "meta": "@CLASS_QUALIFICATION", "text": "sophomore", "alias": "CLASS_QUALIFICATION"}, {"userDefined": false, "text": " needed to take "}, {"userDefined": false, "meta": "@CLASS_NAME", "text": "introduction to compilers", "alias": "CLASS_NAME"}, {"userDefined": false, "text": "?"}], "isTemplate": false, "id": "8d821928-23e8-41ba-9b24-bc2ab7e947ed"}, {"count": 0, "data": [{"userDefined": false, "text": "Is "}, {"userDefined": false, "meta": "@CLASS_QUALIFICATION", "text": "junior", "alias": "CLASS_QUALIFICATION"}, {"userDefined": false, "text": " necessary to take "}, {"userDefined": false, "meta": "@CLASS_NAME", "text": "systems programming", "alias": "CLASS_NAME"}, {"userDefined": false, "text": "?"}], "isTemplate": false, "id": "d6fcfc88-6e03-4cd6-a7a9-2597ac5d6916"}, {"count": 0, "data": [{"userDefined": false, "text": "Does "}, {"userDefined": false, "meta": "@CLASS_NAME", "text": "CSC 357", "alias": "CLASS_NAME"}, {"userDefined": false, "text": " need "}, {"userDefined": false, "meta": "@CLASS_QUALIFICATION", "text": "sophomore", "alias": "CLASS_QUALIFICATION"}, {"userDefined": false, "text": " standing?"}], "isTemplate": false, "id": "19432eb8-82ee-4bf5-b37e-ef88a12a4c82"}, {"count": 0, "data": [{"userDefined": false, "text": "Do I need to be a "}, {"userDefined": false, "meta": "@CLASS_QUALIFICATION", "text": "senior", "alias": "CLASS_QUALIFICATION"}, {"userDefined": false, "text": " to take "}, {"userDefined": false, "meta": "@CLASS_NAME", "text": "CSC 357", "alias": "CLASS_NAME"}, {"userDefined": false, "text": "?"}], "isTemplate": false, "id": "c01ba882-37ba-411c-b631-c6e8d13e0b54"}, {"count": 0, "data": [{"userDefined": false, "text": "Am I required to be a "}, {"userDefined": false, "meta": "@CLASS_QUALIFICATION", "text": "junior", "alias": "CLASS_QUALIFICATION"}, {"userDefined": false, "text": " to take "}, {"userDefined": false, "meta": "@CLASS_NAME", "text": "CSC 341", "alias": "CLASS_NAME"}, {"userDefined": false, "text": "?"}], "isTemplate": false, "id": "6bd9d176-cc53-4dd2-b154-381f704055ce"}, {"count": 0, "data": [{"userDefined": false, "text": "Does "}, {"userDefined": false, "meta": "@CLASS_NAME", "text": "CSC 341", "alias": "CLASS_NAME"}, {"userDefined": false, "text": " require me to be a "}, {"userDefined": false, "meta": "@CLASS_QUALIFICATION", "text": "sophomore", "alias": "CLASS_QUALIFICATION"}, {"userDefined": false, "text": "?"}], "isTemplate": false, "id": "02b656ef-1278-4c79-bf7f-b80447a593a2"}, {"count": 0, "data": [{"userDefined": false, "text": "Does "}, {"userDefined": false, "meta": "@CLASS_NAME", "text": "CSC 341", "alias": "CLASS_NAME"}, {"userDefined": false, "text": " require "}, {"userDefined": false, "meta": "@CLASS_QUALIFICATION", "text": "freshman", "alias": "CLASS_QUALIFICATION"}, {"userDefined": false, "text": " standing?"}], "isTemplate": false, "id": "02bcc6b5-f206-4e16-bc18-f7dfc5046eb3"}]