[{"id": "e7837167-3fd3-43df-bd37-983d3ef8e700", "data": [{"userDefined": false, "text": "Which courses are "}, {"meta": "@sys.number", "alias": "number", "userDefined": false, "text": "two"}, {"userDefined": false, "text": " units?"}], "count": 0, "isTemplate": false}, {"id": "8f2b44f3-d3e7-4857-890c-381b50f0dec9", "data": [{"userDefined": false, "text": "Which classes count for "}, {"meta": "@sys.number", "alias": "number", "userDefined": false, "text": "4"}, {"userDefined": false, "text": " units?"}], "count": 0, "isTemplate": false}, {"id": "4098d5e2-7c80-4ce5-8ae4-ae4b3555c17d", "data": [{"userDefined": false, "text": "Which classes are worth "}, {"meta": "@sys.number", "alias": "number", "userDefined": false, "text": "4"}, {"userDefined": false, "text": " units?"}], "count": 0, "isTemplate": false}, {"id": "1ae6402a-b491-421f-8d64-638c695075b3", "data": [{"userDefined": false, "text": "What are all "}, {"meta": "@sys.number", "alias": "number", "userDefined": false, "text": "two"}, {"userDefined": false, "text": " unit classes?"}], "count": 0, "isTemplate": false}, {"id": "db08c54a-6f8f-4509-9b86-aa2da13655ef", "data": [{"userDefined": false, "text": "Which classes are "}, {"meta": "@sys.number", "alias": "number", "userDefined": false, "text": "two"}, {"userDefined": false, "text": " units?"}], "count": 0, "isTemplate": false}]