[{"id": "62b2e071-12f4-42b4-8d20-bb40ee11eec2", "data": [{"userDefined": false, "text": "Would "}, {"meta": "@CLASS_NAME", "alias": "CLASS_NAME", "userDefined": false, "text": "CSC 307"}, {"userDefined": false, "text": " include "}, {"meta": "@SUBJECT_MATTER", "alias": "SUBJECT_MATTER", "userDefined": false, "text": "world"}, {"userDefined": false, "text": "?"}], "count": 0, "isTemplate": false}, {"id": "3489a5ee-5582-4fae-bd82-10b5e6c682ec", "data": [{"userDefined": false, "text": "Does "}, {"meta": "@CLASS_NAME", "alias": "CLASS_NAME", "userDefined": false, "text": "cooperative education experience"}, {"userDefined": false, "text": " consist of "}, {"meta": "@SUBJECT_MATTER", "alias": "SUBJECT_MATTER", "userDefined": false, "text": "kernel"}, {"userDefined": false, "text": "?"}], "count": 0, "isTemplate": false}, {"id": "b681e462-98c8-413d-892d-46f564e4750c", "data": [{"userDefined": false, "text": "Is "}, {"meta": "@SUBJECT_MATTER", "alias": "SUBJECT_MATTER", "userDefined": false, "text": "large software system"}, {"userDefined": false, "text": " included in "}, {"meta": "@CLASS_NAME", "alias": "CLASS_NAME", "userDefined": false, "text": "CSC 321"}, {"userDefined": false, "text": "?"}], "count": 0, "isTemplate": false}, {"id": "f0df1d00-c7fc-43d2-b44b-996fcbe921fb", "data": [{"userDefined": false, "text": "Is "}, {"meta": "@SUBJECT_MATTER", "alias": "SUBJECT_MATTER", "userDefined": false, "text": "call"}, {"userDefined": false, "text": "? taught in "}, {"meta": "@CLASS_NAME", "alias": "CLASS_NAME", "userDefined": false, "text": "CSC 582"}, {"userDefined": false, "text": "?"}], "count": 0, "isTemplate": false}, {"id": "b8c7732c-9b7e-48a6-837d-86dc262968d8", "data": [{"userDefined": false, "text": "Does "}, {"meta": "@CLASS_NAME", "alias": "CLASS_NAME", "userDefined": false, "text": "fundamentals-of computer science-for scientists-and engineers i"}, {"userDefined": false, "text": " include "}, {"meta": "@SUBJECT_MATTER", "alias": "SUBJECT_MATTER", "userDefined": false, "text": "computer modern world"}, {"userDefined": false, "text": "?"}], "count": 0, "isTemplate": false}]