[{"count": 0, "data": [{"userDefined": false, "text": "Does "}, {"userDefined": false, "meta": "@CLASS_NAME", "text": "introduction to compilers", "alias": "CLASS_NAME"}, {"userDefined": false, "text": " allow for me to get in with instructor's consent?"}], "isTemplate": false, "id": "6b8eacee-b315-41f2-86f5-a505f586467c"}, {"count": 0, "data": [{"userDefined": false, "text": "Can I get into "}, {"userDefined": false, "meta": "@CLASS_NAME", "text": "CSC 357", "alias": "CLASS_NAME"}, {"userDefined": false, "text": " with the consent of the instructor?"}], "isTemplate": false, "id": "09fff5b7-e1a2-4ed2-9d16-492d4a25ea09"}, {"count": 0, "data": [{"userDefined": false, "text": "Does "}, {"userDefined": false, "meta": "@CLASS_NAME", "text": "CSC 357", "alias": "CLASS_NAME"}, {"userDefined": false, "text": " offer instructor's consent?"}], "isTemplate": false, "id": "f1da80bc-ef55-48a9-8599-95636c1506be"}, {"count": 0, "data": [{"userDefined": false, "text": "Is instructor's consent available for "}, {"userDefined": false, "meta": "@CLASS_NAME", "text": "CSC 341", "alias": "CLASS_NAME"}, {"userDefined": false, "text": "?"}], "isTemplate": false, "id": "703877f8-19ce-4578-b07f-ef8389b1d868"}, {"count": 0, "data": [{"userDefined": false, "text": "Can I get into "}, {"userDefined": false, "meta": "@CLASS_NAME", "text": "introduction to compilers", "alias": "CLASS_NAME"}, {"userDefined": false, "text": " with instructor\u2019s consent?"}], "isTemplate": false, "id": "f17a61f8-bd7d-4ebf-a8eb-40d3be4936d8"}]