[{"count": 0, "data": [{"userDefined": false, "text": "Is instructor's consent required for "}, {"userDefined": false, "meta": "@CLASS_NAME", "text": "systems programming", "alias": "CLASS_NAME"}, {"userDefined": false, "text": "?"}], "isTemplate": false, "id": "9a75c606-224a-400c-b8f7-228eb45f6138"}, {"count": 0, "data": [{"userDefined": false, "text": "Is the consent of the instructor required for "}, {"userDefined": false, "meta": "@CLASS_NAME", "text": "systems programming", "alias": "CLASS_NAME"}, {"userDefined": false, "text": "?"}], "isTemplate": false, "id": "60bc070b-db52-43b1-9d34-49d96a319b63"}, {"count": 0, "data": [{"userDefined": false, "text": "Does "}, {"userDefined": false, "meta": "@CLASS_NAME", "text": "CSC 341", "alias": "CLASS_NAME"}, {"userDefined": false, "text": " require instructor's consent?"}], "isTemplate": false, "id": "34874382-e11f-4ec2-9978-b9e4230cfb52"}, {"count": 0, "data": [{"userDefined": false, "text": "Do I need instructor's consent to take "}, {"userDefined": false, "meta": "@CLASS_NAME", "text": "systems programming", "alias": "CLASS_NAME"}, {"userDefined": false, "text": "?"}], "isTemplate": false, "id": "e36ef9a3-aa8b-484c-8e4f-f21d8d2fb7c5"}, {"count": 0, "data": [{"userDefined": false, "text": "Do I need the consent of the instructor to take "}, {"userDefined": false, "meta": "@CLASS_NAME", "text": "introduction to compilers", "alias": "CLASS_NAME"}, {"userDefined": false, "text": "?"}], "isTemplate": false, "id": "af064dc9-ebf3-408c-aecd-719e2893b686"}, {"count": 0, "data": [{"userDefined": false, "text": "Does "}, {"userDefined": false, "meta": "@CLASS_NAME", "text": "CSC 341", "alias": "CLASS_NAME"}, {"userDefined": false, "text": " require consent of instructor?"}], "isTemplate": false, "id": "70a644fb-a070-481e-84d7-6caf6eec0b08"}]