[
  {
    "id": "ecfc5f23-cd20-4eb1-bd2f-7526c72ca101",
    "data": [
      {
        "text": "Is ",
        "userDefined": false
      },
      {
        "text": "CPE 323",
        "alias": "CLASS_NAME",
        "meta": "@CLASS_NAME",
        "userDefined": true
      },
      {
        "text": " available in the ",
        "userDefined": false
      },
      {
        "text": "Fall",
        "alias": "QUARTER",
        "meta": "@QUARTER",
        "userDefined": false
      },
      {
        "text": "?",
        "userDefined": false
      }
    ],
    "isTemplate": false,
    "count": 0
  },
  {
    "id": "de07e6f4-35a7-4c98-864d-4b1d575404e8",
    "data": [
      {
        "text": "Can I take ",
        "userDefined": false
      },
      {
        "text": "csc 203",
        "alias": "CLASS_NAME",
        "meta": "@CLASS_NAME",
        "userDefined": false
      },
      {
        "text": " in ",
        "userDefined": false
      },
      {
        "text": "winter",
        "alias": "QUARTER",
        "meta": "@QUARTER",
        "userDefined": false
      },
      {
        "text": "?",
        "userDefined": false
      }
    ],
    "isTemplate": false,
    "count": 0
  },
  {
    "id": "5ef48048-d3fe-4315-8497-a919e8ce2b41",
    "data": [
      {
        "text": "Is ",
        "userDefined": false
      },
      {
        "text": "systems programming",
        "alias": "CLASS_NAME",
        "meta": "@CLASS_NAME",
        "userDefined": false
      },
      {
        "text": " offered in the ",
        "userDefined": false
      },
      {
        "text": "summer",
        "alias": "QUARTER",
        "meta": "@QUARTER",
        "userDefined": false
      },
      {
        "text": "?",
        "userDefined": false
      }
    ],
    "isTemplate": false,
    "count": 1
  },
  {
    "id": "d216aa08-8b32-49b9-b98f-86226e0c157d",
    "data": [
      {
        "text": "Is ",
        "userDefined": false
      },
      {
        "text": "cpe 357",
        "alias": "CLASS_NAME",
        "meta": "@CLASS_NAME",
        "userDefined": true
      },
      {
        "text": " offered in the ",
        "userDefined": false
      },
      {
        "text": "fall",
        "alias": "QUARTER",
        "meta": "@QUARTER",
        "userDefined": true
      },
      {
        "text": "?",
        "userDefined": false
      }
    ],
    "isTemplate": false,
    "count": 0
  }
]