[{"id": "87a5f7cf-2b2a-4890-9722-062ce8000c2d", "data": [{"userDefined": false, "text": "Can I take "}, {"meta": "@CLASS_NAME", "alias": "CLASS_NAME", "userDefined": false, "text": "CSC 409"}, {"userDefined": false, "text": " in the "}, {"meta": "@QUARTER", "alias": "QUARTER", "userDefined": false, "text": "Spring"}, {"userDefined": false, "text": "?"}], "count": 0, "isTemplate": false}, {"id": "c016d1ec-20d7-4597-9bb8-2c8f7f319da8", "data": [{"userDefined": false, "text": "Can I take "}, {"meta": "@CLASS_NAME", "alias": "CLASS_NAME", "userDefined": false, "text": "project-based object-oriented programming-and design"}, {"userDefined": false, "text": " in "}, {"meta": "@QUARTER", "alias": "QUARTER", "userDefined": false, "text": "Summer"}, {"userDefined": false, "text": "?"}], "count": 0, "isTemplate": false}, {"id": "e9db55b4-3529-4d6f-acfb-d69f971f3bfe", "data": [{"userDefined": false, "text": "Is "}, {"meta": "@CLASS_NAME", "alias": "CLASS_NAME", "userDefined": false, "text": "CSC 454"}, {"userDefined": false, "text": " available in "}, {"meta": "@QUARTER", "alias": "QUARTER", "userDefined": false, "text": "Summer"}, {"userDefined": false, "text": " quarter?"}], "count": 0, "isTemplate": false}, {"id": "b23544f2-0aa2-46c1-84a1-1208e825e4c3", "data": [{"userDefined": false, "text": "Is "}, {"meta": "@CLASS_NAME", "alias": "CLASS_NAME", "userDefined": false, "text": "introduction-to object oriented design using graphical user interfaces"}, {"userDefined": false, "text": " offered in "}, {"meta": "@QUARTER", "alias": "QUARTER", "userDefined": false, "text": "Autumn"}, {"userDefined": false, "text": " quarter?"}], "count": 0, "isTemplate": false}, {"id": "4f7811a4-f35a-421a-b742-34a6978cf249", "data": [{"userDefined": false, "text": "Is "}, {"meta": "@CLASS_NAME", "alias": "CLASS_NAME", "userDefined": false, "text": "computer networks: research topics"}, {"userDefined": false, "text": " available in the "}, {"meta": "@QUARTER", "alias": "QUARTER", "userDefined": false, "text": "Spring"}, {"userDefined": false, "text": "?"}], "count": 0, "isTemplate": false}, {"id": "6b2f9368-2fff-4f69-ac4b-9e65a5fcd101", "data": [{"userDefined": false, "text": "Is "}, {"meta": "@CLASS_NAME", "alias": "CLASS_NAME", "userDefined": false, "text": "deep learning"}, {"userDefined": false, "text": " offered in the "}, {"meta": "@QUARTER", "alias": "QUARTER", "userDefined": false, "text": "Summer"}, {"userDefined": false, "text": "?"}], "count": 0, "isTemplate": false}, {"id": "a22065bd-6de4-4f54-8853-db54775a010d", "data": [{"userDefined": false, "text": "Is "}, {"meta": "@CLASS_NAME", "alias": "CLASS_NAME", "userDefined": false, "text": "CSC 290"}, {"userDefined": false, "text": " offered in "}, {"meta": "@QUARTER", "alias": "QUARTER", "userDefined": false, "text": "Summer"}, {"userDefined": false, "text": "?"}], "count": 0, "isTemplate": false}]