[{"id": "fbfb44ae-2bc6-427a-a010-a3add7b4e0d3", "data": [{"userDefined": false, "text": "Is "}, {"meta": "@CLASS_NAME", "alias": "CLASS_NAME", "userDefined": false, "text": "CSC 313"}, {"userDefined": false, "text": " a prereq for "}, {"meta": "@CLASS_NAME", "alias": "CLASS_NAME", "userDefined": false, "text": "computer architecture"}, {"userDefined": false, "text": "?"}], "count": 0, "isTemplate": false}, {"id": "e2904e31-19c6-44cd-96a1-dbeeff3337ea", "data": [{"userDefined": false, "text": "Does "}, {"meta": "@CLASS_NAME", "alias": "CLASS_NAME", "userDefined": false, "text": "CSC 508"}, {"userDefined": false, "text": " have "}, {"meta": "@CLASS_NAME", "alias": "CLASS_NAME", "userDefined": false, "text": "CSC 476"}, {"userDefined": false, "text": " as a prerequisite?"}], "count": 0, "isTemplate": false}, {"id": "96c2ca98-b30e-4d5a-9431-7a8b30035585", "data": [{"userDefined": false, "text": "Does "}, {"meta": "@CLASS_NAME", "alias": "CLASS_NAME", "userDefined": false, "text": "CSC 357"}, {"userDefined": false, "text": " have "}, {"meta": "@CLASS_NAME", "alias": "CLASS_NAME", "userDefined": false, "text": "CSC 309"}, {"userDefined": false, "text": " as a prereq?"}], "count": 0, "isTemplate": false}, {"id": "bde500f0-452b-4bc4-abbc-be43e9013c8c", "data": [{"userDefined": false, "text": "Is "}, {"meta": "@CLASS_NAME", "alias": "CLASS_NAME", "userDefined": false, "text": "cooperative education experience"}, {"userDefined": false, "text": " a prerequisite for "}, {"meta": "@CLASS_NAME", "alias": "CLASS_NAME", "userDefined": false, "text": "computers-and society"}, {"userDefined": false, "text": "?"}], "count": 0, "isTemplate": false}]