[{"count": 0, "data": [{"userDefined": false, "text": "Which "}, {"userDefined": false, "meta": "@COURSE_LEVEL", "text": "100", "alias": "COURSE_LEVEL"}, {"userDefined": false, "text": " classes are offered in "}, {"userDefined": false, "meta": "@QUARTER", "text": "Winter", "alias": "QUARTER"}, {"userDefined": false, "text": "?"}], "isTemplate": false, "id": "07b23af8-5fab-4135-9b99-c90d7c64b04a"}, {"count": 0, "data": [{"userDefined": false, "text": "Which "}, {"userDefined": false, "meta": "@COURSE_LEVEL", "text": "100", "alias": "COURSE_LEVEL"}, {"userDefined": false, "text": " courses are offered in the "}, {"userDefined": false, "meta": "@QUARTER", "text": "Spring", "alias": "QUARTER"}, {"userDefined": false, "text": "?"}], "isTemplate": false, "id": "dd74fbd4-8f09-4029-957e-1b0fb69c6c4c"}, {"count": 0, "data": [{"userDefined": false, "text": "Which "}, {"userDefined": false, "meta": "@COURSE_LEVEL", "text": "100", "alias": "COURSE_LEVEL"}, {"userDefined": false, "text": " courses are offered in "}, {"userDefined": false, "meta": "@QUARTER", "text": "Winter", "alias": "QUARTER"}, {"userDefined": false, "text": " quarter?"}], "isTemplate": false, "id": "170bae6f-c5bf-47b4-af6f-eb1921c8dd68"}, {"count": 0, "data": [{"userDefined": false, "text": "In "}, {"userDefined": false, "meta": "@QUARTER", "text": "Summer", "alias": "QUARTER"}, {"userDefined": false, "text": " quarter, which "}, {"userDefined": false, "meta": "@COURSE_LEVEL", "text": "three hundred", "alias": "COURSE_LEVEL"}, {"userDefined": false, "text": " classes are offered?"}], "isTemplate": false, "id": "0cfeb05d-5257-4d6a-a995-688076ee1606"}, {"count": 0, "data": [{"userDefined": false, "text": "Which "}, {"userDefined": false, "meta": "@COURSE_LEVEL", "text": "one hundred", "alias": "COURSE_LEVEL"}, {"userDefined": false, "text": " classes are available in "}, {"userDefined": false, "meta": "@QUARTER", "text": "Summer", "alias": "QUARTER"}, {"userDefined": false, "text": "?"}], "isTemplate": false, "id": "7b2a6001-67fd-4d25-8aeb-6b441df0b8ba"}, {"count": 0, "data": [{"userDefined": false, "text": "Which "}, {"userDefined": false, "meta": "@COURSE_LEVEL", "text": "one hundred", "alias": "COURSE_LEVEL"}, {"userDefined": false, "text": " courses are available in the "}, {"userDefined": false, "meta": "@QUARTER", "text": "Winter", "alias": "QUARTER"}, {"userDefined": false, "text": "?"}], "isTemplate": false, "id": "b308f104-763b-4bc8-a6ae-6ef1c4ef3af9"}, {"count": 0, "data": [{"userDefined": false, "text": "Which "}, {"userDefined": false, "meta": "@COURSE_LEVEL", "text": "100", "alias": "COURSE_LEVEL"}, {"userDefined": false, "text": " courses are available in "}, {"userDefined": false, "meta": "@QUARTER", "text": "Summer", "alias": "QUARTER"}, {"userDefined": false, "text": " quarter?"}], "isTemplate": false, "id": "ceeeaa36-1c84-4725-aa45-44685e7e62e0"}, {"count": 0, "data": [{"userDefined": false, "text": "In "}, {"userDefined": false, "meta": "@QUARTER", "text": "Fall", "alias": "QUARTER"}, {"userDefined": false, "text": " quarter, which "}, {"userDefined": false, "meta": "@COURSE_LEVEL", "text": "100", "alias": "COURSE_LEVEL"}, {"userDefined": false, "text": " classes are available?"}], "isTemplate": false, "id": "f6674b81-1baa-4739-b51f-f40ffae53453"}, {"count": 0, "data": [{"userDefined": false, "text": "Which "}, {"userDefined": false, "meta": "@COURSE_LEVEL", "text": "one hundred", "alias": "COURSE_LEVEL"}, {"userDefined": false, "text": " courses are offered in "}, {"userDefined": false, "meta": "@QUARTER", "text": "Summer", "alias": "QUARTER"}, {"userDefined": false, "text": "?"}], "isTemplate": false, "id": "d0d48ca8-8612-4003-b230-64ba1c672cc5"}]