[{"id": "95ceb7a0-1bcf-4081-b7cd-4ba9c80c6ea9", "data": [{"userDefined": false, "text": "Which "}, {"meta": "@COURSE_LEVEL", "alias": "COURSE_LEVEL", "userDefined": false, "text": "200"}, {"userDefined": false, "text": " classes are offered in "}, {"meta": "@QUARTER", "alias": "QUARTER", "userDefined": false, "text": "Summer"}, {"userDefined": false, "text": "?"}], "count": 0, "isTemplate": false}, {"id": "5021222e-c144-4443-af02-ba4d2d68edc4", "data": [{"userDefined": false, "text": "Which "}, {"meta": "@COURSE_LEVEL", "alias": "COURSE_LEVEL", "userDefined": false, "text": "three hundred"}, {"userDefined": false, "text": " courses are offered in the "}, {"meta": "@QUARTER", "alias": "QUARTER", "userDefined": false, "text": "Fall"}, {"userDefined": false, "text": "?"}], "count": 0, "isTemplate": false}, {"id": "c31c2897-427c-4408-871b-430d6f7a9017", "data": [{"userDefined": false, "text": "Which "}, {"meta": "@COURSE_LEVEL", "alias": "COURSE_LEVEL", "userDefined": false, "text": "100 level"}, {"userDefined": false, "text": " courses are offered in "}, {"meta": "@QUARTER", "alias": "QUARTER", "userDefined": false, "text": "Winter"}, {"userDefined": false, "text": " quarter?"}], "count": 0, "isTemplate": false}, {"id": "e7432e42-c2c7-47c3-926f-a0daa9ec6b30", "data": [{"userDefined": false, "text": "In "}, {"meta": "@QUARTER", "alias": "QUARTER", "userDefined": false, "text": "Winter"}, {"userDefined": false, "text": " quarter, which "}, {"meta": "@COURSE_LEVEL", "alias": "COURSE_LEVEL", "userDefined": false, "text": "200"}, {"userDefined": false, "text": " classes are offered?"}], "count": 0, "isTemplate": false}, {"id": "4036c614-32b2-4e82-b3e1-72ccc2684ecb", "data": [{"userDefined": false, "text": "Which "}, {"meta": "@COURSE_LEVEL", "alias": "COURSE_LEVEL", "userDefined": false, "text": "two hundred"}, {"userDefined": false, "text": " classes are available in "}, {"meta": "@QUARTER", "alias": "QUARTER", "userDefined": false, "text": "Spring"}, {"userDefined": false, "text": "?"}], "count": 0, "isTemplate": false}, {"id": "4622483f-02e8-4d80-990d-da67dc7f1d5d", "data": [{"userDefined": false, "text": "Which "}, {"meta": "@COURSE_LEVEL", "alias": "COURSE_LEVEL", "userDefined": false, "text": "300"}, {"userDefined": false, "text": " courses are available in the "}, {"meta": "@QUARTER", "alias": "QUARTER", "userDefined": false, "text": "Summer"}, {"userDefined": false, "text": "?"}], "count": 0, "isTemplate": false}, {"id": "690f9421-7a6e-4edb-907e-7fff4d52f936", "data": [{"userDefined": false, "text": "Which "}, {"meta": "@COURSE_LEVEL", "alias": "COURSE_LEVEL", "userDefined": false, "text": "two hundred"}, {"userDefined": false, "text": " courses are available in "}, {"meta": "@QUARTER", "alias": "QUARTER", "userDefined": false, "text": "Winter"}, {"userDefined": false, "text": " quarter?"}], "count": 0, "isTemplate": false}, {"id": "88a48049-d9be-4217-a9b9-1ac71fc2b85e", "data": [{"userDefined": false, "text": "In "}, {"meta": "@QUARTER", "alias": "QUARTER", "userDefined": false, "text": "Summer"}, {"userDefined": false, "text": " quarter, which "}, {"meta": "@COURSE_LEVEL", "alias": "COURSE_LEVEL", "userDefined": false, "text": "three hundred"}, {"userDefined": false, "text": " classes are available?"}], "count": 0, "isTemplate": false}, {"id": "3cd38bf5-4b69-4303-b427-c544925f357b", "data": [{"userDefined": false, "text": "Which "}, {"meta": "@COURSE_LEVEL", "alias": "COURSE_LEVEL", "userDefined": false, "text": "two hundred level"}, {"userDefined": false, "text": " courses are offered in "}, {"meta": "@QUARTER", "alias": "QUARTER", "userDefined": false, "text": "Spring"}, {"userDefined": false, "text": "?"}], "count": 0, "isTemplate": false}]