[{"count": 0, "data": [{"userDefined": false, "text": "How many classes are offered in the "}, {"userDefined": false, "meta": "@QUARTER", "text": "Autumn", "alias": "QUARTER"}, {"userDefined": false, "text": "?"}], "isTemplate": false, "id": "0ed2c180-7a28-4e4e-a773-825bbe58c80f"}, {"count": 0, "data": [{"userDefined": false, "text": "How many classes are there in the "}, {"userDefined": false, "meta": "@QUARTER", "text": "Fall", "alias": "QUARTER"}, {"userDefined": false, "text": "?"}], "isTemplate": false, "id": "9568b022-8ecd-4942-9c4d-c4ce8f81200d"}, {"count": 0, "data": [{"userDefined": false, "text": "How many classes in the "}, {"userDefined": false, "meta": "@QUARTER", "text": "Summer", "alias": "QUARTER"}, {"userDefined": false, "text": "?"}], "isTemplate": false, "id": "69c093d2-8503-44b8-96b7-b0c42885d2d3"}, {"count": 0, "data": [{"userDefined": false, "text": "How many courses are offered in the "}, {"userDefined": false, "meta": "@QUARTER", "text": "Summer", "alias": "QUARTER"}, {"userDefined": false, "text": "?"}], "isTemplate": false, "id": "13c84b94-143c-4c58-9c33-86f47504bec7"}, {"count": 0, "data": [{"userDefined": false, "text": "How many courses are there in the "}, {"userDefined": false, "meta": "@QUARTER", "text": "Spring", "alias": "QUARTER"}, {"userDefined": false, "text": "?"}], "isTemplate": false, "id": "9fcdcdbd-52bb-4847-a25a-03123d633ee2"}, {"count": 0, "data": [{"userDefined": false, "text": "How many courses in the "}, {"userDefined": false, "meta": "@QUARTER", "text": "Spring", "alias": "QUARTER"}, {"userDefined": false, "text": "?"}], "isTemplate": false, "id": "41950971-043b-4603-9f13-f46ac3b957cb"}, {"count": 0, "data": [{"userDefined": false, "text": "How many classes are offered in "}, {"userDefined": false, "meta": "@QUARTER", "text": "Spring", "alias": "QUARTER"}, {"userDefined": false, "text": " quarter?"}], "isTemplate": false, "id": "8c475605-2d6d-4b3b-9d00-525151091ab4"}]