[{"count": 0, "data": [{"userDefined": false, "text": "What is the easiest way to be able to take "}, {"userDefined": false, "meta": "@CLASS_NAME", "text": "CSC 341", "alias": "CLASS_NAME"}, {"userDefined": false, "text": "?"}], "isTemplate": false, "id": "0784cc6c-645b-4d6a-8ef4-35892a13e0c8"}, {"count": 0, "data": [{"userDefined": false, "text": "What is the shortest path to be able to take "}, {"userDefined": false, "meta": "@CLASS_NAME", "text": "CSC 341", "alias": "CLASS_NAME"}, {"userDefined": false, "text": "?"}], "isTemplate": false, "id": "d49cf34b-4b7b-442b-bade-b6054582ecf3"}, {"count": 0, "data": [{"userDefined": false, "text": "What is the shortest path of classes to be able to take "}, {"userDefined": false, "meta": "@CLASS_NAME", "text": "introduction to compilers", "alias": "CLASS_NAME"}, {"userDefined": false, "text": "?"}], "isTemplate": false, "id": "9a7f987f-9599-4feb-bbcc-19f7668c753b"}, {"count": 0, "data": [{"userDefined": false, "text": "What is the shortest path to taking "}, {"userDefined": false, "meta": "@CLASS_NAME", "text": "CSC 357", "alias": "CLASS_NAME"}, {"userDefined": false, "text": "?"}], "isTemplate": false, "id": "65394804-4810-49bd-9a85-f4859ca05dae"}]