[{"count": 0, "data": [{"userDefined": false, "text": "What technical electives should I select to do research in "}, {"userDefined": false, "meta": "@SUBJECT_MATTER", "text": "object oriented programming", "alias": "SUBJECT_MATTER"}, {"userDefined": false, "text": "?"}], "isTemplate": false, "id": "91c6742b-a428-490c-abe1-8fcdd5af06d5"}, {"count": 0, "data": [{"userDefined": false, "text": "What are some good tech electives to study "}, {"userDefined": false, "meta": "@SUBJECT_MATTER", "text": "object oriented programming", "alias": "SUBJECT_MATTER"}, {"userDefined": false, "text": "?"}], "isTemplate": false, "id": "d3f15ca2-234d-418c-a6b2-a6de02c9c079"}, {"count": 0, "data": [{"userDefined": false, "text": "What classes should I take to get a job in "}, {"userDefined": false, "meta": "@SUBJECT_MATTER", "text": "object oriented", "alias": "SUBJECT_MATTER"}, {"userDefined": false, "text": "?"}], "isTemplate": false, "id": "50a0e140-bfc9-4a8e-9925-782130892fa3"}, {"count": 0, "data": [{"userDefined": false, "text": "What are good technical electives to study "}, {"userDefined": false, "meta": "@SUBJECT_MATTER", "text": "object oriented", "alias": "SUBJECT_MATTER"}, {"userDefined": false, "text": "?"}], "isTemplate": false, "id": "27be3a58-4555-414a-acd4-1a19d3e780fa"}, {"count": 0, "data": [{"userDefined": false, "text": "What technical electives should I select to focus on "}, {"userDefined": false, "meta": "@SUBJECT_MATTER", "text": "compilers", "alias": "SUBJECT_MATTER"}, {"userDefined": false, "text": "?"}], "isTemplate": false, "id": "4948d01c-f33c-4593-bec4-55ef14b00b29"}]