[{"id": "7fe48e9c-b1a7-4e26-aa74-ce6af09ecad0", "data": [{"userDefined": false, "text": "Which lower division classes are offered in "}, {"meta": "@QUARTER", "alias": "QUARTER", "userDefined": false, "text": "Winter"}, {"userDefined": false, "text": "?"}], "count": 0, "isTemplate": false}, {"id": "a9897c87-871e-4185-bcad-bc45c19b44bc", "data": [{"userDefined": false, "text": "Which lower division courses are offered in "}, {"meta": "@QUARTER", "alias": "QUARTER", "userDefined": false, "text": "Winter"}, {"userDefined": false, "text": " quarter?"}], "count": 0, "isTemplate": false}, {"id": "cd340ab4-56f7-4df0-8943-1dd7124a980a", "data": [{"userDefined": false, "text": "Which lower division courses are offered in the "}, {"meta": "@QUARTER", "alias": "QUARTER", "userDefined": false, "text": "Summer"}, {"userDefined": false, "text": "?"}], "count": 0, "isTemplate": false}, {"id": "2abfe46f-3483-4dfa-abe9-ec3dfe6ec84d", "data": [{"userDefined": false, "text": "What lower division classes are offered in "}, {"meta": "@QUARTER", "alias": "QUARTER", "userDefined": false, "text": "Summer"}, {"userDefined": false, "text": "?"}], "count": 0, "isTemplate": false}, {"id": "f3ce761d-5018-428e-9e5c-fbfe31863eb8", "data": [{"userDefined": false, "text": "What lower division classes are available in the "}, {"meta": "@QUARTER", "alias": "QUARTER", "userDefined": false, "text": "Autumn"}, {"userDefined": false, "text": "?"}], "count": 0, "isTemplate": false}, {"id": "5f1c4115-52e7-4b00-b3ae-4b3aecdc6106", "data": [{"userDefined": false, "text": "Which lower division courses are offered in "}, {"meta": "@QUARTER", "alias": "QUARTER", "userDefined": false, "text": "Summer"}, {"userDefined": false, "text": "?"}], "count": 0, "isTemplate": false}]