[{"count": 0, "data": [{"userDefined": false, "text": "Which term usually has the most course variety?"}], "isTemplate": false, "id": "4e145ede-bb4e-4474-8f9e-40a7fa9a612d"}, {"count": 0, "data": [{"userDefined": false, "text": "Which term offers the most class variety?"}], "isTemplate": false, "id": "b7366e57-ad80-4fd9-b480-487acd4ebdfc"}, {"count": 0, "data": [{"userDefined": false, "text": "Which term has the most class variety?"}], "isTemplate": false, "id": "ee7df240-fe6c-4558-9d6b-e86c6ea8acf5"}, {"count": 0, "data": [{"userDefined": false, "text": "Which quarter typically offers the most course variety?"}], "isTemplate": false, "id": "8f0ca226-43a2-40b2-9042-62b9d4bb66f9"}, {"count": 0, "data": [{"userDefined": false, "text": "Which quarter usually has the most course variety?"}], "isTemplate": false, "id": "1283b2de-b911-4cf4-b056-c623255b61f0"}, {"count": 0, "data": [{"userDefined": false, "text": "Which quarter offers the most class variety?"}], "isTemplate": false, "id": "241266dc-38fb-4938-9086-19c7264d7257"}, {"count": 0, "data": [{"userDefined": false, "text": "Which quarter has the most class variety?"}], "isTemplate": false, "id": "e2458864-c53a-42d4-a911-b0490018a81c"}, {"count": 0, "data": [{"userDefined": false, "text": "Which term typically offers the most course variety?"}], "isTemplate": false, "id": "be359c82-7788-40c3-98ec-c17df9e84c8c"}]