[{"count": 0, "data": [{"userDefined": false, "text": "Are "}, {"userDefined": false, "meta": "@COURSE_LEVEL", "text": "two hundred", "alias": "COURSE_LEVEL"}, {"userDefined": false, "text": " classes are offered in "}, {"userDefined": false, "meta": "@QUARTER", "text": "Spring", "alias": "QUARTER"}, {"userDefined": false, "text": "?"}], "isTemplate": false, "id": "548310e0-a403-46c9-bc3a-946d2fecb69d"}, {"count": 0, "data": [{"userDefined": false, "text": "Are "}, {"userDefined": false, "meta": "@COURSE_LEVEL", "text": "two hundred", "alias": "COURSE_LEVEL"}, {"userDefined": false, "text": " courses are offered in the "}, {"userDefined": false, "meta": "@QUARTER", "text": "Summer", "alias": "QUARTER"}, {"userDefined": false, "text": "?"}], "isTemplate": false, "id": "0b4bfb88-117c-4347-b036-e5b79c9ba2c0"}, {"count": 0, "data": [{"userDefined": false, "text": "Are "}, {"userDefined": false, "meta": "@COURSE_LEVEL", "text": "one hundred", "alias": "COURSE_LEVEL"}, {"userDefined": false, "text": " courses are offered in "}, {"userDefined": false, "meta": "@QUARTER", "text": "Winter", "alias": "QUARTER"}, {"userDefined": false, "text": " quarter?"}], "isTemplate": false, "id": "0d5787d4-9b25-4404-abd5-e3f425f0a753"}, {"count": 0, "data": [{"userDefined": false, "text": "In "}, {"userDefined": false, "meta": "@QUARTER", "text": "Spring", "alias": "QUARTER"}, {"userDefined": false, "text": " quarter, are "}, {"userDefined": false, "meta": "@COURSE_LEVEL", "text": "two hundred", "alias": "COURSE_LEVEL"}, {"userDefined": false, "text": " classes are offered?"}], "isTemplate": false, "id": "b5231051-b244-4370-b539-c5f1b3cc01fa"}, {"count": 0, "data": [{"userDefined": false, "text": "Are "}, {"userDefined": false, "meta": "@COURSE_LEVEL", "text": "100", "alias": "COURSE_LEVEL"}, {"userDefined": false, "text": " classes are available in "}, {"userDefined": false, "meta": "@QUARTER", "text": "Summer", "alias": "QUARTER"}, {"userDefined": false, "text": "?"}], "isTemplate": false, "id": "b4aa95b5-0bbe-4eb5-9f0d-9efca716c4f9"}, {"count": 0, "data": [{"userDefined": false, "text": "Are "}, {"userDefined": false, "meta": "@COURSE_LEVEL", "text": "100", "alias": "COURSE_LEVEL"}, {"userDefined": false, "text": " courses are available in the "}, {"userDefined": false, "meta": "@QUARTER", "text": "Summer", "alias": "QUARTER"}, {"userDefined": false, "text": "?"}], "isTemplate": false, "id": "13fed79d-dd91-456e-bdde-6a9a4ee96450"}, {"count": 0, "data": [{"userDefined": false, "text": "Are "}, {"userDefined": false, "meta": "@COURSE_LEVEL", "text": "two hundred", "alias": "COURSE_LEVEL"}, {"userDefined": false, "text": " courses are available in "}, {"userDefined": false, "meta": "@QUARTER", "text": "Fall", "alias": "QUARTER"}, {"userDefined": false, "text": " quarter?"}], "isTemplate": false, "id": "e24428da-e0b4-407a-b1b7-97fc249e80da"}, {"count": 0, "data": [{"userDefined": false, "text": "In "}, {"userDefined": false, "meta": "@QUARTER", "text": "Autumn", "alias": "QUARTER"}, {"userDefined": false, "text": " quarter, are "}, {"userDefined": false, "meta": "@COURSE_LEVEL", "text": "100", "alias": "COURSE_LEVEL"}, {"userDefined": false, "text": " classes are available?"}], "isTemplate": false, "id": "d8b84277-e039-493f-8c45-752fb4cc18fd"}, {"count": 0, "data": [{"userDefined": false, "text": "Does "}, {"userDefined": false, "meta": "@QUARTER", "text": "Summer", "alias": "QUARTER"}, {"userDefined": false, "text": " offer any "}, {"userDefined": false, "meta": "@COURSE_LEVEL", "text": "100", "alias": "COURSE_LEVEL"}, {"userDefined": false, "text": " courses?"}], "isTemplate": false, "id": "428050e4-75db-4df3-b9c4-27fb160c4fb8"}]