[{"id": "8c5a887a-8899-45ac-99ac-dfbb2629c69f", "data": [{"userDefined": false, "text": "Which upper division classes are offered in "}, {"meta": "@QUARTER", "alias": "QUARTER", "userDefined": false, "text": "Winter"}, {"userDefined": false, "text": "?"}], "count": 0, "isTemplate": false}, {"id": "80348ee2-29db-4f69-b46c-3cdec568c951", "data": [{"userDefined": false, "text": "Which upper division courses are offered in the "}, {"meta": "@QUARTER", "alias": "QUARTER", "userDefined": false, "text": "Spring"}, {"userDefined": false, "text": "?"}], "count": 0, "isTemplate": false}, {"id": "f3d04933-1dda-4cef-8194-489b839dff4c", "data": [{"userDefined": false, "text": "In "}, {"meta": "@QUARTER", "alias": "QUARTER", "userDefined": false, "text": "Winter"}, {"userDefined": false, "text": ", what upper division classes are offered?"}], "count": 0, "isTemplate": false}, {"id": "5aff1d66-3cc0-4ea2-8088-aa901aecdbac", "data": [{"userDefined": false, "text": "What upper division classes are offered in "}, {"meta": "@QUARTER", "alias": "QUARTER", "userDefined": false, "text": "Winter"}, {"userDefined": false, "text": " quarter?"}], "count": 0, "isTemplate": false}, {"id": "e5f90d81-f25e-4428-940f-b9b56980dd5a", "data": [{"userDefined": false, "text": "Which upper division courses are offered in "}, {"meta": "@QUARTER", "alias": "QUARTER", "userDefined": false, "text": "Autumn"}, {"userDefined": false, "text": "?"}], "count": 0, "isTemplate": false}]