[{"count": 0, "data": [{"userDefined": false, "text": "Does "}, {"userDefined": false, "meta": "@QUARTER", "text": "Winter", "alias": "QUARTER"}, {"userDefined": false, "text": " offer any lower division classes?"}], "isTemplate": false, "id": "a9a897bb-1bc3-42f2-be97-59597d450b77"}, {"count": 0, "data": [{"userDefined": false, "text": "Does "}, {"userDefined": false, "meta": "@QUARTER", "text": "Autumn", "alias": "QUARTER"}, {"userDefined": false, "text": " quarter offer any lower division courses?"}], "isTemplate": false, "id": "4e4e5226-67c4-46bb-a48d-837f747ddfe6"}, {"count": 0, "data": [{"userDefined": false, "text": "Are there any lower division courses in the "}, {"userDefined": false, "meta": "@QUARTER", "text": "Fall", "alias": "QUARTER"}, {"userDefined": false, "text": "?"}], "isTemplate": false, "id": "9ff754e5-7036-4c1e-afa3-d7bbab1073c6"}, {"count": 0, "data": [{"userDefined": false, "text": "Are there lower division courses offered in the "}, {"userDefined": false, "meta": "@QUARTER", "text": "Winter", "alias": "QUARTER"}, {"userDefined": false, "text": "?"}], "isTemplate": false, "id": "170b1f30-711a-4505-9d6b-cb1ddf84fb60"}, {"count": 0, "data": [{"userDefined": false, "text": "Are there lower division courses offered in "}, {"userDefined": false, "meta": "@QUARTER", "text": "Summer", "alias": "QUARTER"}, {"userDefined": false, "text": "?"}], "isTemplate": false, "id": "2ece71be-00a1-4fe6-8edd-be388d8e336d"}, {"count": 0, "data": [{"userDefined": false, "text": "Are there lower division courses offered in "}, {"userDefined": false, "meta": "@QUARTER", "text": "Spring", "alias": "QUARTER"}, {"userDefined": false, "text": " quarter?"}], "isTemplate": false, "id": "f402272a-8660-4f9c-867c-b46068e688af"}, {"count": 0, "data": [{"userDefined": false, "text": "Does "}, {"userDefined": false, "meta": "@QUARTER", "text": "Summer", "alias": "QUARTER"}, {"userDefined": false, "text": " offer any lower division courses?"}], "isTemplate": false, "id": "4325d71e-103a-4a14-bdfe-2cac58457eab"}]