[{"count": 0, "data": [{"userDefined": false, "text": "Which upper division classes are offered in "}, {"userDefined": false, "meta": "@QUARTER", "text": "Winter", "alias": "QUARTER"}, {"userDefined": false, "text": "?"}], "isTemplate": false, "id": "24e7226b-8fad-42ef-8790-283c3f88b5c4"}, {"count": 0, "data": [{"userDefined": false, "text": "Which upper division courses are offered in the "}, {"userDefined": false, "meta": "@QUARTER", "text": "Summer", "alias": "QUARTER"}, {"userDefined": false, "text": "?"}], "isTemplate": false, "id": "3ff88059-6baa-42d3-85d5-ce210d89dda5"}, {"count": 0, "data": [{"userDefined": false, "text": "In "}, {"userDefined": false, "meta": "@QUARTER", "text": "Winter", "alias": "QUARTER"}, {"userDefined": false, "text": ", what upper division classes are offered?"}], "isTemplate": false, "id": "a393190a-e72d-4c44-ad46-ee0024daeae3"}, {"count": 0, "data": [{"userDefined": false, "text": "What upper division classes are offered in "}, {"userDefined": false, "meta": "@QUARTER", "text": "Autumn", "alias": "QUARTER"}, {"userDefined": false, "text": " quarter?"}], "isTemplate": false, "id": "0dc032b5-1ab7-413b-93b8-ca6b57d79d7e"}, {"count": 0, "data": [{"userDefined": false, "text": "Which upper division courses are offered in "}, {"userDefined": false, "meta": "@QUARTER", "text": "Autumn", "alias": "QUARTER"}, {"userDefined": false, "text": "?"}], "isTemplate": false, "id": "fa4d19b7-65f5-4b87-9fcf-31dcb4c538a6"}]