[{"count": 0, "data": [{"userDefined": false, "text": "Which quarter typically offers the least "}, {"userDefined": false, "meta": "@COURSE_LEVEL", "text": "100", "alias": "COURSE_LEVEL"}, {"userDefined": false, "text": " courses?"}], "isTemplate": false, "id": "28a4875a-dd88-4342-b2a1-7db83338f469"}, {"count": 0, "data": [{"userDefined": false, "text": "Which quarter typically offers the least "}, {"userDefined": false, "meta": "@COURSE_LEVEL", "text": "one hundred", "alias": "COURSE_LEVEL"}, {"userDefined": false, "text": " classes?"}], "isTemplate": false, "id": "e63292a5-5945-427c-b16c-a5b69e4145cb"}, {"count": 0, "data": [{"userDefined": false, "text": "In what term are the least "}, {"userDefined": false, "meta": "@COURSE_LEVEL", "text": "one hundred", "alias": "COURSE_LEVEL"}, {"userDefined": false, "text": " classes offered?"}], "isTemplate": false, "id": "0950ccf1-7953-4581-a0f6-5901d2a6403c"}, {"count": 0, "data": [{"userDefined": false, "text": "In what term are the least "}, {"userDefined": false, "meta": "@COURSE_LEVEL", "text": "100", "alias": "COURSE_LEVEL"}, {"userDefined": false, "text": " courses offered?"}], "isTemplate": false, "id": "e177a272-ddc6-472f-be5c-97ae9ad6cfa5"}, {"count": 0, "data": [{"userDefined": false, "text": "When are the least "}, {"userDefined": false, "meta": "@COURSE_LEVEL", "text": "two hundred", "alias": "COURSE_LEVEL"}, {"userDefined": false, "text": " classes offered?"}], "isTemplate": false, "id": "d76ffa46-850b-4498-bd66-13fadada8d22"}, {"count": 0, "data": [{"userDefined": false, "text": "When are the least "}, {"userDefined": false, "meta": "@COURSE_LEVEL", "text": "two hundred", "alias": "COURSE_LEVEL"}, {"userDefined": false, "text": " courses offered?"}], "isTemplate": false, "id": "5057655a-9172-4387-ae2b-24bb00b2b01e"}, {"count": 0, "data": [{"userDefined": false, "text": "Which term typically offers the least "}, {"userDefined": false, "meta": "@COURSE_LEVEL", "text": "100", "alias": "COURSE_LEVEL"}, {"userDefined": false, "text": " level courses?"}], "isTemplate": false, "id": "1d701731-445d-424f-8986-54a1973f15e4"}]