[{"count": 0, "data": [{"userDefined": false, "text": "Which lower division classes are offered in "}, {"userDefined": false, "meta": "@QUARTER", "text": "Spring", "alias": "QUARTER"}, {"userDefined": false, "text": "?"}], "isTemplate": false, "id": "243eaaff-cada-43e4-88c7-4b9d1580e1b6"}, {"count": 0, "data": [{"userDefined": false, "text": "Which lower division courses are offered in "}, {"userDefined": false, "meta": "@QUARTER", "text": "Summer", "alias": "QUARTER"}, {"userDefined": false, "text": " quarter?"}], "isTemplate": false, "id": "06690f67-b140-4e25-b8dc-3d7252479bf7"}, {"count": 0, "data": [{"userDefined": false, "text": "Which lower division courses are offered in the "}, {"userDefined": false, "meta": "@QUARTER", "text": "Spring", "alias": "QUARTER"}, {"userDefined": false, "text": "?"}], "isTemplate": false, "id": "745c79af-7757-4264-906f-ff2738ecc823"}, {"count": 0, "data": [{"userDefined": false, "text": "What lower division classes are offered in "}, {"userDefined": false, "meta": "@QUARTER", "text": "Fall", "alias": "QUARTER"}, {"userDefined": false, "text": "?"}], "isTemplate": false, "id": "11607a92-8855-40f8-95ac-5632b8b9ccf4"}, {"count": 0, "data": [{"userDefined": false, "text": "What lower division classes are available in the "}, {"userDefined": false, "meta": "@QUARTER", "text": "Autumn", "alias": "QUARTER"}, {"userDefined": false, "text": "?"}], "isTemplate": false, "id": "c94a0bea-1b8f-40ba-ad6a-c5606b3efd38"}, {"count": 0, "data": [{"userDefined": false, "text": "Which lower division courses are offered in "}, {"userDefined": false, "meta": "@QUARTER", "text": "Autumn", "alias": "QUARTER"}, {"userDefined": false, "text": "?"}], "isTemplate": false, "id": "6f6ef400-d637-467b-b4ee-a111f53b62ef"}]