[{"count": 0, "data": [{"userDefined": false, "text": "Which term usually offers the least course variety?"}], "isTemplate": false, "id": "1ea1098b-fef9-40c3-9414-3c38d9305667"}, {"count": 0, "data": [{"userDefined": false, "text": "Which quarter typically offers very little course variety?"}], "isTemplate": false, "id": "c1c1e4e3-be74-4695-8feb-df85a811a086"}, {"count": 0, "data": [{"userDefined": false, "text": "Which term typically offers the least class variety?"}], "isTemplate": false, "id": "911d9eca-8a7c-45be-9e1a-162fd7c9b8cb"}, {"count": 0, "data": [{"userDefined": false, "text": "Which term usually offers the least class variety?"}], "isTemplate": false, "id": "3c2f1104-9001-4e16-8b79-bbc128daab7c"}, {"count": 0, "data": [{"userDefined": false, "text": "Which quarter has the least class variety?"}], "isTemplate": false, "id": "6d43f01b-828e-46a7-bfa8-8ddb65db6488"}, {"count": 0, "data": [{"userDefined": false, "text": "Which quarter has the least course variety?"}], "isTemplate": false, "id": "deff7c59-6278-446f-b2be-eec880ba961c"}, {"count": 0, "data": [{"userDefined": false, "text": "Which term typically offers the least course variety?"}], "isTemplate": false, "id": "d338facc-2657-46b2-b6ed-9a31146397e5"}]