[{"count": 0, "data": [{"userDefined": false, "text": "Does "}, {"userDefined": false, "meta": "@QUARTER", "text": "Winter", "alias": "QUARTER"}, {"userDefined": false, "text": " offer any upper division classes?"}], "isTemplate": false, "id": "31e51eb4-c77c-44bf-9da5-3875c2e9719b"}, {"count": 0, "data": [{"userDefined": false, "text": "Are there upper division courses offered in the "}, {"userDefined": false, "meta": "@QUARTER", "text": "Winter", "alias": "QUARTER"}, {"userDefined": false, "text": "?"}], "isTemplate": false, "id": "d2c73b50-ef89-4256-bcce-28757c3f9e2c"}, {"count": 0, "data": [{"userDefined": false, "text": "Are upper division courses offered in "}, {"userDefined": false, "meta": "@QUARTER", "text": "Winter", "alias": "QUARTER"}, {"userDefined": false, "text": "?"}], "isTemplate": false, "id": "401f72f4-0017-467e-907f-d8a435b503c1"}, {"count": 0, "data": [{"userDefined": false, "text": "Are there any upper division courses offered in "}, {"userDefined": false, "meta": "@QUARTER", "text": "Spring", "alias": "QUARTER"}, {"userDefined": false, "text": " quarter"}], "isTemplate": false, "id": "be1f7e10-fd34-462b-a74f-2ab44341ba12"}, {"count": 0, "data": [{"userDefined": false, "text": "Does "}, {"userDefined": false, "meta": "@QUARTER", "text": "Summer", "alias": "QUARTER"}, {"userDefined": false, "text": " offer any upper division courses?"}], "isTemplate": false, "id": "eae4cc34-0075-4490-b521-0fdd00454780"}]