[{"id": "6e8699a8-0629-48f1-982c-358bd419f51f", "data": [{"userDefined": false, "text": "Are "}, {"meta": "@COURSE_LEVEL", "alias": "COURSE_LEVEL", "userDefined": false, "text": "two hundred"}, {"userDefined": false, "text": " classes are offered in "}, {"meta": "@QUARTER", "alias": "QUARTER", "userDefined": false, "text": "Winter"}, {"userDefined": false, "text": "?"}], "count": 0, "isTemplate": false}, {"id": "c833a110-e4e9-43c0-a779-13f487b7adf9", "data": [{"userDefined": false, "text": "Are "}, {"meta": "@COURSE_LEVEL", "alias": "COURSE_LEVEL", "userDefined": false, "text": "200"}, {"userDefined": false, "text": " courses are offered in the "}, {"meta": "@QUARTER", "alias": "QUARTER", "userDefined": false, "text": "Spring"}, {"userDefined": false, "text": "?"}], "count": 0, "isTemplate": false}, {"id": "42d281ce-7c9f-4001-b459-f590c8e9713e", "data": [{"userDefined": false, "text": "Are "}, {"meta": "@COURSE_LEVEL", "alias": "COURSE_LEVEL", "userDefined": false, "text": "one hundred"}, {"userDefined": false, "text": " courses are offered in "}, {"meta": "@QUARTER", "alias": "QUARTER", "userDefined": false, "text": "Spring"}, {"userDefined": false, "text": " quarter?"}], "count": 0, "isTemplate": false}, {"id": "7d1e2ccc-b12f-4f30-964c-ed4fa2cc3efd", "data": [{"userDefined": false, "text": "In "}, {"meta": "@QUARTER", "alias": "QUARTER", "userDefined": false, "text": "Fall"}, {"userDefined": false, "text": " quarter, are "}, {"meta": "@COURSE_LEVEL", "alias": "COURSE_LEVEL", "userDefined": false, "text": "two hundred"}, {"userDefined": false, "text": " classes are offered?"}], "count": 0, "isTemplate": false}, {"id": "4abfb9aa-437b-46d3-8803-be5159a65051", "data": [{"userDefined": false, "text": "Are "}, {"meta": "@COURSE_LEVEL", "alias": "COURSE_LEVEL", "userDefined": false, "text": "200"}, {"userDefined": false, "text": " classes are available in "}, {"meta": "@QUARTER", "alias": "QUARTER", "userDefined": false, "text": "Fall"}, {"userDefined": false, "text": "?"}], "count": 0, "isTemplate": false}, {"id": "3fdceb97-c992-46af-ae74-651ac0d42ddf", "data": [{"userDefined": false, "text": "Are "}, {"meta": "@COURSE_LEVEL", "alias": "COURSE_LEVEL", "userDefined": false, "text": "200"}, {"userDefined": false, "text": " courses are available in the "}, {"meta": "@QUARTER", "alias": "QUARTER", "userDefined": false, "text": "Winter"}, {"userDefined": false, "text": "?"}], "count": 0, "isTemplate": false}, {"id": "8011d352-2441-4583-b57b-f86e10c98d49", "data": [{"userDefined": false, "text": "Are "}, {"meta": "@COURSE_LEVEL", "alias": "COURSE_LEVEL", "userDefined": false, "text": "200"}, {"userDefined": false, "text": " courses are available in "}, {"meta": "@QUARTER", "alias": "QUARTER", "userDefined": false, "text": "Winter"}, {"userDefined": false, "text": " quarter?"}], "count": 0, "isTemplate": false}, {"id": "c7e46c35-f1a1-4533-a031-1c9ceacbe2ff", "data": [{"userDefined": false, "text": "In "}, {"meta": "@QUARTER", "alias": "QUARTER", "userDefined": false, "text": "Autumn"}, {"userDefined": false, "text": " quarter, are "}, {"meta": "@COURSE_LEVEL", "alias": "COURSE_LEVEL", "userDefined": false, "text": "one hundred level"}, {"userDefined": false, "text": " classes are available?"}], "count": 0, "isTemplate": false}, {"id": "0865f837-aea9-4d60-bf3b-b92077c1d941", "data": [{"userDefined": false, "text": "Does "}, {"meta": "@QUARTER", "alias": "QUARTER", "userDefined": false, "text": "Summer"}, {"userDefined": false, "text": " offer any "}, {"meta": "@COURSE_LEVEL", "alias": "COURSE_LEVEL", "userDefined": false, "text": "three hundred level"}, {"userDefined": false, "text": " courses?"}], "count": 0, "isTemplate": false}]