[{"count": 0, "data": [{"userDefined": false, "text": "Which quarter typically offers the most "}, {"userDefined": false, "meta": "@COURSE_LEVEL", "text": "100", "alias": "COURSE_LEVEL"}, {"userDefined": false, "text": " courses?"}], "isTemplate": false, "id": "e6bb1c6d-2a32-45e2-93b6-638f92c8a0ed"}, {"count": 0, "data": [{"userDefined": false, "text": "Which quarter typically offers the most "}, {"userDefined": false, "meta": "@COURSE_LEVEL", "text": "100", "alias": "COURSE_LEVEL"}, {"userDefined": false, "text": " classes?"}], "isTemplate": false, "id": "406b0530-8390-47bb-80cb-5f83fe7da687"}, {"count": 0, "data": [{"userDefined": false, "text": "In what term are the most "}, {"userDefined": false, "meta": "@COURSE_LEVEL", "text": "one hundred", "alias": "COURSE_LEVEL"}, {"userDefined": false, "text": " classes offered?"}], "isTemplate": false, "id": "7a1b7e28-c263-463e-b360-594c8dae6a81"}, {"count": 0, "data": [{"userDefined": false, "text": "In what term are the most "}, {"userDefined": false, "meta": "@COURSE_LEVEL", "text": "100", "alias": "COURSE_LEVEL"}, {"userDefined": false, "text": " courses offered?"}], "isTemplate": false, "id": "9d2f6a4f-c598-4348-a68e-9b1adda82d7b"}, {"count": 0, "data": [{"userDefined": false, "text": "When are the most "}, {"userDefined": false, "meta": "@COURSE_LEVEL", "text": "100", "alias": "COURSE_LEVEL"}, {"userDefined": false, "text": " classes offered?"}], "isTemplate": false, "id": "5e0a6a1c-36e8-49ea-9e2e-0553470f9866"}, {"count": 0, "data": [{"userDefined": false, "text": "When are the most "}, {"userDefined": false, "meta": "@COURSE_LEVEL", "text": "100", "alias": "COURSE_LEVEL"}, {"userDefined": false, "text": " courses offered?"}], "isTemplate": false, "id": "308ba846-d7e8-48c9-8aa3-7160ad40798a"}, {"count": 0, "data": [{"userDefined": false, "text": "Which term typically offers the most "}, {"userDefined": false, "meta": "@COURSE_LEVEL", "text": "100", "alias": "COURSE_LEVEL"}, {"userDefined": false, "text": " level courses?"}], "isTemplate": false, "id": "c1aa7b72-bd9b-4204-a169-e83540dd5a3b"}]