[{"id": "975c07a4-7adb-4d40-ae05-a1ca4aba56d5", "data": [{"userDefined": false, "text": "When is "}, {"meta": "@CLASS_NAME", "alias": "CLASS_NAME", "userDefined": false, "text": "CSC 454"}, {"userDefined": false, "text": " typically offered?"}], "count": 0, "isTemplate": false}, {"id": "36bf8c45-df9f-4734-be19-b7eea6a95ecc", "data": [{"userDefined": false, "text": "When is "}, {"meta": "@CLASS_NAME", "alias": "CLASS_NAME", "userDefined": false, "text": "theory-of computation ii"}, {"userDefined": false, "text": " offered?"}], "count": 0, "isTemplate": false}, {"id": "fa2e77dd-388e-4082-b068-14592e905b3d", "data": [{"userDefined": false, "text": "When's "}, {"meta": "@CLASS_NAME", "alias": "CLASS_NAME", "userDefined": false, "text": "accelerated introduction-to computer science"}, {"userDefined": false, "text": " offered?"}], "count": 0, "isTemplate": false}, {"id": "80d74a7f-2b54-4dd6-a8f3-4a8a4f316c00", "data": [{"userDefined": false, "text": "What quarter is "}, {"meta": "@CLASS_NAME", "alias": "CLASS_NAME", "userDefined": false, "text": "CSC 300"}, {"userDefined": false, "text": " offered?"}], "count": 0, "isTemplate": false}, {"id": "5656ebc9-37a5-41fd-858a-1793953f72af", "data": [{"userDefined": false, "text": "What terms is "}, {"meta": "@CLASS_NAME", "alias": "CLASS_NAME", "userDefined": false, "text": "programming languages"}, {"userDefined": false, "text": " typically offered?"}], "count": 0, "isTemplate": false}]