[{"count": 0, "data": [{"userDefined": false, "text": "What subjects do people tend to study with "}, {"userDefined": false, "meta": "@SUBJECT_MATTER", "text": "OOP", "alias": "SUBJECT_MATTER"}, {"userDefined": false, "text": "?"}], "isTemplate": false, "id": "ba8418ad-4d0f-4184-8a23-be8331ed4ec3"}, {"count": 0, "data": [{"userDefined": false, "text": "What subjects do people tend to study alongside "}, {"userDefined": false, "meta": "@SUBJECT_MATTER", "text": "compilers", "alias": "SUBJECT_MATTER"}, {"userDefined": false, "text": "?"}], "isTemplate": false, "id": "f324e53d-bd63-4e88-b86d-7bfafa873a32"}, {"count": 0, "data": [{"userDefined": false, "text": "What subjects do students tend to study with "}, {"userDefined": false, "meta": "@SUBJECT_MATTER", "text": "object oriented programming", "alias": "SUBJECT_MATTER"}, {"userDefined": false, "text": "?"}], "isTemplate": false, "id": "a4093a2a-7402-49da-9ebd-d6c44f4fb46f"}, {"count": 0, "data": [{"userDefined": false, "text": "What are some subjects alongside "}, {"userDefined": false, "meta": "@SUBJECT_MATTER", "text": "compilers", "alias": "SUBJECT_MATTER"}, {"userDefined": false, "text": " that students tend to study?"}], "isTemplate": false, "id": "8b33a135-97d1-48a6-963a-7f58fea7350e"}, {"count": 0, "data": [{"userDefined": false, "text": "Are there any subjects that are commonly studied with "}, {"userDefined": false, "meta": "@SUBJECT_MATTER", "text": "OOP", "alias": "SUBJECT_MATTER"}, {"userDefined": false, "text": "?"}], "isTemplate": false, "id": "2c4418c3-333f-4941-a73c-31cfc6af3396"}, {"count": 0, "data": [{"userDefined": false, "text": "What subjects are also commonly studied with "}, {"userDefined": false, "meta": "@SUBJECT_MATTER", "text": "compilers", "alias": "SUBJECT_MATTER"}, {"userDefined": false, "text": "?"}], "isTemplate": false, "id": "ecc935c7-b2ba-4f6c-9001-69fb4c1ad52d"}]