[{"count": 0, "data": [{"userDefined": false, "text": "What is the class code for "}, {"userDefined": false, "meta": "@CLASS_NAME", "text": "systems programming", "alias": "CLASS_NAME"}, {"userDefined": false, "text": "?"}], "isTemplate": false, "id": "974dbf0a-07b3-4a51-aafd-43109e4d0d43"}, {"count": 0, "data": [{"userDefined": false, "text": "What code does "}, {"userDefined": false, "meta": "@CLASS_NAME", "text": "systems programming", "alias": "CLASS_NAME"}, {"userDefined": false, "text": " have?"}], "isTemplate": false, "id": "d6edc7c5-03ed-4113-a182-f6c7c6b6794c"}, {"count": 0, "data": [{"userDefined": false, "text": "What is "}, {"userDefined": false, "meta": "@CLASS_NAME", "text": "CSC 357", "alias": "CLASS_NAME"}, {"userDefined": false, "text": "'s course code?"}], "isTemplate": false, "id": "0042a40c-005d-4500-9dd7-56750f4c75c0"}, {"count": 0, "data": [{"userDefined": false, "text": "Which course code is "}, {"userDefined": false, "meta": "@CLASS_NAME", "text": "CSC 341", "alias": "CLASS_NAME"}, {"userDefined": false, "text": "?"}], "isTemplate": false, "id": "3cb04284-33c9-48ea-a87d-3d9296d30373"}, {"count": 0, "data": [{"userDefined": false, "text": "What is the course code for "}, {"userDefined": false, "meta": "@CLASS_NAME", "text": "systems programming", "alias": "CLASS_NAME"}, {"userDefined": false, "text": "?"}], "isTemplate": false, "id": "f1c7ed39-6e97-430d-b55c-c8cf69c36102"}]