[{"count": 0, "data": [{"userDefined": false, "text": "What classes can I take in "}, {"userDefined": false, "meta": "@QUARTER", "text": "Autumn", "alias": "QUARTER"}, {"userDefined": false, "text": "?"}], "isTemplate": false, "id": "39ca8c0c-872b-4e70-b420-3f3d6e134b15"}, {"count": 0, "data": [{"userDefined": false, "text": "What classes are offered during the "}, {"userDefined": false, "meta": "@QUARTER", "text": "Fall", "alias": "QUARTER"}, {"userDefined": false, "text": "?"}], "isTemplate": false, "id": "5aef9fde-7490-4f0d-b02d-7f4e709b4687"}, {"count": 0, "data": [{"userDefined": false, "text": "What courses can I take in "}, {"userDefined": false, "meta": "@QUARTER", "text": "Summer", "alias": "QUARTER"}, {"userDefined": false, "text": "?"}], "isTemplate": false, "id": "17e30624-c4c1-48fa-9e59-c1094c93034d"}, {"count": 0, "data": [{"userDefined": false, "text": "What courses are offered during the "}, {"userDefined": false, "meta": "@QUARTER", "text": "Summer", "alias": "QUARTER"}, {"userDefined": false, "text": "?"}], "isTemplate": false, "id": "2a52642f-154c-4060-a001-f794f923aecb"}, {"count": 0, "data": [{"userDefined": false, "text": "What can I take in "}, {"userDefined": false, "meta": "@QUARTER", "text": "Spring", "alias": "QUARTER"}, {"userDefined": false, "text": "?"}], "isTemplate": false, "id": "b10a9709-0cf2-49d9-bd5b-659c1c979a2e"}, {"count": 0, "data": [{"userDefined": false, "text": "What can I take in the "}, {"userDefined": false, "meta": "@QUARTER", "text": "Spring", "alias": "QUARTER"}, {"userDefined": false, "text": "?"}], "isTemplate": false, "id": "8b47cd95-3dfd-446f-9d91-a5cc79c75c5a"}, {"count": 0, "data": [{"userDefined": false, "text": "What can I take during the "}, {"userDefined": false, "meta": "@QUARTER", "text": "Summer", "alias": "QUARTER"}, {"userDefined": false, "text": "?"}], "isTemplate": false, "id": "5ebdeef5-2af4-48f8-9529-125b2058f2ee"}, {"count": 0, "data": [{"userDefined": false, "text": "Which classes are offered in "}, {"userDefined": false, "meta": "@QUARTER", "text": "Winter", "alias": "QUARTER"}, {"userDefined": false, "text": "?"}], "isTemplate": false, "id": "8a4a439c-e7c7-4365-8aba-feb976e3e5fd"}]