[{"id": "fe654d33-018c-49fe-980b-da900dcadf2e", "data": [{"userDefined": false, "text": "What is the class code for "}, {"meta": "@CLASS_NAME", "alias": "CLASS_NAME", "userDefined": false, "text": "software security"}, {"userDefined": false, "text": "?"}], "count": 0, "isTemplate": false}, {"id": "588fb715-960f-4724-b54e-5a05d01aa5c4", "data": [{"userDefined": false, "text": "What code does "}, {"meta": "@CLASS_NAME", "alias": "CLASS_NAME", "userDefined": false, "text": "CSC 302"}, {"userDefined": false, "text": " have?"}], "count": 0, "isTemplate": false}, {"id": "33204c5d-1d4c-41b6-aa3e-5b7956ec12d0", "data": [{"userDefined": false, "text": "What is "}, {"meta": "@CLASS_NAME", "alias": "CLASS_NAME", "userDefined": false, "text": "CSC 564"}, {"userDefined": false, "text": "'s course code?"}], "count": 0, "isTemplate": false}, {"id": "4be066c6-83df-4932-ba8a-ba4b22b4fba8", "data": [{"userDefined": false, "text": "Which course code is "}, {"meta": "@CLASS_NAME", "alias": "CLASS_NAME", "userDefined": false, "text": "CSC 308"}, {"userDefined": false, "text": "?"}], "count": 0, "isTemplate": false}, {"id": "398380f8-b9a9-4680-963e-cb07bb77696b", "data": [{"userDefined": false, "text": "What is the course code for "}, {"meta": "@CLASS_NAME", "alias": "CLASS_NAME", "userDefined": false, "text": "c-and unix"}, {"userDefined": false, "text": "?"}], "count": 0, "isTemplate": false}]