[{"id": "0e24c20e-49d2-44dc-9508-ff2965c9566d", "data": [{"userDefined": false, "text": "What classes can I take in "}, {"meta": "@QUARTER", "alias": "QUARTER", "userDefined": false, "text": "Autumn"}, {"userDefined": false, "text": "?"}], "count": 0, "isTemplate": false}, {"id": "62565b12-bae5-4fa9-82da-88c1f70b3c82", "data": [{"userDefined": false, "text": "What classes are offered during the "}, {"meta": "@QUARTER", "alias": "QUARTER", "userDefined": false, "text": "Winter"}, {"userDefined": false, "text": "?"}], "count": 0, "isTemplate": false}, {"id": "ea2316eb-2c20-4512-b213-439df08bc05f", "data": [{"userDefined": false, "text": "What courses can I take in "}, {"meta": "@QUARTER", "alias": "QUARTER", "userDefined": false, "text": "Fall"}, {"userDefined": false, "text": "?"}], "count": 0, "isTemplate": false}, {"id": "6f10d94c-692b-466e-b0b3-d5e80cf215b2", "data": [{"userDefined": false, "text": "What courses are offered during the "}, {"meta": "@QUARTER", "alias": "QUARTER", "userDefined": false, "text": "Spring"}, {"userDefined": false, "text": "?"}], "count": 0, "isTemplate": false}, {"id": "adb9f5d5-614b-49da-899b-5404c67d11d1", "data": [{"userDefined": false, "text": "What can I take in "}, {"meta": "@QUARTER", "alias": "QUARTER", "userDefined": false, "text": "Spring"}, {"userDefined": false, "text": "?"}], "count": 0, "isTemplate": false}, {"id": "670db438-ecc5-4ccc-8f73-4585eba19a02", "data": [{"userDefined": false, "text": "What can I take in the "}, {"meta": "@QUARTER", "alias": "QUARTER", "userDefined": false, "text": "Fall"}, {"userDefined": false, "text": "?"}], "count": 0, "isTemplate": false}, {"id": "0ec10536-8d5b-461a-a1db-a3f2659f8429", "data": [{"userDefined": false, "text": "What can I take during the "}, {"meta": "@QUARTER", "alias": "QUARTER", "userDefined": false, "text": "Autumn"}, {"userDefined": false, "text": "?"}], "count": 0, "isTemplate": false}, {"id": "e03d3986-da89-4b6c-be3f-f1dd1e7ec11f", "data": [{"userDefined": false, "text": "Which classes are offered in "}, {"meta": "@QUARTER", "alias": "QUARTER", "userDefined": false, "text": "Fall"}, {"userDefined": false, "text": "?"}], "count": 0, "isTemplate": false}]