[{"count": 0, "data": [{"userDefined": false, "text": "What is "}, {"userDefined": false, "meta": "@CLASS_NAME", "text": "CSC 341", "alias": "CLASS_NAME"}, {"userDefined": false, "text": " called?"}], "isTemplate": false, "id": "b1b390ab-fdc7-41fd-887a-9f5774f796c0"}, {"count": 0, "data": [{"userDefined": false, "text": "What is "}, {"userDefined": false, "meta": "@CLASS_NAME", "text": "systems programming", "alias": "CLASS_NAME"}, {"userDefined": false, "text": "'s name?"}], "isTemplate": false, "id": "5575028d-90d7-4eec-9386-246f42cd1013"}, {"count": 0, "data": [{"userDefined": false, "text": "What name does "}, {"userDefined": false, "meta": "@CLASS_NAME", "text": "CSC 357", "alias": "CLASS_NAME"}, {"userDefined": false, "text": " have?"}], "isTemplate": false, "id": "ddba7fa8-bb63-4d6d-97e3-94392305b5e3"}, {"count": 0, "data": [{"userDefined": false, "text": "What class name is "}, {"userDefined": false, "meta": "@CLASS_NAME", "text": "introduction to compilers", "alias": "CLASS_NAME"}, {"userDefined": false, "text": "?"}], "isTemplate": false, "id": "5ca97ab4-9962-4576-99c8-c22565a3d052"}, {"count": 0, "data": [{"userDefined": false, "text": "What is another name for "}, {"userDefined": false, "meta": "@CLASS_NAME", "text": "systems programming", "alias": "CLASS_NAME"}, {"userDefined": false, "text": "?"}], "isTemplate": false, "id": "d3207ac7-02ec-4808-9d65-6cab31cf1b66"}, {"count": 0, "data": [{"userDefined": false, "text": "What name do people also call "}, {"userDefined": false, "meta": "@CLASS_NAME", "text": "CSC 341", "alias": "CLASS_NAME"}, {"userDefined": false, "text": "?"}], "isTemplate": false, "id": "74f2f644-58a4-445b-99bd-3796de5dcd60"}, {"count": 0, "data": [{"userDefined": false, "text": "What is "}, {"userDefined": false, "meta": "@CLASS_NAME", "text": "CSC 357", "alias": "CLASS_NAME"}, {"userDefined": false, "text": " also named as?"}], "isTemplate": false, "id": "7804fd73-1bd5-4554-8309-850e8bcb63d9"}, {"count": 0, "data": [{"userDefined": false, "text": "What is "}, {"userDefined": false, "meta": "@CLASS_NAME", "text": "systems programming", "alias": "CLASS_NAME"}, {"userDefined": false, "text": " also called?"}], "isTemplate": false, "id": "3532a89d-fcbb-4856-a20a-5c050f1f3136"}, {"count": 0, "data": [{"userDefined": false, "text": "What name is also given to "}, {"userDefined": false, "meta": "@CLASS_NAME", "text": "CSC 357", "alias": "CLASS_NAME"}, {"userDefined": false, "text": "?"}], "isTemplate": false, "id": "e916aed3-f05e-4fc6-9793-844fbd662003"}, {"count": 0, "data": [{"userDefined": false, "text": "What is the name of "}, {"userDefined": false, "meta": "@CLASS_NAME", "text": "introduction to compilers", "alias": "CLASS_NAME"}, {"userDefined": false, "text": "?"}], "isTemplate": false, "id": "f37e8fee-2909-480a-bb73-a2df441deb53"}]