[{"id": "5f80b7a0-ed73-4243-abf7-496fc814fb75", "data": [{"userDefined": false, "text": "What quarter is "}, {"meta": "@CLASS_NAME", "alias": "CLASS_NAME", "userDefined": false, "text": "CSC 310"}, {"userDefined": false, "text": " mostly taken in?"}], "count": 0, "isTemplate": false}, {"id": "76b1ca98-2f5d-4d21-83b3-bf626b59c651", "data": [{"userDefined": false, "text": "What quarter is "}, {"meta": "@CLASS_NAME", "alias": "CLASS_NAME", "userDefined": false, "text": "computer architecture"}, {"userDefined": false, "text": " taken most frequently in?"}], "count": 0, "isTemplate": false}, {"id": "273d7d79-7b3a-4df1-9ddb-af480ad378e6", "data": [{"userDefined": false, "text": "When do students usually take "}, {"meta": "@CLASS_NAME", "alias": "CLASS_NAME", "userDefined": false, "text": "CSC 225"}, {"userDefined": false, "text": "?"}], "count": 0, "isTemplate": false}, {"id": "4e8f27d8-0fe0-42db-9cbf-90fb717570af", "data": [{"userDefined": false, "text": "What is the most common quarter to take "}, {"meta": "@CLASS_NAME", "alias": "CLASS_NAME", "userDefined": false, "text": "CSC 493"}, {"userDefined": false, "text": "?"}], "count": 0, "isTemplate": false}, {"id": "352143ae-7958-42a4-8dc0-74dcc5c72ba0", "data": [{"userDefined": false, "text": "When should I take "}, {"meta": "@CLASS_NAME", "alias": "CLASS_NAME", "userDefined": false, "text": "CSC 445"}, {"userDefined": false, "text": "?"}], "count": 0, "isTemplate": false}, {"id": "604d9430-5214-433b-80e4-b8d23fb97bf2", "data": [{"userDefined": false, "text": "When is most common to take "}, {"meta": "@CLASS_NAME", "alias": "CLASS_NAME", "userDefined": false, "text": "cooperative education experience"}, {"userDefined": false, "text": "?"}], "count": 0, "isTemplate": false}, {"id": "9b6027db-fb63-4346-b068-d85b92542bc6", "data": [{"userDefined": false, "text": "Which quarter should I take "}, {"meta": "@CLASS_NAME", "alias": "CLASS_NAME", "userDefined": false, "text": "database systems"}, {"userDefined": false, "text": " in?"}], "count": 0, "isTemplate": false}, {"id": "016b38e0-20f0-4867-8502-7409f8d9e249", "data": [{"userDefined": false, "text": "When do most people take "}, {"meta": "@CLASS_NAME", "alias": "CLASS_NAME", "userDefined": false, "text": "software engineering ii"}, {"userDefined": false, "text": "?"}], "count": 0, "isTemplate": false}]