[{"count": 0, "data": [{"userDefined": false, "text": "What quarter is "}, {"userDefined": false, "meta": "@CLASS_NAME", "text": "CSC 357", "alias": "CLASS_NAME"}, {"userDefined": false, "text": " mostly taken in?"}], "isTemplate": false, "id": "183f4c69-95c0-4c7f-bb01-e38e993dd654"}, {"count": 0, "data": [{"userDefined": false, "text": "What quarter is "}, {"userDefined": false, "meta": "@CLASS_NAME", "text": "systems programming", "alias": "CLASS_NAME"}, {"userDefined": false, "text": " taken most frequently in?"}], "isTemplate": false, "id": "b3224772-911f-4bff-ba5a-c20172cfe410"}, {"count": 0, "data": [{"userDefined": false, "text": "When do students usually take "}, {"userDefined": false, "meta": "@CLASS_NAME", "text": "systems programming", "alias": "CLASS_NAME"}, {"userDefined": false, "text": "?"}], "isTemplate": false, "id": "aed3b088-f480-487f-99ba-2d2f128327df"}, {"count": 0, "data": [{"userDefined": false, "text": "What is the most common quarter to take "}, {"userDefined": false, "meta": "@CLASS_NAME", "text": "systems programming", "alias": "CLASS_NAME"}, {"userDefined": false, "text": "?"}], "isTemplate": false, "id": "77dcf3c4-b21c-4e9a-ba24-bfba1b4531a3"}, {"count": 0, "data": [{"userDefined": false, "text": "When should I take "}, {"userDefined": false, "meta": "@CLASS_NAME", "text": "systems programming", "alias": "CLASS_NAME"}, {"userDefined": false, "text": "?"}], "isTemplate": false, "id": "f03c20b7-525f-4b50-8d53-4ba38fb9b136"}, {"count": 0, "data": [{"userDefined": false, "text": "When is most common to take "}, {"userDefined": false, "meta": "@CLASS_NAME", "text": "CSC 357", "alias": "CLASS_NAME"}, {"userDefined": false, "text": "?"}], "isTemplate": false, "id": "49dce7ee-835c-4838-a80d-f4150d3616fc"}, {"count": 0, "data": [{"userDefined": false, "text": "Which quarter should I take "}, {"userDefined": false, "meta": "@CLASS_NAME", "text": "introduction to compilers", "alias": "CLASS_NAME"}, {"userDefined": false, "text": " in?"}], "isTemplate": false, "id": "306e60eb-59de-4fd4-b306-f52f061bef0d"}, {"count": 0, "data": [{"userDefined": false, "text": "When do most people take "}, {"userDefined": false, "meta": "@CLASS_NAME", "text": "systems programming", "alias": "CLASS_NAME"}, {"userDefined": false, "text": "?"}], "isTemplate": false, "id": "d32d361c-ddf6-4aa6-a23a-3dfa99482ae3"}]