[{"count": 0, "data": [{"userDefined": false, "text": "What classes are rarely offered?"}], "isTemplate": false, "id": "78e4733a-ef7a-4acd-a10e-ad1c7f091431"}, {"count": 0, "data": [{"userDefined": false, "text": "Which classes are hard to get?"}], "isTemplate": false, "id": "8578ff13-350a-42e8-8f90-91ef3de5c539"}, {"count": 0, "data": [{"userDefined": false, "text": "Which classes rare?"}], "isTemplate": false, "id": "63f376b9-ba00-4f99-bdc0-0e551342f686"}, {"count": 0, "data": [{"userDefined": false, "text": "Which classes aren't offered often?"}], "isTemplate": false, "id": "5ef777b0-9b23-4010-b763-c7e2e0d23493"}, {"count": 0, "data": [{"userDefined": false, "text": "What courses are rarely offered?"}], "isTemplate": false, "id": "93b92777-f99a-4dcc-bba7-6bed6d590cb5"}, {"count": 0, "data": [{"userDefined": false, "text": "Which courses are hard to get?"}], "isTemplate": false, "id": "3711b165-f3dd-4c54-80c3-7c27feb55582"}, {"count": 0, "data": [{"userDefined": false, "text": "Which courses rare?"}], "isTemplate": false, "id": "cf3addcd-b209-4eff-b7af-152bc6eccdc1"}, {"count": 0, "data": [{"userDefined": false, "text": "Which courses aren't offered often?"}], "isTemplate": false, "id": "84d1e415-ed1d-4e98-a4a7-aa6915d51f1b"}, {"count": 0, "data": [{"userDefined": false, "text": "Which classes are rarely offered?"}], "isTemplate": false, "id": "66f83e73-5f19-457f-926b-417843f5dabc"}]