[{"count": 0, "data": [{"userDefined": false, "text": "Which courses have "}, {"userDefined": false, "meta": "@CLASS_NAME", "text": "CSC 341", "alias": "CLASS_NAME"}, {"userDefined": false, "text": " as a prerequisite?"}], "isTemplate": false, "id": "959c2da2-e38b-4ae6-8980-289668863029"}, {"count": 0, "data": [{"userDefined": false, "text": "Which classes have "}, {"userDefined": false, "meta": "@CLASS_NAME", "text": "CSC 357", "alias": "CLASS_NAME"}, {"userDefined": false, "text": " as a prereq?"}], "isTemplate": false, "id": "b5a441dc-fc42-4054-9fb5-d36ef966b6a1"}, {"count": 0, "data": [{"userDefined": false, "text": "Which classes require "}, {"userDefined": false, "meta": "@CLASS_NAME", "text": "CSC 357", "alias": "CLASS_NAME"}, {"userDefined": false, "text": " as a prereq?"}], "isTemplate": false, "id": "07e9e85e-75ab-49db-aa4f-1401a4c5bc2f"}, {"count": 0, "data": [{"userDefined": false, "text": "Which classes have as a prequisite "}, {"userDefined": false, "meta": "@CLASS_NAME", "text": "CSC 357", "alias": "CLASS_NAME"}, {"userDefined": false, "text": "?"}], "isTemplate": false, "id": "f9cacbc4-6624-4fb2-ad50-8ed087359a31"}, {"count": 0, "data": [{"userDefined": false, "text": "Which classes have as a preq "}, {"userDefined": false, "meta": "@CLASS_NAME", "text": "introduction to compilers", "alias": "CLASS_NAME"}, {"userDefined": false, "text": "?"}], "isTemplate": false, "id": "dfbccbd9-cd3c-4d9c-a8d1-14dd8c34a573"}, {"count": 0, "data": [{"userDefined": false, "text": "Which classes have "}, {"userDefined": false, "meta": "@CLASS_NAME", "text": "CSC 357", "alias": "CLASS_NAME"}, {"userDefined": false, "text": " as a prerequisite?"}], "isTemplate": false, "id": "152eaf9c-fb34-47d5-8349-30f7decab543"}]