[{"count": 0, "data": [{"userDefined": false, "text": "Which courses require consent of instructor?"}], "isTemplate": false, "id": "cc39550b-3317-4db2-a0f8-83e127676358"}, {"count": 0, "data": [{"userDefined": false, "text": "Which classes require the consent of the instructor?"}], "isTemplate": false, "id": "07b502d1-8dcb-4f5b-9921-1f235eca1a84"}, {"count": 0, "data": [{"userDefined": false, "text": "What classes require instructor's consent?"}], "isTemplate": false, "id": "677c2c89-3a5a-4f02-8101-d460cf6ace78"}, {"count": 0, "data": [{"userDefined": false, "text": "What are the classes that need instructor's consent?"}], "isTemplate": false, "id": "f1f9a2bf-a0cf-4bab-9d8d-8412e5acc5c9"}, {"count": 0, "data": [{"userDefined": false, "text": "What classes need instructor's consent?"}], "isTemplate": false, "id": "bc28079f-ea8a-4206-8bb4-9906d185ba4c"}, {"count": 0, "data": [{"userDefined": false, "text": "What classes need the consent of the instructor?"}], "isTemplate": false, "id": "910ff79a-1d5c-4b22-9120-ea52389d8834"}, {"count": 0, "data": [{"userDefined": false, "text": "Which classes require consent of instructor?"}], "isTemplate": false, "id": "9dd5fae9-99bc-499e-b125-6e6b27bd7332"}]