[{"id": "9c202e11-8c12-4c87-941f-c8f0add392b3", "data": [{"userDefined": false, "text": "Which courses have "}, {"meta": "@CLASS_NAME", "alias": "CLASS_NAME", "userDefined": false, "text": "software construction"}, {"userDefined": false, "text": " as a prerequisite?"}], "count": 0, "isTemplate": false}, {"id": "b2ff9f20-d904-4d51-b7d5-fe5f4b947a18", "data": [{"userDefined": false, "text": "Which classes have "}, {"meta": "@CLASS_NAME", "alias": "CLASS_NAME", "userDefined": false, "text": "CSC 325"}, {"userDefined": false, "text": " as a prereq?"}], "count": 0, "isTemplate": false}, {"id": "971ace9c-3472-495a-969a-cc972d4a8c3a", "data": [{"userDefined": false, "text": "Which classes require "}, {"meta": "@CLASS_NAME", "alias": "CLASS_NAME", "userDefined": false, "text": "knowledge based systems"}, {"userDefined": false, "text": " as a prereq?"}], "count": 0, "isTemplate": false}, {"id": "68150fa6-b879-481d-bafe-2282c4f6bbbe", "data": [{"userDefined": false, "text": "Which classes have as a prequisite "}, {"meta": "@CLASS_NAME", "alias": "CLASS_NAME", "userDefined": false, "text": "CSC 458"}, {"userDefined": false, "text": "?"}], "count": 0, "isTemplate": false}, {"id": "bea6cb25-c81d-43bd-ac88-be6597060699", "data": [{"userDefined": false, "text": "Which classes have as a preq "}, {"meta": "@CLASS_NAME", "alias": "CLASS_NAME", "userDefined": false, "text": "CSC 305"}, {"userDefined": false, "text": "?"}], "count": 0, "isTemplate": false}, {"id": "b8703e79-df0f-41a3-a177-5540b089a254", "data": [{"userDefined": false, "text": "Which classes have "}, {"meta": "@CLASS_NAME", "alias": "CLASS_NAME", "userDefined": false, "text": "CSC 424"}, {"userDefined": false, "text": " as a prerequisite?"}], "count": 0, "isTemplate": false}]