[{"id": "e23ac42e-27a4-4222-9a88-09bd3bfe9448", "data": [{"userDefined": false, "text": "Which courses have no prerequisites?"}], "count": 0, "isTemplate": false}, {"id": "4bd0a87e-1377-4c90-bff9-888d767a151b", "data": [{"userDefined": false, "text": "Which classes have no prereqs?"}], "count": 0, "isTemplate": false}, {"id": "b49a08e1-e4b8-4553-b151-74a9625d6d3a", "data": [{"userDefined": false, "text": "Which classes do not require prerequisites?"}], "count": 0, "isTemplate": false}, {"id": "170b47f5-86db-4f35-9f7b-15d895852534", "data": [{"userDefined": false, "text": "Which classes are there no prerequisites?"}], "count": 0, "isTemplate": false}, {"id": "7b39e379-6514-4aaa-ba27-fbc43ec42fd0", "data": [{"userDefined": false, "text": "Which classes have no prerequisites?"}], "count": 0, "isTemplate": false}]