[{"count": 0, "data": [{"userDefined": false, "text": "Which courses have no prerequisites?"}], "isTemplate": false, "id": "a9e37708-54bd-454f-88fc-b66b4ddf5791"}, {"count": 0, "data": [{"userDefined": false, "text": "Which classes have no prereqs?"}], "isTemplate": false, "id": "71652a09-01bd-408b-b15c-e80a07437ba3"}, {"count": 0, "data": [{"userDefined": false, "text": "Which classes do not require prerequisites?"}], "isTemplate": false, "id": "a1c69e58-fe97-4036-8b1e-f8d7ddc3176e"}, {"count": 0, "data": [{"userDefined": false, "text": "Which classes are there no prerequisites?"}], "isTemplate": false, "id": "9d71759f-2c8e-4d45-8d5b-51a29083ab91"}, {"count": 0, "data": [{"userDefined": false, "text": "Which classes have no prerequisites?"}], "isTemplate": false, "id": "fa3b51d4-9d72-4b47-947b-2888ebb39dcc"}]