[{"data": [{"userDefined": false, "text": "Do I need a C or better in "}, {"meta": "@CLASS_NAME", "alias": "CLASS_NAME", "userDefined": false, "text": "computing-for interactive arts capstone ii"}, {"userDefined": false, "text": " to take any other courses?"}], "isTemplate": false, "count": 0, "id": "b16c5841-430b-4e05-9875-70cc1c31c7f3"}, {"data": [{"userDefined": false, "text": "Do I need at least a C- in "}, {"meta": "@CLASS_NAME", "alias": "CLASS_NAME", "userDefined": false, "text": "CSC 235"}, {"userDefined": false, "text": " to take other courses?"}], "isTemplate": false, "count": 0, "id": "cebd6a02-4106-4f56-b735-ec799ca8ed22"}, {"data": [{"userDefined": false, "text": "Do I need at least a C in "}, {"meta": "@CLASS_NAME", "alias": "CLASS_NAME", "userDefined": false, "text": "discrete structures"}, {"userDefined": false, "text": " to take other courses?"}], "isTemplate": false, "count": 0, "id": "bbbe11d8-b83c-4e35-9ff0-342c5e241023"}, {"data": [{"userDefined": false, "text": "Is a C- needed in "}, {"meta": "@CLASS_NAME", "alias": "CLASS_NAME", "userDefined": false, "text": "CSC 400"}, {"userDefined": false, "text": " to take other classes?"}], "isTemplate": false, "count": 0, "id": "d0738274-b5d0-44ff-8500-dbdd5c598f09"}, {"data": [{"userDefined": false, "text": "Is a C needed in "}, {"meta": "@CLASS_NAME", "alias": "CLASS_NAME", "userDefined": false, "text": "professional responsibilities"}, {"userDefined": false, "text": " to take other classes?"}], "isTemplate": false, "count": 0, "id": "d7c41a3b-a51b-4e61-a06f-60bfec133623"}, {"data": [{"userDefined": false, "text": "Does "}, {"meta": "@CLASS_NAME", "alias": "CLASS_NAME", "userDefined": false, "text": "computer architecture"}, {"userDefined": false, "text": " require a C- or better to take any other classes?"}], "isTemplate": false, "count": 0, "id": "eb093130-144b-476e-8c93-13dee5827e17"}, {"data": [{"userDefined": false, "text": "Do I need a C- or better in "}, {"meta": "@CLASS_NAME", "alias": "CLASS_NAME", "userDefined": false, "text": "CSC 454"}, {"userDefined": false, "text": " to take any other classes?"}], "isTemplate": false, "count": 0, "id": "00f2ef37-4301-4e43-b483-440f8700a99e"}]