[{"data": [{"userDefined": false, "text": "Which courses are crosslisted in "}, {"meta": "@DEPARTMENT_ABBREVIATION", "alias": "DEPARTMENT_ABBREVIATION", "userDefined": false, "text": "cpe"}, {"userDefined": false, "text": "?"}], "isTemplate": false, "count": 0, "id": "f061efb6-26d5-47b7-9997-5c670f37e7bc"}, {"data": [{"userDefined": false, "text": "What classes are crosslisted in "}, {"meta": "@DEPARTMENT_ABBREVIATION", "alias": "DEPARTMENT_ABBREVIATION", "userDefined": false, "text": "CPE"}, {"userDefined": false, "text": "?"}], "isTemplate": false, "count": 0, "id": "d036e377-12e1-4fd6-99d1-e0ec93131f0c"}, {"data": [{"userDefined": false, "text": "In "}, {"meta": "@DEPARTMENT_ABBREVIATION", "alias": "DEPARTMENT_ABBREVIATION", "userDefined": false, "text": "cpe"}, {"userDefined": false, "text": ", which classes are crosslisted?"}], "isTemplate": false, "count": 0, "id": "56e50f82-33c6-435d-8ecd-7e984fb3d865"}, {"data": [{"userDefined": false, "text": "Which classes can also be found in "}, {"meta": "@DEPARTMENT_ABBREVIATION", "alias": "DEPARTMENT_ABBREVIATION", "userDefined": false, "text": "csc"}, {"userDefined": false, "text": "?"}], "isTemplate": false, "count": 0, "id": "aca009b9-e588-4141-b3ad-b802e535bcd2"}, {"data": [{"userDefined": false, "text": "Which classes are crosslisted in "}, {"meta": "@DEPARTMENT_ABBREVIATION", "alias": "DEPARTMENT_ABBREVIATION", "userDefined": false, "text": "CSC"}, {"userDefined": false, "text": "?"}], "isTemplate": false, "count": 0, "id": "f5be49e3-976f-45b3-9ba2-8c3c2cac6279"}]