[{"data": [{"userDefined": false, "text": "Which courses have less than "}, {"meta": "@sys.number", "alias": "number", "userDefined": false, "text": "four"}, {"userDefined": false, "text": " prerequisites?"}], "isTemplate": false, "count": 0, "id": "367a025f-6364-451f-8526-16083fa7faf1"}, {"data": [{"userDefined": false, "text": "Which classes have less than "}, {"meta": "@sys.number", "alias": "number", "userDefined": false, "text": "1"}, {"userDefined": false, "text": " prereqs?"}], "isTemplate": false, "count": 0, "id": "88baf2ba-4224-477d-9382-616b566b39a4"}, {"data": [{"userDefined": false, "text": "What classes have less than "}, {"meta": "@sys.number", "alias": "number", "userDefined": false, "text": "two"}, {"userDefined": false, "text": " prerequisites?"}], "isTemplate": false, "count": 0, "id": "6a88c16a-864a-4b51-a94a-2eab80b93333"}, {"data": [{"userDefined": false, "text": "Which classes have fewer than "}, {"meta": "@sys.number", "alias": "number", "userDefined": false, "text": "four"}, {"userDefined": false, "text": " prerequisites?"}], "isTemplate": false, "count": 0, "id": "a82e05ef-2b2e-458b-b58e-3fc2d4a91c12"}, {"data": [{"userDefined": false, "text": "Which classes have less than "}, {"meta": "@sys.number", "alias": "number", "userDefined": false, "text": "2"}, {"userDefined": false, "text": " prerequisites?"}], "isTemplate": false, "count": 0, "id": "c82f908c-9b59-4142-9481-0a11590501e5"}]