[{"data": [{"userDefined": false, "text": "Is "}, {"meta": "@CLASS_NAME", "alias": "CLASS_NAME", "userDefined": false, "text": "CSC 409"}, {"userDefined": false, "text": " a "}, {"meta": "@sys.number", "alias": "number", "userDefined": false, "text": "2"}, {"userDefined": false, "text": " unit class?"}], "isTemplate": false, "count": 0, "id": "61363145-b9d3-42b4-88d5-4a82ddf19c5b"}, {"data": [{"userDefined": false, "text": "Does "}, {"meta": "@CLASS_NAME", "alias": "CLASS_NAME", "userDefined": false, "text": "CSC 431"}, {"userDefined": false, "text": " count for "}, {"meta": "@sys.number", "alias": "number", "userDefined": false, "text": "three"}, {"userDefined": false, "text": " units?"}], "isTemplate": false, "count": 0, "id": "9a70420c-58eb-4f96-9364-a2225c7038a8"}, {"data": [{"userDefined": false, "text": "Does "}, {"meta": "@CLASS_NAME", "alias": "CLASS_NAME", "userDefined": false, "text": "CSC 453"}, {"userDefined": false, "text": " count for "}, {"meta": "@sys.number", "alias": "number", "userDefined": false, "text": "3"}, {"userDefined": false, "text": " credits?"}], "isTemplate": false, "count": 0, "id": "a101df7b-84ab-4a96-8b83-0d0bbafd82c4"}, {"data": [{"userDefined": false, "text": "Is "}, {"meta": "@CLASS_NAME", "alias": "CLASS_NAME", "userDefined": false, "text": "senior project-- software deployment"}, {"userDefined": false, "text": " a "}, {"meta": "@sys.number", "alias": "number", "userDefined": false, "text": "one"}, {"userDefined": false, "text": " credit course?"}], "isTemplate": false, "count": 0, "id": "92ac10e9-b69e-46ff-ae71-8eb92cacafd2"}, {"data": [{"userDefined": false, "text": "Is "}, {"meta": "@CLASS_NAME", "alias": "CLASS_NAME", "userDefined": false, "text": "advanced rendering techniques"}, {"userDefined": false, "text": " a "}, {"meta": "@sys.number", "alias": "number", "userDefined": false, "text": "one"}, {"userDefined": false, "text": " unit course?"}], "isTemplate": false, "count": 0, "id": "80cfeffd-55bc-45c0-ae12-64fe1c20a948"}]