[{"data": [{"userDefined": false, "text": "Which courses are credit/no credit grading only?"}], "isTemplate": false, "count": 0, "id": "c853f3be-97ec-4ed2-955e-15936729ec98"}, {"data": [{"userDefined": false, "text": "Which classes are credit or no credit grading only?"}], "isTemplate": false, "count": 0, "id": "33f1540d-ca13-4a3b-8f9f-fb295faefb33"}, {"data": [{"userDefined": false, "text": "Which classes can only be taken credit or no credit?"}], "isTemplate": false, "count": 0, "id": "f47535a6-532b-48a0-9baa-ef534445c05d"}, {"data": [{"userDefined": false, "text": "What are classes that can only be taken credit or no credit?"}], "isTemplate": false, "count": 0, "id": "4e495edf-1257-421c-94ae-3b8ace1d6f79"}, {"data": [{"userDefined": false, "text": "What are credit or no credit only classes?"}], "isTemplate": false, "count": 0, "id": "fa62278d-5403-45d1-a750-c55b23903f01"}, {"data": [{"userDefined": false, "text": "What are credit or no credit only courses?"}], "isTemplate": false, "count": 0, "id": "e9d9238f-4b00-4a1f-bfc5-95771ef26c25"}, {"data": [{"userDefined": false, "text": "Which classes are credit/no credit grading only?"}], "isTemplate": false, "count": 0, "id": "69209606-806b-4602-b4a8-7e8f123551df"}]