[{"data": [{"userDefined": false, "text": "Which classes have a limit in total credit?"}], "isTemplate": false, "count": 0, "id": "616814fa-0214-43d1-a563-f9b14a0fd867"}, {"data": [{"userDefined": false, "text": "Which courses are limited in total credit?"}], "isTemplate": false, "count": 0, "id": "94f37f66-cc69-4707-b88d-927cea7b5c43"}, {"data": [{"userDefined": false, "text": "Which courses have a limit on the total amount of credit?"}], "isTemplate": false, "count": 0, "id": "d806706d-c7b4-4d1a-9760-79acca47ed4b"}, {"data": [{"userDefined": false, "text": "Which classes have a limit on total credit?"}], "isTemplate": false, "count": 0, "id": "57218a5d-f325-44c8-943c-c6c16dcad673"}, {"data": [{"userDefined": false, "text": "Which classes are limited in total credit?"}], "isTemplate": false, "count": 0, "id": "124acd81-247c-41fa-8f53-7a04951a1c9a"}]