[{"data": [{"userDefined": false, "text": "Which courses include "}, {"meta": "@SUBJECT_MATTER", "alias": "SUBJECT_MATTER", "userDefined": false, "text": "machine learning"}, {"userDefined": false, "text": "?"}], "isTemplate": false, "count": 0, "id": "e9a691e3-4dbf-47ed-810e-5e7fb70cd5a3"}, {"data": [{"userDefined": false, "text": "What are classes that include "}, {"meta": "@SUBJECT_MATTER", "alias": "SUBJECT_MATTER", "userDefined": false, "text": "complexity"}, {"userDefined": false, "text": "?"}], "isTemplate": false, "count": 0, "id": "bd10ade9-ff19-4459-adc9-e022d59534ef"}, {"data": [{"userDefined": false, "text": "What are some classes that include "}, {"meta": "@SUBJECT_MATTER", "alias": "SUBJECT_MATTER", "userDefined": false, "text": "introduction software"}, {"userDefined": false, "text": "?"}], "isTemplate": false, "count": 0, "id": "65a8120b-0c9d-4de0-9f6a-d9aff96eee10"}, {"data": [{"userDefined": false, "text": "Which classes consist of "}, {"meta": "@SUBJECT_MATTER", "alias": "SUBJECT_MATTER", "userDefined": false, "text": "secure"}, {"userDefined": false, "text": "?"}], "isTemplate": false, "count": 0, "id": "6759bd0a-03ee-4056-b533-1c8bc5a39c17"}, {"data": [{"userDefined": false, "text": "Which classes touch on "}, {"meta": "@SUBJECT_MATTER", "alias": "SUBJECT_MATTER", "userDefined": false, "text": "interactive"}, {"userDefined": false, "text": "?"}], "isTemplate": false, "count": 0, "id": "17992b49-49da-47ce-a9f3-c34df49ed668"}, {"data": [{"userDefined": false, "text": "Which classes include "}, {"meta": "@SUBJECT_MATTER", "alias": "SUBJECT_MATTER", "userDefined": false, "text": "principle algorithmic problem"}, {"userDefined": false, "text": "?"}], "isTemplate": false, "count": 0, "id": "07ddc88c-e40c-4055-aff4-76b33b442c6a"}]