[{"data": [{"userDefined": false, "text": "Is there a lot of group work in "}, {"meta": "@CLASS_NAME", "alias": "CLASS_NAME", "userDefined": false, "text": "software engineering i"}, {"userDefined": false, "text": "?"}], "isTemplate": false, "count": 0, "id": "cd93e65f-e51c-46f2-bfb6-6db3a06ae014"}, {"data": [{"userDefined": false, "text": "Does "}, {"meta": "@CLASS_NAME", "alias": "CLASS_NAME", "userDefined": false, "text": "CSC 231"}, {"userDefined": false, "text": " have a lot of group work?"}], "isTemplate": false, "count": 0, "id": "e2d43e23-4622-446f-aef2-1c951e6f09f2"}, {"data": [{"userDefined": false, "text": "Is "}, {"meta": "@CLASS_NAME", "alias": "CLASS_NAME", "userDefined": false, "text": "CSC 402"}, {"userDefined": false, "text": " taught mostly by group work"}], "isTemplate": false, "count": 0, "id": "e9bb9297-5c40-4d7b-8229-c77efcfe6bc1"}, {"data": [{"userDefined": false, "text": "Does "}, {"meta": "@CLASS_NAME", "alias": "CLASS_NAME", "userDefined": false, "text": "CSC 468"}, {"userDefined": false, "text": " consist mostly of group work?"}], "isTemplate": false, "count": 0, "id": "91185b08-a6ca-4c07-99ff-6f3afc64fbf9"}, {"data": [{"userDefined": false, "text": "Does "}, {"meta": "@CLASS_NAME", "alias": "CLASS_NAME", "userDefined": false, "text": "CSC 307"}, {"userDefined": false, "text": " typically consist of group work?"}], "isTemplate": false, "count": 0, "id": "089e5735-c907-429f-adaa-c184b8be2561"}, {"data": [{"userDefined": false, "text": "Does "}, {"meta": "@CLASS_NAME", "alias": "CLASS_NAME", "userDefined": false, "text": "CSC 482"}, {"userDefined": false, "text": " include group work?"}], "isTemplate": false, "count": 0, "id": "21fc6f25-7e7a-4caa-8788-be6b29af9cfd"}]