[{"data": [{"userDefined": false, "text": "Which classes have no upper divisional prereqs?"}], "isTemplate": false, "count": 0, "id": "f181e0ce-e0db-4355-b46a-284839402b1f"}, {"data": [{"userDefined": false, "text": "Which courses have no upper divisional prerequisite?"}], "isTemplate": false, "count": 0, "id": "4a45f152-3117-4dc8-a905-2c46f77c7c91"}, {"data": [{"userDefined": false, "text": "Which classes do not have upper division prerequisites?"}], "isTemplate": false, "count": 0, "id": "01f98be9-795a-472c-aa23-532ee9787308"}, {"data": [{"userDefined": false, "text": "Which classes don't have upper division prereqs?"}], "isTemplate": false, "count": 0, "id": "25f48b42-7a2e-4c23-9fad-fe6fda353140"}, {"data": [{"userDefined": false, "text": "Which classes have no upper divisional prerequisite?"}], "isTemplate": false, "count": 0, "id": "bf164d1c-d6d4-4f8d-acff-99aa86165aac"}]