[{"data": [{"userDefined": false, "text": "Does "}, {"meta": "@CLASS_NAME", "alias": "CLASS_NAME", "userDefined": false, "text": "CSC 344"}, {"userDefined": false, "text": " count for more units than "}, {"meta": "@CLASS_NAME", "alias": "CLASS_NAME", "userDefined": false, "text": "software evaluation"}, {"userDefined": false, "text": "?"}], "isTemplate": false, "count": 0, "id": "4c8d495d-5e31-4e3e-90c9-b3e5743ec6e3"}, {"data": [{"userDefined": false, "text": "Can I get more units taking "}, {"meta": "@CLASS_NAME", "alias": "CLASS_NAME", "userDefined": false, "text": "CSC 570"}, {"userDefined": false, "text": " than "}, {"meta": "@CLASS_NAME", "alias": "CLASS_NAME", "userDefined": false, "text": "CSC 599"}, {"userDefined": false, "text": "?"}], "isTemplate": false, "count": 0, "id": "34f6ec3c-6a1a-432c-a1db-ea90ba31c7bb"}, {"data": [{"userDefined": false, "text": "Is "}, {"meta": "@CLASS_NAME", "alias": "CLASS_NAME", "userDefined": false, "text": "network-and web security"}, {"userDefined": false, "text": " listed for more units than "}, {"meta": "@CLASS_NAME", "alias": "CLASS_NAME", "userDefined": false, "text": "CSC 234"}, {"userDefined": false, "text": "?"}], "isTemplate": false, "count": 0, "id": "27250cdb-63e5-4e13-8e32-cdd918133c0b"}, {"data": [{"userDefined": false, "text": "Is "}, {"meta": "@CLASS_NAME", "alias": "CLASS_NAME", "userDefined": false, "text": "mobile application development"}, {"userDefined": false, "text": " worth more credits than "}, {"meta": "@CLASS_NAME", "alias": "CLASS_NAME", "userDefined": false, "text": "CSC 450"}, {"userDefined": false, "text": "?"}], "isTemplate": false, "count": 0, "id": "aa9f191b-2edb-4542-bdc6-1adb57e08c49"}, {"data": [{"userDefined": false, "text": "Is "}, {"meta": "@CLASS_NAME", "alias": "CLASS_NAME", "userDefined": false, "text": "CSC 597"}, {"userDefined": false, "text": " worth more units than "}, {"meta": "@CLASS_NAME", "alias": "CLASS_NAME", "userDefined": false, "text": "selected advanced topics"}, {"userDefined": false, "text": "?"}], "isTemplate": false, "count": 0, "id": "d2581c31-3fb7-4eaa-ad0d-9697b3aa2298"}]