[{"data": [{"userDefined": false, "text": "Can "}, {"meta": "@CLASS_NAME", "alias": "CLASS_NAME", "userDefined": false, "text": "CSC 590"}, {"userDefined": false, "text": " only be taken as credit or no credit?"}], "isTemplate": false, "count": 0, "id": "1ab4d159-5201-42aa-89e9-88900782460f"}, {"data": [{"userDefined": false, "text": "Can you only take "}, {"meta": "@CLASS_NAME", "alias": "CLASS_NAME", "userDefined": false, "text": "software construction"}, {"userDefined": false, "text": " as credit or no credit?"}], "isTemplate": false, "count": 0, "id": "765f8c5b-3252-41f7-9314-a12756b70e7b"}, {"data": [{"userDefined": false, "text": "Is "}, {"meta": "@CLASS_NAME", "alias": "CLASS_NAME", "userDefined": false, "text": "design-and analysis-of algorithms"}, {"userDefined": false, "text": " credit or no credit only?"}], "isTemplate": false, "count": 0, "id": "8e7e1077-5be5-48ea-b2a0-6dbf272ec3ac"}, {"data": [{"userDefined": false, "text": "Is "}, {"meta": "@CLASS_NAME", "alias": "CLASS_NAME", "userDefined": false, "text": "languages-and translators"}, {"userDefined": false, "text": " credit or no credit grading only?"}], "isTemplate": false, "count": 0, "id": "289264b0-a74d-4d81-8ce6-bc932aa9163e"}, {"data": [{"userDefined": false, "text": "Is "}, {"meta": "@CLASS_NAME", "alias": "CLASS_NAME", "userDefined": false, "text": "personal software process"}, {"userDefined": false, "text": " credit/no credit grading only?"}], "isTemplate": false, "count": 0, "id": "4d67f839-968d-4f8e-89a4-12bd486815e5"}]