[{"data": [{"userDefined": false, "text": "What courses are prerequisites for the most other classes?"}], "isTemplate": false, "count": 0, "id": "abddd7d4-8855-45ca-a46f-b5f744e39c09"}, {"data": [{"userDefined": false, "text": "What courses are prereqs for the most other classes?"}], "isTemplate": false, "count": 0, "id": "bc0fad3e-6937-4754-b09e-b33c80a7283b"}, {"data": [{"userDefined": false, "text": "What classes are prereqs for most other classes?"}], "isTemplate": false, "count": 0, "id": "0654da5f-2011-4320-a526-fda7f4df7fe7"}, {"data": [{"userDefined": false, "text": "Which classes are prerequisites for many other classes?"}], "isTemplate": false, "count": 0, "id": "3fe91d07-09ab-4f72-ab87-1bb516134442"}, {"data": [{"userDefined": false, "text": "Which classes are foundational to take?"}], "isTemplate": false, "count": 0, "id": "2e66346b-58b4-4656-9293-d0702d1371ae"}, {"data": [{"userDefined": false, "text": "What classes are prerequisites for the most other classes?"}], "isTemplate": false, "count": 0, "id": "7c285107-3001-4bce-8ed0-c86187d227cb"}]