[{"data": [{"userDefined": false, "text": "What classes are only offered in the "}, {"meta": "@QUARTER", "alias": "QUARTER", "userDefined": false, "text": "Spring"}, {"userDefined": false, "text": "?"}], "isTemplate": false, "count": 0, "id": "10d16157-a680-49e1-a327-a0bc40d969ae"}, {"data": [{"userDefined": false, "text": "Which classes are only taught during the "}, {"meta": "@QUARTER", "alias": "QUARTER", "userDefined": false, "text": "Autumn"}, {"userDefined": false, "text": "?"}], "isTemplate": false, "count": 0, "id": "c68dad0a-86c4-4c06-a066-527950b7b386"}, {"data": [{"userDefined": false, "text": "Which courses are only taught in the "}, {"meta": "@QUARTER", "alias": "QUARTER", "userDefined": false, "text": "Winter"}, {"userDefined": false, "text": "?"}], "isTemplate": false, "count": 0, "id": "76f71f34-3d19-477f-9e6d-ed3b28f47740"}, {"data": [{"userDefined": false, "text": "Which classes are only taught during "}, {"meta": "@QUARTER", "alias": "QUARTER", "userDefined": false, "text": "Winter"}, {"userDefined": false, "text": " quarter?"}], "isTemplate": false, "count": 0, "id": "38b1a37f-519a-4c2b-9fc6-330f881d31a6"}, {"data": [{"userDefined": false, "text": "Which courses are only taught in "}, {"meta": "@QUARTER", "alias": "QUARTER", "userDefined": false, "text": "Summer"}, {"userDefined": false, "text": "?"}], "isTemplate": false, "count": 0, "id": "04773f1d-1c47-4261-a57e-5ecfe2f6baa7"}, {"data": [{"userDefined": false, "text": "What courses are only offered in the "}, {"meta": "@QUARTER", "alias": "QUARTER", "userDefined": false, "text": "Spring"}, {"userDefined": false, "text": "?"}], "isTemplate": false, "count": 0, "id": "2cfc7127-f41a-4335-b436-3a10323b5885"}, {"data": [{"userDefined": false, "text": "Which courses are only taught during the "}, {"meta": "@QUARTER", "alias": "QUARTER", "userDefined": false, "text": "Autumn"}, {"userDefined": false, "text": "?"}], "isTemplate": false, "count": 0, "id": "0d8c8fd6-8c03-4860-aa02-b165ef88eebf"}, {"data": [{"userDefined": false, "text": "Which classes are only taught in the "}, {"meta": "@QUARTER", "alias": "QUARTER", "userDefined": false, "text": "Winter"}, {"userDefined": false, "text": "?"}], "isTemplate": false, "count": 0, "id": "4450bd44-ebea-4313-ab69-0a1281559947"}]