[{"data": [{"userDefined": false, "text": "Which courses are "}, {"meta": "@sys.number", "alias": "number", "userDefined": false, "text": "two"}, {"userDefined": false, "text": " units?"}], "isTemplate": false, "count": 0, "id": "d47ab3f3-3223-42cc-a858-f838ca4e30e1"}, {"data": [{"userDefined": false, "text": "Which classes count for "}, {"meta": "@sys.number", "alias": "number", "userDefined": false, "text": "two"}, {"userDefined": false, "text": " units?"}], "isTemplate": false, "count": 0, "id": "be8efa18-a1de-4421-85b3-5e76cf1e3ca9"}, {"data": [{"userDefined": false, "text": "Which classes are worth "}, {"meta": "@sys.number", "alias": "number", "userDefined": false, "text": "two"}, {"userDefined": false, "text": " units?"}], "isTemplate": false, "count": 0, "id": "c90af5d2-ee1f-4a6a-8fce-a94499403fd3"}, {"data": [{"userDefined": false, "text": "What are all "}, {"meta": "@sys.number", "alias": "number", "userDefined": false, "text": "three"}, {"userDefined": false, "text": " unit classes?"}], "isTemplate": false, "count": 0, "id": "5ff086a0-31c6-4298-89d6-46c31040d18f"}, {"data": [{"userDefined": false, "text": "Which classes are "}, {"meta": "@sys.number", "alias": "number", "userDefined": false, "text": "four"}, {"userDefined": false, "text": " units?"}], "isTemplate": false, "count": 0, "id": "443876e2-1c73-4c48-bdbc-887d1c800d61"}]