[{"data": [{"userDefined": false, "text": "Are there a lot of projects in "}, {"meta": "@CLASS_NAME", "alias": "CLASS_NAME", "userDefined": false, "text": "introduction-to software engineering"}, {"userDefined": false, "text": "?"}], "isTemplate": false, "count": 0, "id": "e4e3d406-1dad-4ae8-b4aa-be9b79d1c3f2"}, {"data": [{"userDefined": false, "text": "Does "}, {"meta": "@CLASS_NAME", "alias": "CLASS_NAME", "userDefined": false, "text": "knowledge discovery-from data"}, {"userDefined": false, "text": " have a lot of projects?"}], "isTemplate": false, "count": 0, "id": "466fbcb4-34d8-458a-b9d1-9bab82cbf3f6"}, {"data": [{"userDefined": false, "text": "Is "}, {"meta": "@CLASS_NAME", "alias": "CLASS_NAME", "userDefined": false, "text": "CSC 453"}, {"userDefined": false, "text": " taught mostly with projects"}], "isTemplate": false, "count": 0, "id": "f15f0ea7-1497-4124-a3fc-4a5128e75c44"}, {"data": [{"userDefined": false, "text": "Does "}, {"meta": "@CLASS_NAME", "alias": "CLASS_NAME", "userDefined": false, "text": "current topics-in computer graphics"}, {"userDefined": false, "text": " consist mostly of projects?"}], "isTemplate": false, "count": 0, "id": "1c1a5129-20fd-4a48-a71b-99214fd44a68"}, {"data": [{"userDefined": false, "text": "Does "}, {"meta": "@CLASS_NAME", "alias": "CLASS_NAME", "userDefined": false, "text": "theory-of computation ii"}, {"userDefined": false, "text": " typically consist of projects?"}], "isTemplate": false, "count": 0, "id": "e3af9a65-bc60-4f15-b5ec-369da0824904"}, {"data": [{"userDefined": false, "text": "Is "}, {"meta": "@CLASS_NAME", "alias": "CLASS_NAME", "userDefined": false, "text": "discrete structures"}, {"userDefined": false, "text": " project based?"}], "isTemplate": false, "count": 0, "id": "c7495015-0f77-4922-b7b7-e25faf9f75fd"}]