[{"data": [{"userDefined": false, "text": "Which courses are seminars?"}], "isTemplate": false, "count": 0, "id": "96f20122-82d9-4120-95e2-63b29422f750"}, {"data": [{"userDefined": false, "text": "What classes are considered to be seminars?"}], "isTemplate": false, "count": 0, "id": "015907a2-c3e7-4ff2-9164-ef65c984ef0d"}, {"data": [{"userDefined": false, "text": "Which classes are taught as seminars?"}], "isTemplate": false, "count": 0, "id": "0a542c3c-145b-4273-8544-471aa7f18e28"}, {"data": [{"userDefined": false, "text": "Which courses are taight like seminars?"}], "isTemplate": false, "count": 0, "id": "01b78b00-d042-40cb-b605-f1e3f79b16cf"}, {"data": [{"userDefined": false, "text": "Which classes are seminars?"}], "isTemplate": false, "count": 0, "id": "2ea7b589-480b-41c6-bd9e-7370b063750c"}]