[{"data": [{"userDefined": false, "text": "Would "}, {"meta": "@CLASS_NAME", "alias": "CLASS_NAME", "userDefined": false, "text": "cooperative education experience"}, {"userDefined": false, "text": " include "}, {"meta": "@SUBJECT_MATTER", "alias": "SUBJECT_MATTER", "userDefined": false, "text": "advancement"}, {"userDefined": false, "text": "?"}], "isTemplate": false, "count": 0, "id": "72d2af00-fd80-4e22-8267-95a922b9732a"}, {"data": [{"userDefined": false, "text": "Does "}, {"meta": "@CLASS_NAME", "alias": "CLASS_NAME", "userDefined": false, "text": "computers-for poets"}, {"userDefined": false, "text": " consist of "}, {"meta": "@SUBJECT_MATTER", "alias": "SUBJECT_MATTER", "userDefined": false, "text": "maintenance"}, {"userDefined": false, "text": "?"}], "isTemplate": false, "count": 0, "id": "2d5c21b0-d3fe-4b78-8ef5-a13f22907dcc"}, {"data": [{"userDefined": false, "text": "Is "}, {"meta": "@SUBJECT_MATTER", "alias": "SUBJECT_MATTER", "userDefined": false, "text": "basic principle"}, {"userDefined": false, "text": " included in "}, {"meta": "@CLASS_NAME", "alias": "CLASS_NAME", "userDefined": false, "text": "CSC 450"}, {"userDefined": false, "text": "?"}], "isTemplate": false, "count": 0, "id": "7c72ab29-c8f1-4347-9402-bc7f49859ecb"}, {"data": [{"userDefined": false, "text": "Is "}, {"meta": "@SUBJECT_MATTER", "alias": "SUBJECT_MATTER", "userDefined": false, "text": "develop test"}, {"userDefined": false, "text": "? taught in "}, {"meta": "@CLASS_NAME", "alias": "CLASS_NAME", "userDefined": false, "text": "research-in computer science ii"}, {"userDefined": false, "text": "?"}], "isTemplate": false, "count": 0, "id": "9249fa0f-3fef-41cc-a846-cb95f3187980"}, {"data": [{"userDefined": false, "text": "Does "}, {"meta": "@CLASS_NAME", "alias": "CLASS_NAME", "userDefined": false, "text": "CSC 515"}, {"userDefined": false, "text": " include "}, {"meta": "@SUBJECT_MATTER", "alias": "SUBJECT_MATTER", "userDefined": false, "text": "process communication"}, {"userDefined": false, "text": "?"}], "isTemplate": false, "count": 0, "id": "94972f43-1432-4010-b6c2-220bc50861b2"}]