[{"data": [{"userDefined": false, "text": "Which courses are introductory studies?"}], "isTemplate": false, "count": 0, "id": "cad98f69-91ac-4cc8-ad18-d76d025fe1b9"}, {"data": [{"userDefined": false, "text": "What classes are considered introductory studies?"}], "isTemplate": false, "count": 0, "id": "77ba6e4e-6495-4527-8b5b-144aedb40105"}, {"data": [{"userDefined": false, "text": "What introductory classes can I take?"}], "isTemplate": false, "count": 0, "id": "5c6f3db7-e2ba-4db7-8247-86d54e1fde3d"}, {"data": [{"userDefined": false, "text": "Which introductory classes can I take?"}], "isTemplate": false, "count": 0, "id": "ac16d24c-5a7f-44dd-9bcc-0040a37aa232"}, {"data": [{"userDefined": false, "text": "Which intro courses can be taken?"}], "isTemplate": false, "count": 0, "id": "12396504-be5d-4290-a643-48ce0415bd00"}, {"data": [{"userDefined": false, "text": "Which classes are introductory studies?"}], "isTemplate": false, "count": 0, "id": "548c02cf-e6ad-4830-b234-63a329b757da"}]