[{"data": [{"userDefined": false, "text": "Which courses are crosslisted in another department?"}], "isTemplate": false, "count": 0, "id": "b18a0e7a-2803-4733-af1a-84087405704a"}, {"data": [{"userDefined": false, "text": "What classes are also listed in another department?"}], "isTemplate": false, "count": 0, "id": "e87aa0b1-c04a-457c-b01e-91978d314477"}, {"data": [{"userDefined": false, "text": "Which class listings can also be found in another department?"}], "isTemplate": false, "count": 0, "id": "020e4dfe-b0c6-4841-a67e-73ef7b66ad60"}, {"data": [{"userDefined": false, "text": "Which classes are crosslisted under another department?"}], "isTemplate": false, "count": 0, "id": "10a27a18-2e1d-4fb0-a421-bc44b032a7d9"}, {"data": [{"userDefined": false, "text": "Which classes are crosslisted in another department?"}], "isTemplate": false, "count": 0, "id": "865b820b-49b9-4abc-839a-a4e09c6d3df5"}]