[{"data": [{"userDefined": false, "text": "What are the differences in taking "}, {"meta": "@CLASS_NAME", "alias": "CLASS_NAME", "userDefined": false, "text": "cooperative education experience"}, {"userDefined": false, "text": " versus "}, {"meta": "@CLASS_NAME", "alias": "CLASS_NAME", "userDefined": false, "text": "CSC 515"}, {"userDefined": false, "text": "?"}], "isTemplate": false, "count": 0, "id": "2c2ea457-1763-4496-8f4d-3f69ed61c5d1"}, {"data": [{"userDefined": false, "text": "What are key differences in "}, {"meta": "@CLASS_NAME", "alias": "CLASS_NAME", "userDefined": false, "text": "CSC 309"}, {"userDefined": false, "text": " and "}, {"meta": "@CLASS_NAME", "alias": "CLASS_NAME", "userDefined": false, "text": "CSC 431"}, {"userDefined": false, "text": "?"}], "isTemplate": false, "count": 0, "id": "1f176fa0-1a6e-48d0-80dc-aa7faf8b11e7"}, {"data": [{"userDefined": false, "text": "Why would a student take "}, {"meta": "@CLASS_NAME", "alias": "CLASS_NAME", "userDefined": false, "text": "CSC 429"}, {"userDefined": false, "text": " over "}, {"meta": "@CLASS_NAME", "alias": "CLASS_NAME", "userDefined": false, "text": "CSC 448"}, {"userDefined": false, "text": "?"}], "isTemplate": false, "count": 0, "id": "01bf1f1c-2c32-4612-9036-6d81c2875049"}, {"data": [{"userDefined": false, "text": "How is "}, {"meta": "@CLASS_NAME", "alias": "CLASS_NAME", "userDefined": false, "text": "introduction-to privacy: policy-and technology"}, {"userDefined": false, "text": " different from "}, {"meta": "@CLASS_NAME", "alias": "CLASS_NAME", "userDefined": false, "text": "CSC 594"}, {"userDefined": false, "text": "?"}], "isTemplate": false, "count": 0, "id": "65bcba64-59d9-4d49-815e-f327a55f8288"}, {"data": [{"userDefined": false, "text": "What are the differences between "}, {"meta": "@CLASS_NAME", "alias": "CLASS_NAME", "userDefined": false, "text": "CSC 596"}, {"userDefined": false, "text": " and "}, {"meta": "@CLASS_NAME", "alias": "CLASS_NAME", "userDefined": false, "text": "senior project ii"}, {"userDefined": false, "text": "?"}], "isTemplate": false, "count": 0, "id": "7cc20f9e-ff68-44ef-be53-74f37f0a44c3"}]