[{"data": [{"userDefined": false, "text": "Does "}, {"meta": "@CLASS_NAME", "alias": "CLASS_NAME", "userDefined": false, "text": "operating systems"}, {"userDefined": false, "text": " have an upper division prerequisite?"}], "isTemplate": false, "count": 0, "id": "2b87cada-0250-4a81-ab2a-12d62096189c"}, {"data": [{"userDefined": false, "text": "Is there an upper division prerequisite for "}, {"meta": "@CLASS_NAME", "alias": "CLASS_NAME", "userDefined": false, "text": "introduction-to computing"}, {"userDefined": false, "text": "?"}], "isTemplate": false, "count": 0, "id": "166ee90b-b55d-49e7-a37b-cb6b308d2993"}, {"data": [{"userDefined": false, "text": "Are there upper division prerequisites for "}, {"meta": "@CLASS_NAME", "alias": "CLASS_NAME", "userDefined": false, "text": "CSC 540"}, {"userDefined": false, "text": "?"}], "isTemplate": false, "count": 0, "id": "88610b93-2aca-4aa2-8268-2233f141ec19"}, {"data": [{"userDefined": false, "text": "Does "}, {"meta": "@CLASS_NAME", "alias": "CLASS_NAME", "userDefined": false, "text": "CSC 498"}, {"userDefined": false, "text": " have an upper division prereq?"}], "isTemplate": false, "count": 0, "id": "97f4a334-f097-4cda-aaae-9eb9869e1bd0"}, {"data": [{"userDefined": false, "text": "Is there an upper division prereq for "}, {"meta": "@CLASS_NAME", "alias": "CLASS_NAME", "userDefined": false, "text": "discrete structures"}, {"userDefined": false, "text": "?"}], "isTemplate": false, "count": 0, "id": "7a40c5b4-4466-499c-ba57-fb00b3b97cbd"}, {"data": [{"userDefined": false, "text": "Are there upper division prereqs for "}, {"meta": "@CLASS_NAME", "alias": "CLASS_NAME", "userDefined": false, "text": "current topics-in human-computer interaction"}, {"userDefined": false, "text": "?"}], "isTemplate": false, "count": 0, "id": "c4ad6a9f-c1e8-45f8-abe0-9fa4655fc506"}, {"data": [{"userDefined": false, "text": "Does "}, {"meta": "@CLASS_NAME", "alias": "CLASS_NAME", "userDefined": false, "text": "CSC 424"}, {"userDefined": false, "text": " have an upper divisional prerequisite?"}], "isTemplate": false, "count": 0, "id": "f7c63a46-dfb3-4b2d-b043-cfcd0b0d2039"}]