[{"data": [{"userDefined": false, "text": "Which courses are project based?"}], "isTemplate": false, "count": 0, "id": "360859b2-f890-4311-9e28-151132631f21"}, {"data": [{"userDefined": false, "text": "Which classes have a lot of projects?"}], "isTemplate": false, "count": 0, "id": "ef023347-88f1-4707-ab0f-58ea8d7b50c7"}, {"data": [{"userDefined": false, "text": "What classes can I take that have a lot of projects?"}], "isTemplate": false, "count": 0, "id": "818980b2-0c62-4fa3-bfe1-2ad0a0d5840d"}, {"data": [{"userDefined": false, "text": "What courses consist of mostly projects?"}], "isTemplate": false, "count": 0, "id": "3823430b-e03c-4e21-b175-7be90816eb43"}, {"data": [{"userDefined": false, "text": "Which classes are project based?"}], "isTemplate": false, "count": 0, "id": "a708a4de-a711-449c-9dfe-e00940fb6f23"}]