[{"data": [{"userDefined": false, "text": "Which courses require "}, {"meta": "@CLASS_QUALIFICATION", "alias": "CLASS_QUALIFICATION", "userDefined": false, "text": "sophomore"}, {"userDefined": false, "text": " standing?"}], "isTemplate": false, "count": 0, "id": "bef34da5-8702-47b0-929f-c7dff40619c2"}, {"data": [{"userDefined": false, "text": "Which classes require me to be a "}, {"meta": "@CLASS_QUALIFICATION", "alias": "CLASS_QUALIFICATION", "userDefined": false, "text": "senior"}, {"userDefined": false, "text": "?"}], "isTemplate": false, "count": 0, "id": "2e15ae6a-bd71-4267-b244-de4a7ca0f07e"}, {"data": [{"userDefined": false, "text": "Which courses do I need to be a "}, {"meta": "@CLASS_QUALIFICATION", "alias": "CLASS_QUALIFICATION", "userDefined": false, "text": "freshman"}, {"userDefined": false, "text": " to take?"}], "isTemplate": false, "count": 0, "id": "56f2a658-ce42-45aa-98a3-04b31128c33b"}, {"data": [{"userDefined": false, "text": "Which classes need "}, {"meta": "@CLASS_QUALIFICATION", "alias": "CLASS_QUALIFICATION", "userDefined": false, "text": "senior"}, {"userDefined": false, "text": " standing?"}], "isTemplate": false, "count": 0, "id": "81b2dcf4-70cc-46e1-996b-bd31bb440722"}, {"data": [{"userDefined": false, "text": "Which classes need "}, {"meta": "@CLASS_QUALIFICATION", "alias": "CLASS_QUALIFICATION", "userDefined": false, "text": "junior"}, {"userDefined": false, "text": " in order to take them?"}], "isTemplate": false, "count": 0, "id": "5045aa0f-361f-4569-9aba-96b74403b90e"}, {"data": [{"userDefined": false, "text": "Which classes require "}, {"meta": "@CLASS_QUALIFICATION", "alias": "CLASS_QUALIFICATION", "userDefined": false, "text": "junior"}, {"userDefined": false, "text": " standing?"}], "isTemplate": false, "count": 0, "id": "7435d801-37f7-446e-b436-22ed68f5081e"}]