[{"data": [{"userDefined": false, "text": "Can I take "}, {"meta": "@CLASS_NAME", "alias": "CLASS_NAME", "userDefined": false, "text": "CSC 445"}, {"userDefined": false, "text": " as a tech elective?"}], "isTemplate": false, "count": 0, "id": "136b6a01-24a4-4e81-9623-1f702d1dafb9"}, {"data": [{"userDefined": false, "text": "Would "}, {"meta": "@CLASS_NAME", "alias": "CLASS_NAME", "userDefined": false, "text": "CSC 474"}, {"userDefined": false, "text": " count as a tech elective?"}], "isTemplate": false, "count": 0, "id": "e397b519-7c1f-468e-a26a-c189cbd993b9"}, {"data": [{"userDefined": false, "text": "Can I count "}, {"meta": "@CLASS_NAME", "alias": "CLASS_NAME", "userDefined": false, "text": "design-and analysis-of algorithms"}, {"userDefined": false, "text": " as a tech elective?"}], "isTemplate": false, "count": 0, "id": "ad30e44a-b799-4870-a89b-91918f9afbeb"}, {"data": [{"userDefined": false, "text": "Can I count "}, {"meta": "@CLASS_NAME", "alias": "CLASS_NAME", "userDefined": false, "text": "CSC 202"}, {"userDefined": false, "text": " for a tech elective?"}], "isTemplate": false, "count": 0, "id": "acb2f0b7-016f-4e27-bc70-b916aa4fe405"}, {"data": [{"userDefined": false, "text": "Can I take "}, {"meta": "@CLASS_NAME", "alias": "CLASS_NAME", "userDefined": false, "text": "introduction-to computer graphics"}, {"userDefined": false, "text": " towards a tech elective?"}], "isTemplate": false, "count": 0, "id": "27b5bbc8-d719-4339-b0f4-c3ac7572d56a"}, {"data": [{"userDefined": false, "text": "Can I select "}, {"meta": "@CLASS_NAME", "alias": "CLASS_NAME", "userDefined": false, "text": "computers-for poets"}, {"userDefined": false, "text": " as a tech elective?"}], "isTemplate": false, "count": 0, "id": "cd66b393-f56a-4ec9-a816-f8461b51b368"}]