[{"data": [{"userDefined": false, "text": "Which courses include group work?"}], "isTemplate": false, "count": 0, "id": "a72efb39-2214-4905-9340-699ca2ba01d8"}, {"data": [{"userDefined": false, "text": "Which classes have a lot of group work?"}], "isTemplate": false, "count": 0, "id": "5f8a3364-877a-4fd2-86b8-456991930d26"}, {"data": [{"userDefined": false, "text": "What classes can I take that has group work?"}], "isTemplate": false, "count": 0, "id": "7ebd49c0-42fa-4f97-9654-829fb74aa2e3"}, {"data": [{"userDefined": false, "text": "What courses consist of mostly group work?"}], "isTemplate": false, "count": 0, "id": "41b254ab-d3ad-4b41-8ae6-fa74637c16d2"}, {"data": [{"userDefined": false, "text": "Which classes include group work?"}], "isTemplate": false, "count": 0, "id": "36af445f-106d-4ee3-ab6a-9f6455ce34a0"}]