[{"data": [{"userDefined": false, "text": "Which courses include lecture only?"}], "isTemplate": false, "count": 0, "id": "313521b9-82c9-404d-8514-2904e7bde537"}, {"data": [{"userDefined": false, "text": "Which classes are considered lecture only?"}], "isTemplate": false, "count": 0, "id": "ebf81bce-c6ce-4544-9e4a-42545e0f0084"}, {"data": [{"userDefined": false, "text": "Which classes would be considered lecture only?"}], "isTemplate": false, "count": 0, "id": "d36af005-c15c-44cb-8d15-571fc3fa83c2"}, {"data": [{"userDefined": false, "text": "Which classes are taught only in lecture?"}], "isTemplate": false, "count": 0, "id": "f677e21b-dab8-47df-9fcf-c231d7efafeb"}, {"data": [{"userDefined": false, "text": "Which classes are taught by lecture only?"}], "isTemplate": false, "count": 0, "id": "0e7d5df0-bac5-49a5-98ac-8429aa18ed2f"}, {"data": [{"userDefined": false, "text": "Which classes include lecture only?"}], "isTemplate": false, "count": 0, "id": "f2e99735-33fe-4091-ad41-fe6ee96f61fc"}]