[{"data": [{"userDefined": false, "text": "Can "}, {"meta": "@CLASS_NAME", "alias": "CLASS_NAME", "userDefined": false, "text": "CSC 305"}, {"userDefined": false, "text": " also be found in "}, {"meta": "@DEPARTMENT_ABBREVIATION", "alias": "DEPARTMENT_ABBREVIATION", "userDefined": false, "text": "cpe"}, {"userDefined": false, "text": "?"}], "isTemplate": false, "count": 0, "id": "90539cb6-be91-4ccc-a0eb-6d4a153afc50"}, {"data": [{"userDefined": false, "text": "May "}, {"meta": "@CLASS_NAME", "alias": "CLASS_NAME", "userDefined": false, "text": "computational art"}, {"userDefined": false, "text": " also be listed in "}, {"meta": "@DEPARTMENT_ABBREVIATION", "alias": "DEPARTMENT_ABBREVIATION", "userDefined": false, "text": "CPE"}, {"userDefined": false, "text": "?"}], "isTemplate": false, "count": 0, "id": "b93516e8-3c14-457d-8806-dc56af9af0bb"}, {"data": [{"userDefined": false, "text": "Can I also find "}, {"meta": "@CLASS_NAME", "alias": "CLASS_NAME", "userDefined": false, "text": "software evaluation"}, {"userDefined": false, "text": " in "}, {"meta": "@DEPARTMENT_ABBREVIATION", "alias": "DEPARTMENT_ABBREVIATION", "userDefined": false, "text": "CPE"}, {"userDefined": false, "text": "?"}], "isTemplate": false, "count": 0, "id": "ee7cc936-0541-4272-910e-c33468e6e990"}, {"data": [{"userDefined": false, "text": "Is "}, {"meta": "@CLASS_NAME", "alias": "CLASS_NAME", "userDefined": false, "text": "interactive entertainment engineering"}, {"userDefined": false, "text": " crosslisted in "}, {"meta": "@DEPARTMENT_ABBREVIATION", "alias": "DEPARTMENT_ABBREVIATION", "userDefined": false, "text": "cpe"}, {"userDefined": false, "text": "?"}], "isTemplate": false, "count": 0, "id": "3ff2371d-3985-48f7-bb23-5286910cec49"}]