[{"data": [{"userDefined": false, "text": "Do I need at least a C- or better in "}, {"meta": "@CLASS_NAME", "alias": "CLASS_NAME", "userDefined": false, "text": "CSC 350"}, {"userDefined": false, "text": " to take "}, {"meta": "@CLASS_NAME", "alias": "CLASS_NAME", "userDefined": false, "text": "software engineering i"}, {"userDefined": false, "text": "?"}], "isTemplate": false, "count": 0, "id": "0952cd7f-947d-4735-8617-6a29fba8e142"}, {"data": [{"userDefined": false, "text": "Do I need at least a C or better in "}, {"meta": "@CLASS_NAME", "alias": "CLASS_NAME", "userDefined": false, "text": "project-based object-oriented programming-and design"}, {"userDefined": false, "text": " for "}, {"meta": "@CLASS_NAME", "alias": "CLASS_NAME", "userDefined": false, "text": "implementation-of operating systems"}, {"userDefined": false, "text": "?"}], "isTemplate": false, "count": 0, "id": "08b59509-60a8-44d5-aeef-d8132ec47423"}, {"data": [{"userDefined": false, "text": "Is a C- needed in "}, {"meta": "@CLASS_NAME", "alias": "CLASS_NAME", "userDefined": false, "text": "CSC 509"}, {"userDefined": false, "text": " to take "}, {"meta": "@CLASS_NAME", "alias": "CLASS_NAME", "userDefined": false, "text": "CSC 569"}, {"userDefined": false, "text": "?"}], "isTemplate": false, "count": 0, "id": "00104e89-5745-43d5-a70f-054b44afdf6e"}, {"data": [{"userDefined": false, "text": "Is a C needed in "}, {"meta": "@CLASS_NAME", "alias": "CLASS_NAME", "userDefined": false, "text": "CSC 310"}, {"userDefined": false, "text": " to take "}, {"meta": "@CLASS_NAME", "alias": "CLASS_NAME", "userDefined": false, "text": "programming languages"}, {"userDefined": false, "text": "?"}], "isTemplate": false, "count": 0, "id": "2e56e33c-3bb8-4d11-9b04-c4e46176c83c"}, {"data": [{"userDefined": false, "text": "Does "}, {"meta": "@CLASS_NAME", "alias": "CLASS_NAME", "userDefined": false, "text": "CSC 344"}, {"userDefined": false, "text": " require a C- or better in "}, {"meta": "@CLASS_NAME", "alias": "CLASS_NAME", "userDefined": false, "text": "CSC 430"}, {"userDefined": false, "text": "?"}], "isTemplate": false, "count": 0, "id": "71d6a870-53cd-4151-b184-70e403cb7a46"}]