[{"data": [{"userDefined": false, "text": "What are the similarities in taking "}, {"meta": "@CLASS_NAME", "alias": "CLASS_NAME", "userDefined": false, "text": "CSC 564"}, {"userDefined": false, "text": " and "}, {"meta": "@CLASS_NAME", "alias": "CLASS_NAME", "userDefined": false, "text": "network-and web security"}, {"userDefined": false, "text": "?"}], "isTemplate": false, "count": 0, "id": "4407f0e5-6a02-48cc-9e42-f612d74e29ec"}, {"data": [{"userDefined": false, "text": "What are key similarities in "}, {"meta": "@CLASS_NAME", "alias": "CLASS_NAME", "userDefined": false, "text": "CSC 521"}, {"userDefined": false, "text": " and "}, {"meta": "@CLASS_NAME", "alias": "CLASS_NAME", "userDefined": false, "text": "CSC 235"}, {"userDefined": false, "text": "?"}], "isTemplate": false, "count": 0, "id": "2064754c-56d3-41be-a6dd-351fe46a13aa"}, {"data": [{"userDefined": false, "text": "Why would a student take "}, {"meta": "@CLASS_NAME", "alias": "CLASS_NAME", "userDefined": false, "text": "computer graphics"}, {"userDefined": false, "text": " and "}, {"meta": "@CLASS_NAME", "alias": "CLASS_NAME", "userDefined": false, "text": "CSC 582"}, {"userDefined": false, "text": "?"}], "isTemplate": false, "count": 0, "id": "86c1ec48-239c-403e-adf3-a09b3f1f3d8b"}, {"data": [{"userDefined": false, "text": "How is "}, {"meta": "@CLASS_NAME", "alias": "CLASS_NAME", "userDefined": false, "text": "CSC 301"}, {"userDefined": false, "text": " similar to "}, {"meta": "@CLASS_NAME", "alias": "CLASS_NAME", "userDefined": false, "text": "c-and unix"}, {"userDefined": false, "text": "?"}], "isTemplate": false, "count": 0, "id": "8c8188b0-0443-4243-8265-b66e65805e6d"}, {"data": [{"userDefined": false, "text": "What are the similarities between "}, {"meta": "@CLASS_NAME", "alias": "CLASS_NAME", "userDefined": false, "text": "senior project ii"}, {"userDefined": false, "text": " and "}, {"meta": "@CLASS_NAME", "alias": "CLASS_NAME", "userDefined": false, "text": "cooperative education experience"}, {"userDefined": false, "text": "?"}], "isTemplate": false, "count": 0, "id": "2ad4fedc-22c0-46ca-9ec8-ab415993cb19"}]