[{"data": [{"userDefined": false, "text": "Which courses include a lab section?"}], "isTemplate": false, "count": 0, "id": "e4a7de19-cda4-427a-bbf7-9fe1c66c533c"}, {"data": [{"userDefined": false, "text": "Which classes have a lab section?"}], "isTemplate": false, "count": 0, "id": "25529062-2b5f-4adc-8110-a92e09b24486"}, {"data": [{"userDefined": false, "text": "Which classes also have a lab section?"}], "isTemplate": false, "count": 0, "id": "051bba57-c822-429f-9ed8-ed4720eebbbc"}, {"data": [{"userDefined": false, "text": "Which classes have a lab section too?"}], "isTemplate": false, "count": 0, "id": "463db491-3ce4-472d-9e58-5df23ec71d80"}, {"data": [{"userDefined": false, "text": "Which classes include a lab section?"}], "isTemplate": false, "count": 0, "id": "8d398e28-f2a4-47f7-932f-8ccb8b1847e2"}]