[{"data": [{"userDefined": false, "text": "Which classes have upper divisional prereqs?"}], "isTemplate": false, "count": 0, "id": "62166b91-b396-4786-a78f-d852f5d6f122"}, {"data": [{"userDefined": false, "text": "Which courses have upper divisional prerequisite?"}], "isTemplate": false, "count": 0, "id": "1030fcae-5dc0-4a47-ab5f-8261b5b2eacc"}, {"data": [{"userDefined": false, "text": "Which classes require upper division prerequisites?"}], "isTemplate": false, "count": 0, "id": "a44e5141-737f-4452-be2b-234fe0153879"}, {"data": [{"userDefined": false, "text": "Which classes require upper division prereqs?"}], "isTemplate": false, "count": 0, "id": "5337fee5-ca24-4d4e-8088-3b29cf0f5cdb"}, {"data": [{"userDefined": false, "text": "Which classes have an upper divisional prerequisite?"}], "isTemplate": false, "count": 0, "id": "968d4587-7194-45c0-b25f-9181db1cb394"}]