[{"data": [{"userDefined": false, "text": "Do I need "}, {"meta": "@CLASS_QUALIFICATION", "alias": "CLASS_QUALIFICATION", "userDefined": false, "text": "freshman"}, {"userDefined": false, "text": " standing to take "}, {"meta": "@CLASS_NAME", "alias": "CLASS_NAME", "userDefined": false, "text": "CSC 203"}, {"userDefined": false, "text": "?"}], "isTemplate": false, "count": 0, "id": "066bb036-7206-4764-aac3-44c87e47ac06"}, {"data": [{"userDefined": false, "text": "Is "}, {"meta": "@CLASS_QUALIFICATION", "alias": "CLASS_QUALIFICATION", "userDefined": false, "text": "sophomore"}, {"userDefined": false, "text": " required to take "}, {"meta": "@CLASS_NAME", "alias": "CLASS_NAME", "userDefined": false, "text": "CSC 572"}, {"userDefined": false, "text": "?"}], "isTemplate": false, "count": 0, "id": "9dec7af3-099c-441e-9ff2-3b930565d9f1"}, {"data": [{"userDefined": false, "text": "Is "}, {"meta": "@CLASS_QUALIFICATION", "alias": "CLASS_QUALIFICATION", "userDefined": false, "text": "sophomore"}, {"userDefined": false, "text": " needed to take "}, {"meta": "@CLASS_NAME", "alias": "CLASS_NAME", "userDefined": false, "text": "research senior project ii"}, {"userDefined": false, "text": "?"}], "isTemplate": false, "count": 0, "id": "5eb7be1f-f617-49c5-9ea4-0e79ae2f0c1e"}, {"data": [{"userDefined": false, "text": "Is "}, {"meta": "@CLASS_QUALIFICATION", "alias": "CLASS_QUALIFICATION", "userDefined": false, "text": "freshman"}, {"userDefined": false, "text": " necessary to take "}, {"meta": "@CLASS_NAME", "alias": "CLASS_NAME", "userDefined": false, "text": "CSC 105"}, {"userDefined": false, "text": "?"}], "isTemplate": false, "count": 0, "id": "e53fcb0f-9f84-4cdc-a32e-bdeb15d454b1"}, {"data": [{"userDefined": false, "text": "Does "}, {"meta": "@CLASS_NAME", "alias": "CLASS_NAME", "userDefined": false, "text": "CSC 483"}, {"userDefined": false, "text": " need "}, {"meta": "@CLASS_QUALIFICATION", "alias": "CLASS_QUALIFICATION", "userDefined": false, "text": "senior"}, {"userDefined": false, "text": " standing?"}], "isTemplate": false, "count": 0, "id": "421b642c-be2c-45c6-87aa-2de5a5b5ab1b"}, {"data": [{"userDefined": false, "text": "Do I need to be a "}, {"meta": "@CLASS_QUALIFICATION", "alias": "CLASS_QUALIFICATION", "userDefined": false, "text": "sophomore"}, {"userDefined": false, "text": " to take "}, {"meta": "@CLASS_NAME", "alias": "CLASS_NAME", "userDefined": false, "text": "CSC 486"}, {"userDefined": false, "text": "?"}], "isTemplate": false, "count": 0, "id": "91ff6d9a-1c6c-4e52-90f4-23888b28db2b"}, {"data": [{"userDefined": false, "text": "Am I required to be a "}, {"meta": "@CLASS_QUALIFICATION", "alias": "CLASS_QUALIFICATION", "userDefined": false, "text": "sophomore"}, {"userDefined": false, "text": " to take "}, {"meta": "@CLASS_NAME", "alias": "CLASS_NAME", "userDefined": false, "text": "CSC 310"}, {"userDefined": false, "text": "?"}], "isTemplate": false, "count": 0, "id": "2e64d96b-cfd9-46c4-ae87-ead8c7090328"}, {"data": [{"userDefined": false, "text": "Does "}, {"meta": "@CLASS_NAME", "alias": "CLASS_NAME", "userDefined": false, "text": "CSC 410"}, {"userDefined": false, "text": " require me to be a "}, {"meta": "@CLASS_QUALIFICATION", "alias": "CLASS_QUALIFICATION", "userDefined": false, "text": "senior"}, {"userDefined": false, "text": "?"}], "isTemplate": false, "count": 0, "id": "21cb174a-b966-4181-8630-71a1d06b9266"}, {"data": [{"userDefined": false, "text": "Does "}, {"meta": "@CLASS_NAME", "alias": "CLASS_NAME", "userDefined": false, "text": "CSC 593"}, {"userDefined": false, "text": " require "}, {"meta": "@CLASS_QUALIFICATION", "alias": "CLASS_QUALIFICATION", "userDefined": false, "text": "freshman"}, {"userDefined": false, "text": " standing?"}], "isTemplate": false, "count": 0, "id": "d8fe4929-53ff-49f9-b871-c71f9d462260"}]