[{"data": [{"userDefined": false, "text": "Which courses require a C- or better in another course?"}], "isTemplate": false, "count": 0, "id": "87915cfe-1ee4-4610-9d51-c1a756a08936"}, {"data": [{"userDefined": false, "text": "Which classes require a C- or better in another class?"}], "isTemplate": false, "count": 0, "id": "9667f699-c878-4296-a999-ba5e6c1d0953"}, {"data": [{"userDefined": false, "text": "Which classes do I need a C- or better in another course?"}], "isTemplate": false, "count": 0, "id": "b434494b-fd00-47e4-b14d-698e1d7df9c8"}, {"data": [{"userDefined": false, "text": "Which classes is there a C- or better required in another course?"}], "isTemplate": false, "count": 0, "id": "d68cca27-5aca-4a3f-990b-354754aa77c8"}, {"data": [{"userDefined": false, "text": "Which classes require a C- or better in another course?"}], "isTemplate": false, "count": 0, "id": "8db254fe-42c3-4deb-9bb0-4a42c67b4cca"}]