[{"data": [{"userDefined": false, "text": "How is "}, {"meta": "@CLASS_NAME", "alias": "CLASS_NAME", "userDefined": false, "text": "current topics-in computer graphics"}, {"userDefined": false, "text": " structured?"}], "isTemplate": false, "count": 0, "id": "8614e601-c931-4629-a70c-f8dd669c67d1"}, {"data": [{"userDefined": false, "text": "What does the structure of "}, {"meta": "@CLASS_NAME", "alias": "CLASS_NAME", "userDefined": false, "text": "teaching computing"}, {"userDefined": false, "text": " look like?"}], "isTemplate": false, "count": 0, "id": "53cad837-c4ac-4a33-936d-57ab7da795d0"}, {"data": [{"userDefined": false, "text": "How is "}, {"meta": "@CLASS_NAME", "alias": "CLASS_NAME", "userDefined": false, "text": "software evaluation"}, {"userDefined": false, "text": " layed out?"}], "isTemplate": false, "count": 0, "id": "6d4e9c4b-5289-44ed-a45d-7dff10741f49"}, {"data": [{"userDefined": false, "text": "What is the structure of "}, {"meta": "@CLASS_NAME", "alias": "CLASS_NAME", "userDefined": false, "text": "CSC 560"}, {"userDefined": false, "text": " like?"}], "isTemplate": false, "count": 0, "id": "308b25e8-30d3-4dc2-ab64-23f48d7df40f"}, {"data": [{"userDefined": false, "text": "What is the structure of "}, {"meta": "@CLASS_NAME", "alias": "CLASS_NAME", "userDefined": false, "text": "computational linguistics"}, {"userDefined": false, "text": "?"}], "isTemplate": false, "count": 0, "id": "221d3267-a1bd-4086-9304-f89fe25d2249"}]