[{"data": [{"userDefined": false, "text": "What are prerequisites for taking "}, {"meta": "@CLASS_NAME", "alias": "CLASS_NAME", "userDefined": false, "text": "introduction-to operating systems"}, {"userDefined": false, "text": "?"}], "isTemplate": false, "count": 0, "id": "6c1af72b-b50e-443e-89b2-1d3d85e22374"}, {"data": [{"userDefined": false, "text": "What are some prereqs for "}, {"meta": "@CLASS_NAME", "alias": "CLASS_NAME", "userDefined": false, "text": "artificial intelligence"}, {"userDefined": false, "text": "?"}], "isTemplate": false, "count": 0, "id": "f382559b-b71d-4e16-a180-6f5dd6ba0d80"}, {"data": [{"userDefined": false, "text": "What are the prerequisites to take "}, {"meta": "@CLASS_NAME", "alias": "CLASS_NAME", "userDefined": false, "text": "CSC 309"}, {"userDefined": false, "text": "?"}], "isTemplate": false, "count": 0, "id": "8a5257f6-61db-45b8-b0ea-9bba4830806f"}, {"data": [{"userDefined": false, "text": "What are the prereqs to take "}, {"meta": "@CLASS_NAME", "alias": "CLASS_NAME", "userDefined": false, "text": "advanced rendering techniques"}, {"userDefined": false, "text": "?"}], "isTemplate": false, "count": 0, "id": "56423fe8-bf69-47fb-ac9e-ddc9fde4b846"}, {"data": [{"userDefined": false, "text": "What are the prerequisites for "}, {"meta": "@CLASS_NAME", "alias": "CLASS_NAME", "userDefined": false, "text": "c-and unix"}, {"userDefined": false, "text": "?"}], "isTemplate": false, "count": 0, "id": "4e141014-a4fa-40d2-b223-bd69d9ae3476"}]