[{"data": [{"userDefined": false, "text": "Can I fulfill my "}, {"meta": "@GE_AREA", "alias": "GE_AREA", "userDefined": false, "text": "a1"}, {"userDefined": false, "text": " with "}, {"meta": "@CLASS_NAME", "alias": "CLASS_NAME", "userDefined": false, "text": "current topics-in software engineering"}, {"userDefined": false, "text": "?"}], "isTemplate": false, "count": 0, "id": "fff2ce0f-d32d-46d3-b3f4-c1fe835f862b"}, {"data": [{"userDefined": false, "text": "Can I get credits for GE Area "}, {"meta": "@GE_AREA", "alias": "GE_AREA", "userDefined": false, "text": "C3"}, {"userDefined": false, "text": " with "}, {"meta": "@CLASS_NAME", "alias": "CLASS_NAME", "userDefined": false, "text": "CSC 448"}, {"userDefined": false, "text": "?"}], "isTemplate": false, "count": 0, "id": "cd0fcf9d-e4d9-4a8c-8e82-c4fd9a032d51"}, {"data": [{"userDefined": false, "text": "Can I get credits for "}, {"meta": "@GE_AREA", "alias": "GE_AREA", "userDefined": false, "text": "C2"}, {"userDefined": false, "text": " with "}, {"meta": "@CLASS_NAME", "alias": "CLASS_NAME", "userDefined": false, "text": "current topics-in artificial intelligence"}, {"userDefined": false, "text": "?"}], "isTemplate": false, "count": 0, "id": "4ca7472e-59ee-4801-a915-83cbe36d79db"}, {"data": [{"userDefined": false, "text": "Is it possible to get credits for GE Area "}, {"meta": "@GE_AREA", "alias": "GE_AREA", "userDefined": false, "text": "c4"}, {"userDefined": false, "text": " with "}, {"meta": "@CLASS_NAME", "alias": "CLASS_NAME", "userDefined": false, "text": "CSC 350"}, {"userDefined": false, "text": "?"}], "isTemplate": false, "count": 0, "id": "99923336-8021-45f0-85ff-0fa6911beda5"}, {"data": [{"userDefined": false, "text": "Does "}, {"meta": "@CLASS_NAME", "alias": "CLASS_NAME", "userDefined": false, "text": "cooperative education experience"}, {"userDefined": false, "text": " fulfill GE Area "}, {"meta": "@GE_AREA", "alias": "GE_AREA", "userDefined": false, "text": "A3"}, {"userDefined": false, "text": "?"}], "isTemplate": false, "count": 0, "id": "5f61169c-afc7-4d44-af9c-73f94fa8ad5d"}]