[{"data": [{"userDefined": false, "text": "What are recommended prerequisites for "}, {"meta": "@CLASS_NAME", "alias": "CLASS_NAME", "userDefined": false, "text": "CSC 305"}, {"userDefined": false, "text": "?"}], "isTemplate": false, "count": 0, "id": "d746d767-1678-4010-a0bc-2c3d7bbe22eb"}, {"data": [{"userDefined": false, "text": "What are recommended prerequisites to take "}, {"meta": "@CLASS_NAME", "alias": "CLASS_NAME", "userDefined": false, "text": "implementation-of operating systems"}, {"userDefined": false, "text": "?"}], "isTemplate": false, "count": 0, "id": "ac2c4de6-a905-4142-86e7-8ab4c4863f5a"}, {"data": [{"userDefined": false, "text": "What are the recommended prerequisites for taking "}, {"meta": "@CLASS_NAME", "alias": "CLASS_NAME", "userDefined": false, "text": "CSC 530"}, {"userDefined": false, "text": "?"}], "isTemplate": false, "count": 0, "id": "93c8c406-7ac5-4c38-a406-4d39f52d3b1e"}, {"data": [{"userDefined": false, "text": "What are recommended prereqs for "}, {"meta": "@CLASS_NAME", "alias": "CLASS_NAME", "userDefined": false, "text": "CSC 305"}, {"userDefined": false, "text": "?"}], "isTemplate": false, "count": 0, "id": "31692c5a-9fef-473f-8610-5cbc623ae5ce"}, {"data": [{"userDefined": false, "text": "What are recommended prereqs to take "}, {"meta": "@CLASS_NAME", "alias": "CLASS_NAME", "userDefined": false, "text": "CSC 599"}, {"userDefined": false, "text": "?"}], "isTemplate": false, "count": 0, "id": "c58ad4df-cbd0-45fb-a464-bfe92e991769"}, {"data": [{"userDefined": false, "text": "What are the recommended prereqs for taking "}, {"meta": "@CLASS_NAME", "alias": "CLASS_NAME", "userDefined": false, "text": "CSC 234"}, {"userDefined": false, "text": "?"}], "isTemplate": false, "count": 0, "id": "95c0bef1-5839-44fc-b6f9-2fc3b8106426"}, {"data": [{"userDefined": false, "text": "What are the recommended prerequisites for "}, {"meta": "@CLASS_NAME", "alias": "CLASS_NAME", "userDefined": false, "text": "introduction-to computing"}, {"userDefined": false, "text": "?"}], "isTemplate": false, "count": 0, "id": "e2ee2c94-f8b2-4c9b-8749-e0fea88a8a52"}]