[{"data": [{"userDefined": false, "text": "Can I find "}, {"meta": "@CLASS_NAME", "alias": "CLASS_NAME", "userDefined": false, "text": "CSC 486"}, {"userDefined": false, "text": " listed in another department?"}], "isTemplate": false, "count": 0, "id": "1bce6b08-3281-4a04-9484-75e7fc5431cf"}, {"data": [{"userDefined": false, "text": "Is there another department listing of "}, {"meta": "@CLASS_NAME", "alias": "CLASS_NAME", "userDefined": false, "text": "fundamentals-of computer science"}, {"userDefined": false, "text": "?"}], "isTemplate": false, "count": 0, "id": "9c31a484-c1d0-4357-9194-74b64fe98679"}, {"data": [{"userDefined": false, "text": "Is "}, {"meta": "@CLASS_NAME", "alias": "CLASS_NAME", "userDefined": false, "text": "current topics-in software engineering"}, {"userDefined": false, "text": " crosslisted somewhere else?"}], "isTemplate": false, "count": 0, "id": "cbca8fbb-7150-4c2c-b11a-d9872481b8c7"}, {"data": [{"userDefined": false, "text": "Is "}, {"meta": "@CLASS_NAME", "alias": "CLASS_NAME", "userDefined": false, "text": "c-and unix"}, {"userDefined": false, "text": " crosslisted in some other department?"}], "isTemplate": false, "count": 0, "id": "5d5e7893-cb02-4741-9264-a1236683da7b"}, {"data": [{"userDefined": false, "text": "Is "}, {"meta": "@CLASS_NAME", "alias": "CLASS_NAME", "userDefined": false, "text": "CSC 309"}, {"userDefined": false, "text": " crosslisted in another department?"}], "isTemplate": false, "count": 0, "id": "0def0ebb-af68-4706-8528-387d4fa8a214"}]