[{"data": [{"userDefined": false, "text": "Which courses do not require "}, {"meta": "@CLASS_QUALIFICATION", "alias": "CLASS_QUALIFICATION", "userDefined": false, "text": "junior"}, {"userDefined": false, "text": " standing?"}], "isTemplate": false, "count": 0, "id": "90a9ecb5-d208-417f-b48a-e7cfe63f8038"}, {"data": [{"userDefined": false, "text": "Which courses do not require me to be a "}, {"meta": "@CLASS_QUALIFICATION", "alias": "CLASS_QUALIFICATION", "userDefined": false, "text": "freshman"}, {"userDefined": false, "text": "?"}], "isTemplate": false, "count": 0, "id": "f326cf27-e07f-4255-948e-e8e637f388db"}, {"data": [{"userDefined": false, "text": "Which classes is "}, {"meta": "@CLASS_QUALIFICATION", "alias": "CLASS_QUALIFICATION", "userDefined": false, "text": "sophomore"}, {"userDefined": false, "text": " standing not required?"}], "isTemplate": false, "count": 0, "id": "1dc3e3b8-54eb-4ac8-8ed0-e10c99d9fe8e"}, {"data": [{"userDefined": false, "text": "For what courses is "}, {"meta": "@CLASS_QUALIFICATION", "alias": "CLASS_QUALIFICATION", "userDefined": false, "text": "sophomore"}, {"userDefined": false, "text": " standing not necessary?"}], "isTemplate": false, "count": 0, "id": "32e7acd6-0b2c-4d07-8cf0-3ab7160b1e81"}, {"data": [{"userDefined": false, "text": "For which courses is "}, {"meta": "@CLASS_QUALIFICATION", "alias": "CLASS_QUALIFICATION", "userDefined": false, "text": "sophomore"}, {"userDefined": false, "text": " standing not needed?"}], "isTemplate": false, "count": 0, "id": "5840bd84-062e-42ad-a8f3-a6d0d6515b05"}, {"data": [{"userDefined": false, "text": "Which classes do not require "}, {"meta": "@CLASS_QUALIFICATION", "alias": "CLASS_QUALIFICATION", "userDefined": false, "text": "senior"}, {"userDefined": false, "text": " standing?"}], "isTemplate": false, "count": 0, "id": "c2fd5a01-fa70-4dda-a7c5-7ca0a6a31442"}]