[{"data": [{"userDefined": false, "text": "What is the class title for "}, {"meta": "@CLASS_NAME", "alias": "CLASS_NAME", "userDefined": false, "text": "CSC 429"}, {"userDefined": false, "text": "?"}], "isTemplate": false, "count": 0, "id": "deb36101-716b-4889-8c91-22b30a868c78"}, {"data": [{"userDefined": false, "text": "What class title is given to "}, {"meta": "@CLASS_NAME", "alias": "CLASS_NAME", "userDefined": false, "text": "accelerated introduction-to computer science"}, {"userDefined": false, "text": "?"}], "isTemplate": false, "count": 0, "id": "3de863d9-ae3b-4f02-b3b4-d6c587cf45a9"}, {"data": [{"userDefined": false, "text": "What class title is "}, {"meta": "@CLASS_NAME", "alias": "CLASS_NAME", "userDefined": false, "text": "computer security"}, {"userDefined": false, "text": " listed as?"}], "isTemplate": false, "count": 0, "id": "876c0800-7c29-46e9-b010-4ce939dff509"}, {"data": [{"userDefined": false, "text": "Which course title is "}, {"meta": "@CLASS_NAME", "alias": "CLASS_NAME", "userDefined": false, "text": "c-and unix"}, {"userDefined": false, "text": "?"}], "isTemplate": false, "count": 0, "id": "d4e35a2e-c2d9-45fc-9a45-38bc8fa9bc8b"}, {"data": [{"userDefined": false, "text": "What is the course title for "}, {"meta": "@CLASS_NAME", "alias": "CLASS_NAME", "userDefined": false, "text": "deep learning"}, {"userDefined": false, "text": "?"}], "isTemplate": false, "count": 0, "id": "8f35ba6c-b2de-4fb2-a4ed-7187d263588d"}]