[{"data": [{"userDefined": false, "text": "Which courses are most similar to "}, {"meta": "@CLASS_NAME", "alias": "CLASS_NAME", "userDefined": false, "text": "fundamentals-of computer science i supplemental instruction"}, {"userDefined": false, "text": "?"}], "isTemplate": false, "count": 0, "id": "3dc0fda6-f395-4da5-be74-df6441741057"}, {"data": [{"userDefined": false, "text": "What classes are similar to "}, {"meta": "@CLASS_NAME", "alias": "CLASS_NAME", "userDefined": false, "text": "research senior project i"}, {"userDefined": false, "text": "?"}], "isTemplate": false, "count": 0, "id": "8b2f35c7-54a9-4a87-984c-02fa1ff90be5"}, {"data": [{"userDefined": false, "text": "Which courses are similar to "}, {"meta": "@CLASS_NAME", "alias": "CLASS_NAME", "userDefined": false, "text": "CSC 486"}, {"userDefined": false, "text": "?"}], "isTemplate": false, "count": 0, "id": "88c821b2-d804-4331-a39b-bc4a3cb9bcde"}, {"data": [{"userDefined": false, "text": "Which classes are like "}, {"meta": "@CLASS_NAME", "alias": "CLASS_NAME", "userDefined": false, "text": "CSC 560"}, {"userDefined": false, "text": "?"}], "isTemplate": false, "count": 0, "id": "52f0d1e1-2583-47f8-b0f1-82d994c98324"}, {"data": [{"userDefined": false, "text": "If I could not get "}, {"meta": "@CLASS_NAME", "alias": "CLASS_NAME", "userDefined": false, "text": "cooperative education experience"}, {"userDefined": false, "text": ", which classes should I take instead?"}], "isTemplate": false, "count": 0, "id": "02c5f0c1-78e0-4759-930d-f94857af0efd"}, {"data": [{"userDefined": false, "text": "Which classes are most similar to "}, {"meta": "@CLASS_NAME", "alias": "CLASS_NAME", "userDefined": false, "text": "CSC 581"}, {"userDefined": false, "text": "?"}], "isTemplate": false, "count": 0, "id": "526e0924-6a0f-4cd3-973a-9d5f17ef5785"}]