[{"data": [{"userDefined": false, "text": "How many units is "}, {"meta": "@CLASS_NAME", "alias": "CLASS_NAME", "userDefined": false, "text": "CSC 466"}, {"userDefined": false, "text": " worth?"}], "isTemplate": false, "count": 0, "id": "1600cd77-2b7f-4683-bfec-42122d0a33da"}, {"data": [{"userDefined": false, "text": "How many credits is "}, {"meta": "@CLASS_NAME", "alias": "CLASS_NAME", "userDefined": false, "text": "CSC 410"}, {"userDefined": false, "text": " worth?"}], "isTemplate": false, "count": 0, "id": "5e93fa17-3d72-49d9-8992-b67f6019499c"}, {"data": [{"userDefined": false, "text": "How many credits is "}, {"meta": "@CLASS_NAME", "alias": "CLASS_NAME", "userDefined": false, "text": "CSC 521"}, {"userDefined": false, "text": "?"}], "isTemplate": false, "count": 0, "id": "d01ca388-ad88-4af5-b686-50739ca5e85c"}, {"data": [{"userDefined": false, "text": "How many units does "}, {"meta": "@CLASS_NAME", "alias": "CLASS_NAME", "userDefined": false, "text": "CSC 305"}, {"userDefined": false, "text": " count for?"}], "isTemplate": false, "count": 0, "id": "f25a1a0d-391c-46a8-8d4f-6cdbbd692724"}, {"data": [{"userDefined": false, "text": "How many units is "}, {"meta": "@CLASS_NAME", "alias": "CLASS_NAME", "userDefined": false, "text": "artificial intelligence"}, {"userDefined": false, "text": "?"}], "isTemplate": false, "count": 0, "id": "aa2a0d02-b60c-40c8-9eb6-061e7233f9a7"}]