[{"data": [{"userDefined": false, "text": "What topics are taught in "}, {"meta": "@CLASS_NAME", "alias": "CLASS_NAME", "userDefined": false, "text": "software requirements engineering"}, {"userDefined": false, "text": "?"}], "isTemplate": false, "count": 0, "id": "d87a8e6c-3bfc-4608-b806-e0c70b119d7b"}, {"data": [{"userDefined": false, "text": "Which topics are covered in "}, {"meta": "@CLASS_NAME", "alias": "CLASS_NAME", "userDefined": false, "text": "theory-of computation ii"}, {"userDefined": false, "text": "?"}], "isTemplate": false, "count": 0, "id": "7809c58c-5079-4ff0-b36f-aa58deebd79f"}, {"data": [{"userDefined": false, "text": "What topics does "}, {"meta": "@CLASS_NAME", "alias": "CLASS_NAME", "userDefined": false, "text": "database modeling, design-and implementation"}, {"userDefined": false, "text": " cover?"}], "isTemplate": false, "count": 0, "id": "8035875d-eead-4baa-903f-ddc37250a3c3"}, {"data": [{"userDefined": false, "text": "Which topics does "}, {"meta": "@CLASS_NAME", "alias": "CLASS_NAME", "userDefined": false, "text": "interactive entertainment engineering"}, {"userDefined": false, "text": " cover?"}], "isTemplate": false, "count": 0, "id": "f84b4b4e-9fe6-470b-ab7d-8f087968d0eb"}, {"data": [{"userDefined": false, "text": "What does it look like to take "}, {"meta": "@CLASS_NAME", "alias": "CLASS_NAME", "userDefined": false, "text": "senior project ii"}, {"userDefined": false, "text": "?"}], "isTemplate": false, "count": 0, "id": "42e58d08-24ca-4d14-9194-bfcd167a7e68"}, {"data": [{"userDefined": false, "text": "What will I learn in "}, {"meta": "@CLASS_NAME", "alias": "CLASS_NAME", "userDefined": false, "text": "CSC 234"}, {"userDefined": false, "text": "?"}], "isTemplate": false, "count": 0, "id": "44181a50-3a66-44dd-a72d-58604b51de13"}, {"data": [{"userDefined": false, "text": "What is the course description for "}, {"meta": "@CLASS_NAME", "alias": "CLASS_NAME", "userDefined": false, "text": "theory-of computation i"}, {"userDefined": false, "text": "?"}], "isTemplate": false, "count": 0, "id": "a06502bc-a9f9-4428-bc5b-39b34ae24651"}, {"data": [{"userDefined": false, "text": "What do you learn about in "}, {"meta": "@CLASS_NAME", "alias": "CLASS_NAME", "userDefined": false, "text": "current topics-in computer graphics"}, {"userDefined": false, "text": "?"}], "isTemplate": false, "count": 0, "id": "60fc589b-2cc4-445a-9bef-5bca62449636"}, {"data": [{"userDefined": false, "text": "What is "}, {"meta": "@CLASS_NAME", "alias": "CLASS_NAME", "userDefined": false, "text": "research senior project ii"}, {"userDefined": false, "text": " about?"}], "isTemplate": false, "count": 0, "id": "f9fe5028-1489-44be-8905-0f4b00f40f1e"}, {"data": [{"userDefined": false, "text": "What topics are covered in "}, {"meta": "@CLASS_NAME", "alias": "CLASS_NAME", "userDefined": false, "text": "CSC 521"}, {"userDefined": false, "text": "?"}], "isTemplate": false, "count": 0, "id": "e36b404a-4506-44f7-bb6f-866fb9381a62"}]