[{"data": [{"userDefined": false, "text": "Which courses fulfill GE Area "}, {"meta": "@GE_AREA", "alias": "GE_AREA", "userDefined": false, "text": "A2"}, {"userDefined": false, "text": "?"}], "isTemplate": false, "count": 0, "id": "ca9eb6e5-aad6-41b4-80f4-126eedc1da3d"}, {"data": [{"userDefined": false, "text": "Which classes can I fulfill my "}, {"meta": "@GE_AREA", "alias": "GE_AREA", "userDefined": false, "text": "b2"}, {"userDefined": false, "text": " with?"}], "isTemplate": false, "count": 0, "id": "3bbace77-7b1d-405e-a96e-b6f3dbb4cb2c"}, {"data": [{"userDefined": false, "text": "Which classes can I get credits for GE Area "}, {"meta": "@GE_AREA", "alias": "GE_AREA", "userDefined": false, "text": "b1"}, {"userDefined": false, "text": " with?"}], "isTemplate": false, "count": 0, "id": "6d54ba13-ff55-4409-a1c2-7365bb465cb8"}, {"data": [{"userDefined": false, "text": "Which classes give me credits for "}, {"meta": "@GE_AREA", "alias": "GE_AREA", "userDefined": false, "text": "d3"}, {"userDefined": false, "text": "?"}], "isTemplate": false, "count": 0, "id": "b99068fd-085d-450f-90b6-ebae78a80d0c"}, {"data": [{"userDefined": false, "text": "Which classes are possible to get credits for GE Area "}, {"meta": "@GE_AREA", "alias": "GE_AREA", "userDefined": false, "text": "C2"}, {"userDefined": false, "text": "?"}], "isTemplate": false, "count": 0, "id": "0323799d-4137-4ed1-8cba-cf2bde5947c8"}, {"data": [{"userDefined": false, "text": "Which classes fulfill GE Area "}, {"meta": "@GE_AREA", "alias": "GE_AREA", "userDefined": false, "text": "D3"}, {"userDefined": false, "text": "?"}], "isTemplate": false, "count": 0, "id": "359f0732-51a2-4548-9551-67352d1376f5"}]