[{"data": [{"userDefined": false, "text": "Which courses are two-part sequences?"}], "isTemplate": false, "count": 0, "id": "2ee2e08a-8040-4086-b44f-26993cd73d36"}, {"data": [{"userDefined": false, "text": "Which classes are usually taken in two parts?"}], "isTemplate": false, "count": 0, "id": "af5463c5-f98e-4d5d-82ac-2e30e01d5a58"}, {"data": [{"userDefined": false, "text": "What courses are usually taken as a two-part sequence?"}], "isTemplate": false, "count": 0, "id": "58c8a503-86a4-4290-8efd-bf58e7694a19"}, {"data": [{"userDefined": false, "text": "Which courses are typically taken as two different parts?"}], "isTemplate": false, "count": 0, "id": "2c2fdf03-3a16-4614-aff4-3cf1759ee1f1"}, {"data": [{"userDefined": false, "text": "Which classes are two-part sequences?"}], "isTemplate": false, "count": 0, "id": "4507fff0-4d79-4a87-8535-4790ca6bbcd1"}]