[{"data": [{"userDefined": false, "text": "Which courses count as a tech elective?"}], "isTemplate": false, "count": 0, "id": "ec08d38c-39f6-4c51-b1f7-7b4c054f893d"}, {"data": [{"userDefined": false, "text": "Which classes can count as a tech elective?"}], "isTemplate": false, "count": 0, "id": "7e8121c9-e524-4058-b663-7610a3369924"}, {"data": [{"userDefined": false, "text": "What classes can also count as a tech elective?"}], "isTemplate": false, "count": 0, "id": "f36de32e-3b77-42f3-b81b-7ed84dafe865"}, {"data": [{"userDefined": false, "text": "What tech electives can I take?"}], "isTemplate": false, "count": 0, "id": "0c9ac04c-2047-495c-8e46-6974f3dc6c8c"}, {"data": [{"userDefined": false, "text": "Which classes can I take as a tech elective?"}], "isTemplate": false, "count": 0, "id": "bd8b038a-d3dd-4393-8243-53eff1faa0a4"}, {"data": [{"userDefined": false, "text": "Which classes can be taken as a tech elective?"}], "isTemplate": false, "count": 0, "id": "3a2b4e73-e2b9-46a4-9099-7037b9925072"}, {"data": [{"userDefined": false, "text": "What tech electives can be taken?"}], "isTemplate": false, "count": 0, "id": "9b1e51d5-acb9-42d3-aa80-5bc84fbd6215"}, {"data": [{"userDefined": false, "text": "Which classes count as a tech elective?"}], "isTemplate": false, "count": 0, "id": "c8ac0f01-4592-460c-aea8-795971f78302"}]