[{"data": [{"userDefined": false, "text": "Which courses have more than "}, {"meta": "@sys.number", "alias": "number", "userDefined": false, "text": "three"}, {"userDefined": false, "text": " prerequisites?"}], "isTemplate": false, "count": 0, "id": "4a5e653f-473e-4464-9f26-c147235d27d3"}, {"data": [{"userDefined": false, "text": "Which classes have more than "}, {"meta": "@sys.number", "alias": "number", "userDefined": false, "text": "two"}, {"userDefined": false, "text": " prereqs?"}], "isTemplate": false, "count": 0, "id": "9a897af6-00fe-4000-a3d7-55d1960eaece"}, {"data": [{"userDefined": false, "text": "What classes have more than "}, {"meta": "@sys.number", "alias": "number", "userDefined": false, "text": "two"}, {"userDefined": false, "text": " prerequisites?"}], "isTemplate": false, "count": 0, "id": "f4779ad5-d227-4e92-a4c6-6e00062b4a08"}, {"data": [{"userDefined": false, "text": "Which classes have greater than "}, {"meta": "@sys.number", "alias": "number", "userDefined": false, "text": "two"}, {"userDefined": false, "text": " prerequisites?"}], "isTemplate": false, "count": 0, "id": "6701d23a-1d7b-489a-88af-be4f302247d6"}, {"data": [{"userDefined": false, "text": "Which classes have more than "}, {"meta": "@sys.number", "alias": "number", "userDefined": false, "text": "2"}, {"userDefined": false, "text": " prerequisites?"}], "isTemplate": false, "count": 0, "id": "3f27a7ca-a8c0-45b8-97a9-11bb5217e432"}]