[{"data": [{"userDefined": false, "text": "What courses should I take with "}, {"meta": "@CLASS_NAME", "alias": "CLASS_NAME", "userDefined": false, "text": "CSC 572"}, {"userDefined": false, "text": "?"}], "isTemplate": false, "count": 0, "id": "13d62596-d441-4de1-b384-2725c9a1cb87"}, {"data": [{"userDefined": false, "text": "What are good classes that I should take with "}, {"meta": "@CLASS_NAME", "alias": "CLASS_NAME", "userDefined": false, "text": "CSC 580"}, {"userDefined": false, "text": "?"}], "isTemplate": false, "count": 0, "id": "1ada8b15-c5c6-4aab-ba69-3d48be5e395b"}, {"data": [{"userDefined": false, "text": "What classes would people recommend taking "}, {"meta": "@CLASS_NAME", "alias": "CLASS_NAME", "userDefined": false, "text": "CSC 450"}, {"userDefined": false, "text": " with?"}], "isTemplate": false, "count": 0, "id": "6375e4af-c624-4fe8-8ab9-955e3adeffa3"}, {"data": [{"userDefined": false, "text": "Which classes would students recommend taking "}, {"meta": "@CLASS_NAME", "alias": "CLASS_NAME", "userDefined": false, "text": "CSC 303"}, {"userDefined": false, "text": " alongside?"}], "isTemplate": false, "count": 0, "id": "13c642d6-d1d3-4648-a5bd-8e614213a102"}, {"data": [{"userDefined": false, "text": "Which courses would be good for me to take with "}, {"meta": "@CLASS_NAME", "alias": "CLASS_NAME", "userDefined": false, "text": "compiler construction"}, {"userDefined": false, "text": "?"}], "isTemplate": false, "count": 0, "id": "f9ca3a4b-2ffb-47b4-94bb-aa3fc4b43e21"}, {"data": [{"userDefined": false, "text": "What classes should I take with "}, {"meta": "@CLASS_NAME", "alias": "CLASS_NAME", "userDefined": false, "text": "interactive entertainment engineering"}, {"userDefined": false, "text": "?"}], "isTemplate": false, "count": 0, "id": "c7170317-940b-42db-bcd8-072343085bd3"}]