[{"data": [{"userDefined": false, "text": "Does "}, {"meta": "@CLASS_NAME", "alias": "CLASS_NAME", "userDefined": false, "text": "CSC 486"}, {"userDefined": false, "text": " have a limit in total credit?"}], "isTemplate": false, "count": 0, "id": "80539268-39a0-4eac-8339-0c5efe5e7c4a"}, {"data": [{"userDefined": false, "text": "Is "}, {"meta": "@CLASS_NAME", "alias": "CLASS_NAME", "userDefined": false, "text": "CSC 231"}, {"userDefined": false, "text": " limited by total credit?"}], "isTemplate": false, "count": 0, "id": "73c4db94-2773-430e-88b0-9b8aa338595f"}, {"data": [{"userDefined": false, "text": "Is total credit limited for "}, {"meta": "@CLASS_NAME", "alias": "CLASS_NAME", "userDefined": false, "text": "CSC 445"}, {"userDefined": false, "text": "?"}], "isTemplate": false, "count": 0, "id": "6c7aea73-91f8-4c4b-86b0-19960dfd2f05"}, {"data": [{"userDefined": false, "text": "Is total credit limited for taking "}, {"meta": "@CLASS_NAME", "alias": "CLASS_NAME", "userDefined": false, "text": "CSC 494"}, {"userDefined": false, "text": "?"}], "isTemplate": false, "count": 0, "id": "3ade8fcb-3e34-434b-aae7-2b713b375306"}, {"data": [{"userDefined": false, "text": "Is there a limit on total credit for "}, {"meta": "@CLASS_NAME", "alias": "CLASS_NAME", "userDefined": false, "text": "selected advanced topics"}, {"userDefined": false, "text": "?"}], "isTemplate": false, "count": 0, "id": "f23add3c-0ace-45df-926c-07377642147c"}, {"data": [{"userDefined": false, "text": "Is "}, {"meta": "@CLASS_NAME", "alias": "CLASS_NAME", "userDefined": false, "text": "software engineering ii"}, {"userDefined": false, "text": " limited in total credit?"}], "isTemplate": false, "count": 0, "id": "eb755026-9382-4e41-9697-61dd0238ef2f"}]