[{"data": [{"userDefined": false, "text": "What course should I take after "}, {"meta": "@CLASS_NAME", "alias": "CLASS_NAME", "userDefined": false, "text": "software evaluation"}, {"userDefined": false, "text": "?"}], "isTemplate": false, "count": 0, "id": "9e4ae4c4-9df8-4ed0-a046-c0ab5e5901a7"}, {"data": [{"userDefined": false, "text": "What classes build off "}, {"meta": "@CLASS_NAME", "alias": "CLASS_NAME", "userDefined": false, "text": "teaching computer science"}, {"userDefined": false, "text": "?"}], "isTemplate": false, "count": 0, "id": "0e8cde99-adab-46ad-b0b0-e4222cdfd67d"}, {"data": [{"userDefined": false, "text": "Which course should I take following "}, {"meta": "@CLASS_NAME", "alias": "CLASS_NAME", "userDefined": false, "text": "real-time-3d computer graphics software"}, {"userDefined": false, "text": "?"}], "isTemplate": false, "count": 0, "id": "01ec5214-4af8-4b1d-81f6-577180d912f1"}, {"data": [{"userDefined": false, "text": "What class do students typically take after "}, {"meta": "@CLASS_NAME", "alias": "CLASS_NAME", "userDefined": false, "text": "CSC 599"}, {"userDefined": false, "text": "?"}], "isTemplate": false, "count": 0, "id": "eae752fb-0720-4f97-93f8-dc59f0cda08d"}, {"data": [{"userDefined": false, "text": "After "}, {"meta": "@CLASS_NAME", "alias": "CLASS_NAME", "userDefined": false, "text": "introduction-to operating systems"}, {"userDefined": false, "text": ", what course should I take?"}], "isTemplate": false, "count": 0, "id": "c9058ec9-8e78-4604-ab51-29d57d73a585"}, {"data": [{"userDefined": false, "text": "What class should I take next after "}, {"meta": "@CLASS_NAME", "alias": "CLASS_NAME", "userDefined": false, "text": "computer programming-for scientists-and engineers"}, {"userDefined": false, "text": "?"}], "isTemplate": false, "count": 0, "id": "3d8c2654-5668-4e4a-b337-e756ba4b39ac"}, {"data": [{"userDefined": false, "text": "What class should I take after "}, {"meta": "@CLASS_NAME", "alias": "CLASS_NAME", "userDefined": false, "text": "CSC 448"}, {"userDefined": false, "text": "?"}], "isTemplate": false, "count": 0, "id": "ff61c18b-85a8-431c-9a46-9ab9653b2ff2"}]