[{"data": [{"userDefined": false, "text": "Which courses don't include "}, {"meta": "@SUBJECT_MATTER", "alias": "SUBJECT_MATTER", "userDefined": false, "text": "technical presentation method"}, {"userDefined": false, "text": "?"}], "isTemplate": false, "count": 0, "id": "75152c11-2522-4c11-82f4-aabe15ecafc4"}, {"data": [{"userDefined": false, "text": "What are classes that don't include "}, {"meta": "@SUBJECT_MATTER", "alias": "SUBJECT_MATTER", "userDefined": false, "text": "system security"}, {"userDefined": false, "text": "?"}], "isTemplate": false, "count": 0, "id": "07f21d63-c24b-479d-9a32-39ac68a44eab"}, {"data": [{"userDefined": false, "text": "What are some classes that don't include "}, {"meta": "@SUBJECT_MATTER", "alias": "SUBJECT_MATTER", "userDefined": false, "text": "structure data"}, {"userDefined": false, "text": "?"}], "isTemplate": false, "count": 0, "id": "4ae6746a-c4e7-4bb3-b2ab-69b15cd1c8a1"}, {"data": [{"userDefined": false, "text": "Which classes don't consist of "}, {"meta": "@SUBJECT_MATTER", "alias": "SUBJECT_MATTER", "userDefined": false, "text": "entity relationship"}, {"userDefined": false, "text": "?"}], "isTemplate": false, "count": 0, "id": "65114fa2-4ce8-47e1-a592-fd77533d588c"}, {"data": [{"userDefined": false, "text": "Which classes don't touch on "}, {"meta": "@SUBJECT_MATTER", "alias": "SUBJECT_MATTER", "userDefined": false, "text": "digital"}, {"userDefined": false, "text": "?"}], "isTemplate": false, "count": 0, "id": "f90c1538-85dc-492e-80da-43a26f787cb6"}, {"data": [{"userDefined": false, "text": "Which classes don\u2019t include "}, {"meta": "@SUBJECT_MATTER", "alias": "SUBJECT_MATTER", "userDefined": false, "text": "software modeling"}, {"userDefined": false, "text": "?"}], "isTemplate": false, "count": 0, "id": "af6de209-d9e1-4495-ae76-1f28bca4f659"}]