[{"data": [{"userDefined": false, "text": "Does "}, {"meta": "@CLASS_NAME", "alias": "CLASS_NAME", "userDefined": false, "text": "selected topics"}, {"userDefined": false, "text": " allow for me to get in with instructor's consent?"}], "isTemplate": false, "count": 0, "id": "a7b73f0b-bba1-45f2-aff2-2caeea862757"}, {"data": [{"userDefined": false, "text": "Can I get into "}, {"meta": "@CLASS_NAME", "alias": "CLASS_NAME", "userDefined": false, "text": "CSC 474"}, {"userDefined": false, "text": " with the consent of the instructor?"}], "isTemplate": false, "count": 0, "id": "84d5732e-7128-43c1-8981-e8c5e5884977"}, {"data": [{"userDefined": false, "text": "Does "}, {"meta": "@CLASS_NAME", "alias": "CLASS_NAME", "userDefined": false, "text": "CSC 486"}, {"userDefined": false, "text": " offer instructor's consent?"}], "isTemplate": false, "count": 0, "id": "365701cc-1a46-469b-970d-7c1d3104cf8a"}, {"data": [{"userDefined": false, "text": "Is instructor's consent available for "}, {"meta": "@CLASS_NAME", "alias": "CLASS_NAME", "userDefined": false, "text": "senior project ii"}, {"userDefined": false, "text": "?"}], "isTemplate": false, "count": 0, "id": "54b55597-bc87-4a4a-b2b9-bbe9c523056e"}, {"data": [{"userDefined": false, "text": "Can I get into "}, {"meta": "@CLASS_NAME", "alias": "CLASS_NAME", "userDefined": false, "text": "CSC 300"}, {"userDefined": false, "text": " with instructor\u2019s consent?"}], "isTemplate": false, "count": 0, "id": "a9af98a9-12ae-48f9-a765-b500f9a2c06d"}]