[{"data": [{"userDefined": false, "text": "Is instructor's consent required for "}, {"meta": "@CLASS_NAME", "alias": "CLASS_NAME", "userDefined": false, "text": "CSC 594"}, {"userDefined": false, "text": "?"}], "isTemplate": false, "count": 0, "id": "971a69cf-0d39-4258-b6df-c45a534ef0ee"}, {"data": [{"userDefined": false, "text": "Is the consent of the instructor required for "}, {"meta": "@CLASS_NAME", "alias": "CLASS_NAME", "userDefined": false, "text": "CSC 474"}, {"userDefined": false, "text": "?"}], "isTemplate": false, "count": 0, "id": "fe6c225d-4475-46f2-a257-4c0194be759e"}, {"data": [{"userDefined": false, "text": "Does "}, {"meta": "@CLASS_NAME", "alias": "CLASS_NAME", "userDefined": false, "text": "cooperative education experience"}, {"userDefined": false, "text": " require instructor's consent?"}], "isTemplate": false, "count": 0, "id": "46f5d5fb-32ba-436d-a2c7-9bbcf3977b5a"}, {"data": [{"userDefined": false, "text": "Do I need instructor's consent to take "}, {"meta": "@CLASS_NAME", "alias": "CLASS_NAME", "userDefined": false, "text": "thesis seminar"}, {"userDefined": false, "text": "?"}], "isTemplate": false, "count": 0, "id": "d25d1a8c-655e-4b9b-b0bf-d7d30bcabbfc"}, {"data": [{"userDefined": false, "text": "Do I need the consent of the instructor to take "}, {"meta": "@CLASS_NAME", "alias": "CLASS_NAME", "userDefined": false, "text": "CSC 487"}, {"userDefined": false, "text": "?"}], "isTemplate": false, "count": 0, "id": "6fadca25-985b-454c-ad57-5a304a19c7a7"}, {"data": [{"userDefined": false, "text": "Does "}, {"meta": "@CLASS_NAME", "alias": "CLASS_NAME", "userDefined": false, "text": "current topics-in computer graphics"}, {"userDefined": false, "text": " require consent of instructor?"}], "isTemplate": false, "count": 0, "id": "bdc92d43-236a-4e39-b76e-ee54ab3943b0"}]