[{"data": [{"userDefined": false, "text": "Is "}, {"meta": "@CLASS_NAME", "alias": "CLASS_NAME", "userDefined": false, "text": "CSC 495"}, {"userDefined": false, "text": " a prereq for "}, {"meta": "@CLASS_NAME", "alias": "CLASS_NAME", "userDefined": false, "text": "CSC 489"}, {"userDefined": false, "text": "?"}], "isTemplate": false, "count": 0, "id": "a4c0050c-b69b-46ab-8003-38a57d187629"}, {"data": [{"userDefined": false, "text": "Does "}, {"meta": "@CLASS_NAME", "alias": "CLASS_NAME", "userDefined": false, "text": "dynamic web development"}, {"userDefined": false, "text": " have "}, {"meta": "@CLASS_NAME", "alias": "CLASS_NAME", "userDefined": false, "text": "CSC 550"}, {"userDefined": false, "text": " as a prerequisite?"}], "isTemplate": false, "count": 0, "id": "4cb98dfb-2dca-4e7e-8a7d-2b025db79e59"}, {"data": [{"userDefined": false, "text": "Does "}, {"meta": "@CLASS_NAME", "alias": "CLASS_NAME", "userDefined": false, "text": "CSC 483"}, {"userDefined": false, "text": " have "}, {"meta": "@CLASS_NAME", "alias": "CLASS_NAME", "userDefined": false, "text": "systems programming"}, {"userDefined": false, "text": " as a prereq?"}], "isTemplate": false, "count": 0, "id": "8a187b13-3d60-483a-86aa-4cf06e1a16f8"}, {"data": [{"userDefined": false, "text": "Is "}, {"meta": "@CLASS_NAME", "alias": "CLASS_NAME", "userDefined": false, "text": "introduction-to object oriented design using graphical user interfaces"}, {"userDefined": false, "text": " a prerequisite for "}, {"meta": "@CLASS_NAME", "alias": "CLASS_NAME", "userDefined": false, "text": "CSC 108"}, {"userDefined": false, "text": "?"}], "isTemplate": false, "count": 0, "id": "2a3e968e-d569-4fe6-b8b7-64828499c0e0"}]