[{"data": [{"userDefined": false, "text": "Which "}, {"meta": "@COURSE_LEVEL", "alias": "COURSE_LEVEL", "userDefined": false, "text": "100"}, {"userDefined": false, "text": " classes are offered in "}, {"meta": "@QUARTER", "alias": "QUARTER", "userDefined": false, "text": "Summer"}, {"userDefined": false, "text": "?"}], "isTemplate": false, "count": 0, "id": "a52c6f73-8872-4ab9-b3e3-d423a3159e09"}, {"data": [{"userDefined": false, "text": "Which "}, {"meta": "@COURSE_LEVEL", "alias": "COURSE_LEVEL", "userDefined": false, "text": "100"}, {"userDefined": false, "text": " courses are offered in the "}, {"meta": "@QUARTER", "alias": "QUARTER", "userDefined": false, "text": "Winter"}, {"userDefined": false, "text": "?"}], "isTemplate": false, "count": 0, "id": "b560c3e4-a871-45fa-8185-fdb177a59adf"}, {"data": [{"userDefined": false, "text": "Which "}, {"meta": "@COURSE_LEVEL", "alias": "COURSE_LEVEL", "userDefined": false, "text": "two hundred"}, {"userDefined": false, "text": " courses are offered in "}, {"meta": "@QUARTER", "alias": "QUARTER", "userDefined": false, "text": "Autumn"}, {"userDefined": false, "text": " quarter?"}], "isTemplate": false, "count": 0, "id": "c014318c-408d-42da-ae31-645192693a74"}, {"data": [{"userDefined": false, "text": "In "}, {"meta": "@QUARTER", "alias": "QUARTER", "userDefined": false, "text": "Summer"}, {"userDefined": false, "text": " quarter, which "}, {"meta": "@COURSE_LEVEL", "alias": "COURSE_LEVEL", "userDefined": false, "text": "100"}, {"userDefined": false, "text": " classes are offered?"}], "isTemplate": false, "count": 0, "id": "e6a65738-6049-4aff-aee1-f4a99db7f083"}, {"data": [{"userDefined": false, "text": "Which "}, {"meta": "@COURSE_LEVEL", "alias": "COURSE_LEVEL", "userDefined": false, "text": "two hundred"}, {"userDefined": false, "text": " classes are available in "}, {"meta": "@QUARTER", "alias": "QUARTER", "userDefined": false, "text": "Summer"}, {"userDefined": false, "text": "?"}], "isTemplate": false, "count": 0, "id": "52a19c86-6291-4bce-891c-9c9d773a963c"}, {"data": [{"userDefined": false, "text": "Which "}, {"meta": "@COURSE_LEVEL", "alias": "COURSE_LEVEL", "userDefined": false, "text": "100"}, {"userDefined": false, "text": " courses are available in the "}, {"meta": "@QUARTER", "alias": "QUARTER", "userDefined": false, "text": "Spring"}, {"userDefined": false, "text": "?"}], "isTemplate": false, "count": 0, "id": "82ecacbd-5d8e-47fa-908f-a6b4f56ee686"}, {"data": [{"userDefined": false, "text": "Which "}, {"meta": "@COURSE_LEVEL", "alias": "COURSE_LEVEL", "userDefined": false, "text": "one hundred"}, {"userDefined": false, "text": " courses are available in "}, {"meta": "@QUARTER", "alias": "QUARTER", "userDefined": false, "text": "Autumn"}, {"userDefined": false, "text": " quarter?"}], "isTemplate": false, "count": 0, "id": "dada7043-e27a-4ba1-a6b6-a050456c945b"}, {"data": [{"userDefined": false, "text": "In "}, {"meta": "@QUARTER", "alias": "QUARTER", "userDefined": false, "text": "Fall"}, {"userDefined": false, "text": " quarter, which "}, {"meta": "@COURSE_LEVEL", "alias": "COURSE_LEVEL", "userDefined": false, "text": "one hundred"}, {"userDefined": false, "text": " classes are available?"}], "isTemplate": false, "count": 0, "id": "f46ea942-f154-41dc-a1aa-5b97d6dd0387"}, {"data": [{"userDefined": false, "text": "Which "}, {"meta": "@COURSE_LEVEL", "alias": "COURSE_LEVEL", "userDefined": false, "text": "100"}, {"userDefined": false, "text": " courses are offered in "}, {"meta": "@QUARTER", "alias": "QUARTER", "userDefined": false, "text": "Summer"}, {"userDefined": false, "text": "?"}], "isTemplate": false, "count": 0, "id": "a497aecd-0cfe-4b2b-aee9-b2eabe85d78d"}]