[{"data": [{"userDefined": false, "text": "How many classes are offered in the "}, {"meta": "@QUARTER", "alias": "QUARTER", "userDefined": false, "text": "Spring"}, {"userDefined": false, "text": "?"}], "isTemplate": false, "count": 0, "id": "677deec8-4590-45de-9dbc-51a3a01934e3"}, {"data": [{"userDefined": false, "text": "How many classes are there in the "}, {"meta": "@QUARTER", "alias": "QUARTER", "userDefined": false, "text": "Winter"}, {"userDefined": false, "text": "?"}], "isTemplate": false, "count": 0, "id": "cc818596-838e-4692-b35f-3e6a13c795fc"}, {"data": [{"userDefined": false, "text": "How many classes in the "}, {"meta": "@QUARTER", "alias": "QUARTER", "userDefined": false, "text": "Summer"}, {"userDefined": false, "text": "?"}], "isTemplate": false, "count": 0, "id": "943ece8c-6536-4b86-a548-23fc8cad6d1a"}, {"data": [{"userDefined": false, "text": "How many courses are offered in the "}, {"meta": "@QUARTER", "alias": "QUARTER", "userDefined": false, "text": "Summer"}, {"userDefined": false, "text": "?"}], "isTemplate": false, "count": 0, "id": "b1469127-c46e-4219-82a8-c1878af449d6"}, {"data": [{"userDefined": false, "text": "How many courses are there in the "}, {"meta": "@QUARTER", "alias": "QUARTER", "userDefined": false, "text": "Fall"}, {"userDefined": false, "text": "?"}], "isTemplate": false, "count": 0, "id": "866086dd-e631-4570-ad51-aed3c34e9879"}, {"data": [{"userDefined": false, "text": "How many courses in the "}, {"meta": "@QUARTER", "alias": "QUARTER", "userDefined": false, "text": "Winter"}, {"userDefined": false, "text": "?"}], "isTemplate": false, "count": 0, "id": "b45c2a4f-4750-4ee4-a48a-686682e55f56"}, {"data": [{"userDefined": false, "text": "How many classes are offered in "}, {"meta": "@QUARTER", "alias": "QUARTER", "userDefined": false, "text": "Winter"}, {"userDefined": false, "text": " quarter?"}], "isTemplate": false, "count": 0, "id": "43b1239e-42b0-4d1b-96d3-1a0d1d68f959"}]