[{"data": [{"userDefined": false, "text": "What is the easiest way to be able to take "}, {"meta": "@CLASS_NAME", "alias": "CLASS_NAME", "userDefined": false, "text": "CSC 476"}, {"userDefined": false, "text": "?"}], "isTemplate": false, "count": 0, "id": "576fff8a-41b7-4b4a-acdd-7783548c89eb"}, {"data": [{"userDefined": false, "text": "What is the shortest path to be able to take "}, {"meta": "@CLASS_NAME", "alias": "CLASS_NAME", "userDefined": false, "text": "computer security"}, {"userDefined": false, "text": "?"}], "isTemplate": false, "count": 0, "id": "c4600410-d437-4576-a3bb-019db48f1c7b"}, {"data": [{"userDefined": false, "text": "What is the shortest path of classes to be able to take "}, {"meta": "@CLASS_NAME", "alias": "CLASS_NAME", "userDefined": false, "text": "fundamentals-of computer science-for scientists-and engineers ii"}, {"userDefined": false, "text": "?"}], "isTemplate": false, "count": 0, "id": "af6714b8-605f-4735-8e27-5e1b4e40d11e"}, {"data": [{"userDefined": false, "text": "What is the shortest path to taking "}, {"meta": "@CLASS_NAME", "alias": "CLASS_NAME", "userDefined": false, "text": "current topics-in computer science"}, {"userDefined": false, "text": "?"}], "isTemplate": false, "count": 0, "id": "3ac09e1c-46b3-4a76-a64a-532e01d8e819"}]