[{"data": [{"userDefined": false, "text": "What technical electives should I select to do research in "}, {"meta": "@SUBJECT_MATTER", "alias": "SUBJECT_MATTER", "userDefined": false, "text": "process communication"}, {"userDefined": false, "text": "?"}], "isTemplate": false, "count": 0, "id": "6831d9b7-4293-4db7-bf51-84b2c36f7d2a"}, {"data": [{"userDefined": false, "text": "What are some good tech electives to study "}, {"meta": "@SUBJECT_MATTER", "alias": "SUBJECT_MATTER", "userDefined": false, "text": "information"}, {"userDefined": false, "text": "?"}], "isTemplate": false, "count": 0, "id": "4fa4ef6b-8a0e-43a3-89d2-50b4890b9028"}, {"data": [{"userDefined": false, "text": "What classes should I take to get a job in "}, {"meta": "@SUBJECT_MATTER", "alias": "SUBJECT_MATTER", "userDefined": false, "text": "introduction software"}, {"userDefined": false, "text": "?"}], "isTemplate": false, "count": 0, "id": "f752802d-b15c-446e-803c-c80294e0b20f"}, {"data": [{"userDefined": false, "text": "What are good technical electives to study "}, {"meta": "@SUBJECT_MATTER", "alias": "SUBJECT_MATTER", "userDefined": false, "text": "data mining"}, {"userDefined": false, "text": "?"}], "isTemplate": false, "count": 0, "id": "bcc30aad-4cd8-47a8-ae5b-92ba457b6de5"}, {"data": [{"userDefined": false, "text": "What technical electives should I select to focus on "}, {"meta": "@SUBJECT_MATTER", "alias": "SUBJECT_MATTER", "userDefined": false, "text": "graphic software"}, {"userDefined": false, "text": "?"}], "isTemplate": false, "count": 0, "id": "e0e0a5a6-a054-41f6-9232-14aa6ab34b73"}]