[{"data": [{"userDefined": false, "text": "Does "}, {"meta": "@QUARTER", "alias": "QUARTER", "userDefined": false, "text": "Winter"}, {"userDefined": false, "text": " offer any lower division classes?"}], "isTemplate": false, "count": 0, "id": "3adc4597-dbb6-4f94-9ddc-0c23defe07c0"}, {"data": [{"userDefined": false, "text": "Does "}, {"meta": "@QUARTER", "alias": "QUARTER", "userDefined": false, "text": "Summer"}, {"userDefined": false, "text": " quarter offer any lower division courses?"}], "isTemplate": false, "count": 0, "id": "3897d234-cfa6-4cfa-b10f-e33bd917f121"}, {"data": [{"userDefined": false, "text": "Are there any lower division courses in the "}, {"meta": "@QUARTER", "alias": "QUARTER", "userDefined": false, "text": "Spring"}, {"userDefined": false, "text": "?"}], "isTemplate": false, "count": 0, "id": "f722764b-1caa-4896-b65e-0d1f1362c65e"}, {"data": [{"userDefined": false, "text": "Are there lower division courses offered in the "}, {"meta": "@QUARTER", "alias": "QUARTER", "userDefined": false, "text": "Winter"}, {"userDefined": false, "text": "?"}], "isTemplate": false, "count": 0, "id": "96b3ab52-5862-4c46-8f3b-84c42b4520d4"}, {"data": [{"userDefined": false, "text": "Are there lower division courses offered in "}, {"meta": "@QUARTER", "alias": "QUARTER", "userDefined": false, "text": "Summer"}, {"userDefined": false, "text": "?"}], "isTemplate": false, "count": 0, "id": "13283366-b4cb-4292-9700-035af96dce65"}, {"data": [{"userDefined": false, "text": "Are there lower division courses offered in "}, {"meta": "@QUARTER", "alias": "QUARTER", "userDefined": false, "text": "Autumn"}, {"userDefined": false, "text": " quarter?"}], "isTemplate": false, "count": 0, "id": "bc0d618a-4cc2-4ef0-a638-a9bafe64415a"}, {"data": [{"userDefined": false, "text": "Does "}, {"meta": "@QUARTER", "alias": "QUARTER", "userDefined": false, "text": "Spring"}, {"userDefined": false, "text": " offer any lower division courses?"}], "isTemplate": false, "count": 0, "id": "58ffecc4-e95a-4fc0-afc0-af128edc005b"}]