[{"data": [{"userDefined": false, "text": "Does "}, {"meta": "@QUARTER", "alias": "QUARTER", "userDefined": false, "text": "Winter"}, {"userDefined": false, "text": " offer any upper division classes?"}], "isTemplate": false, "count": 0, "id": "f06c49c9-727b-493b-9683-37394c9f7c70"}, {"data": [{"userDefined": false, "text": "Are there upper division courses offered in the "}, {"meta": "@QUARTER", "alias": "QUARTER", "userDefined": false, "text": "Summer"}, {"userDefined": false, "text": "?"}], "isTemplate": false, "count": 0, "id": "d48e4e15-b60f-4c9c-b285-7051b77897ec"}, {"data": [{"userDefined": false, "text": "Are upper division courses offered in "}, {"meta": "@QUARTER", "alias": "QUARTER", "userDefined": false, "text": "Summer"}, {"userDefined": false, "text": "?"}], "isTemplate": false, "count": 0, "id": "bb1c1d1e-51a1-4015-b6f8-fa071103e6f8"}, {"data": [{"userDefined": false, "text": "Are there any upper division courses offered in "}, {"meta": "@QUARTER", "alias": "QUARTER", "userDefined": false, "text": "Fall"}, {"userDefined": false, "text": " quarter"}], "isTemplate": false, "count": 0, "id": "540fcd0f-7994-4e25-99ba-534ab8534802"}, {"data": [{"userDefined": false, "text": "Does "}, {"meta": "@QUARTER", "alias": "QUARTER", "userDefined": false, "text": "Spring"}, {"userDefined": false, "text": " offer any upper division courses?"}], "isTemplate": false, "count": 0, "id": "6515debd-f9a0-4849-8a8a-41323774cac7"}]