[{"data": [{"userDefined": false, "text": "Which quarter typically offers the most "}, {"meta": "@COURSE_LEVEL", "alias": "COURSE_LEVEL", "userDefined": false, "text": "three hundred"}, {"userDefined": false, "text": " courses?"}], "isTemplate": false, "count": 0, "id": "105a2fff-2c3f-45c7-bfa4-09206226f0aa"}, {"data": [{"userDefined": false, "text": "Which quarter typically offers the most "}, {"meta": "@COURSE_LEVEL", "alias": "COURSE_LEVEL", "userDefined": false, "text": "two hundred"}, {"userDefined": false, "text": " classes?"}], "isTemplate": false, "count": 0, "id": "e423649b-f1db-4abf-89bb-a8f7b18eea5e"}, {"data": [{"userDefined": false, "text": "In what term are the most "}, {"meta": "@COURSE_LEVEL", "alias": "COURSE_LEVEL", "userDefined": false, "text": "100"}, {"userDefined": false, "text": " classes offered?"}], "isTemplate": false, "count": 0, "id": "c6e8dde0-9641-48d0-8976-b28d46f57fdf"}, {"data": [{"userDefined": false, "text": "In what term are the most "}, {"meta": "@COURSE_LEVEL", "alias": "COURSE_LEVEL", "userDefined": false, "text": "100"}, {"userDefined": false, "text": " courses offered?"}], "isTemplate": false, "count": 0, "id": "5b1ff7a4-74cf-4d22-ad42-fb011d81dc18"}, {"data": [{"userDefined": false, "text": "When are the most "}, {"meta": "@COURSE_LEVEL", "alias": "COURSE_LEVEL", "userDefined": false, "text": "two hundred"}, {"userDefined": false, "text": " classes offered?"}], "isTemplate": false, "count": 0, "id": "5605fc5a-6c71-4f9e-83b5-198838234478"}, {"data": [{"userDefined": false, "text": "When are the most "}, {"meta": "@COURSE_LEVEL", "alias": "COURSE_LEVEL", "userDefined": false, "text": "100"}, {"userDefined": false, "text": " courses offered?"}], "isTemplate": false, "count": 0, "id": "c0e1171a-b49c-4095-8330-8b32281e17dd"}, {"data": [{"userDefined": false, "text": "Which term typically offers the most "}, {"meta": "@COURSE_LEVEL", "alias": "COURSE_LEVEL", "userDefined": false, "text": "three hundred"}, {"userDefined": false, "text": " level courses?"}], "isTemplate": false, "count": 0, "id": "1f3639d7-6efa-4df1-8ab2-657271e6b7fb"}]