[{"data": [{"userDefined": false, "text": "Which term usually has the most course variety?"}], "isTemplate": false, "count": 0, "id": "a90b5c57-ce69-4489-911b-8210ec98c188"}, {"data": [{"userDefined": false, "text": "Which term offers the most class variety?"}], "isTemplate": false, "count": 0, "id": "d29c2418-c9f9-45f6-b3b1-b2154f3f02d3"}, {"data": [{"userDefined": false, "text": "Which term has the most class variety?"}], "isTemplate": false, "count": 0, "id": "4eee9e75-231c-4178-9508-3e71af93acb8"}, {"data": [{"userDefined": false, "text": "Which quarter typically offers the most course variety?"}], "isTemplate": false, "count": 0, "id": "4eb4ff82-5346-4080-9491-51b2ad8546da"}, {"data": [{"userDefined": false, "text": "Which quarter usually has the most course variety?"}], "isTemplate": false, "count": 0, "id": "a8bf54be-8db1-417d-887a-4fac2dc85753"}, {"data": [{"userDefined": false, "text": "Which quarter offers the most class variety?"}], "isTemplate": false, "count": 0, "id": "1e0f048f-4cc7-44b8-9666-2297c94e6d4b"}, {"data": [{"userDefined": false, "text": "Which quarter has the most class variety?"}], "isTemplate": false, "count": 0, "id": "5a2a8e8b-e7c6-433d-ad23-0acfb9355bb4"}, {"data": [{"userDefined": false, "text": "Which term typically offers the most course variety?"}], "isTemplate": false, "count": 0, "id": "533f3646-30a2-4862-b580-df42b8e5e37f"}]