[{"data": [{"userDefined": false, "text": "Which lower division classes are offered in "}, {"meta": "@QUARTER", "alias": "QUARTER", "userDefined": false, "text": "Winter"}, {"userDefined": false, "text": "?"}], "isTemplate": false, "count": 0, "id": "be88f985-7272-4e02-814a-274fc04c0fae"}, {"data": [{"userDefined": false, "text": "Which lower division courses are offered in "}, {"meta": "@QUARTER", "alias": "QUARTER", "userDefined": false, "text": "Winter"}, {"userDefined": false, "text": " quarter?"}], "isTemplate": false, "count": 0, "id": "b7983866-2b04-4bc8-a01b-384c125c058b"}, {"data": [{"userDefined": false, "text": "Which lower division courses are offered in the "}, {"meta": "@QUARTER", "alias": "QUARTER", "userDefined": false, "text": "Autumn"}, {"userDefined": false, "text": "?"}], "isTemplate": false, "count": 0, "id": "8eab17f3-a53f-411f-80e9-fbf54ebe0469"}, {"data": [{"userDefined": false, "text": "What lower division classes are offered in "}, {"meta": "@QUARTER", "alias": "QUARTER", "userDefined": false, "text": "Spring"}, {"userDefined": false, "text": "?"}], "isTemplate": false, "count": 0, "id": "c392d9fd-0855-4ee1-be51-d5592ac46cc3"}, {"data": [{"userDefined": false, "text": "What lower division classes are available in the "}, {"meta": "@QUARTER", "alias": "QUARTER", "userDefined": false, "text": "Summer"}, {"userDefined": false, "text": "?"}], "isTemplate": false, "count": 0, "id": "e3c06aaf-c7ac-4986-b02d-b134ef3fdbff"}, {"data": [{"userDefined": false, "text": "Which lower division courses are offered in "}, {"meta": "@QUARTER", "alias": "QUARTER", "userDefined": false, "text": "Winter"}, {"userDefined": false, "text": "?"}], "isTemplate": false, "count": 0, "id": "9ffd5572-5f0c-4fed-9ce0-26a656b93bc3"}]