[{"data": [{"userDefined": false, "text": "Are "}, {"meta": "@COURSE_LEVEL", "alias": "COURSE_LEVEL", "userDefined": false, "text": "100"}, {"userDefined": false, "text": " classes are offered in "}, {"meta": "@QUARTER", "alias": "QUARTER", "userDefined": false, "text": "Autumn"}, {"userDefined": false, "text": "?"}], "isTemplate": false, "count": 0, "id": "56adb474-733b-4cb1-957c-8fda22b1ccbe"}, {"data": [{"userDefined": false, "text": "Are "}, {"meta": "@COURSE_LEVEL", "alias": "COURSE_LEVEL", "userDefined": false, "text": "two hundred"}, {"userDefined": false, "text": " courses are offered in the "}, {"meta": "@QUARTER", "alias": "QUARTER", "userDefined": false, "text": "Spring"}, {"userDefined": false, "text": "?"}], "isTemplate": false, "count": 0, "id": "9578a7b0-780e-4c9e-a7ac-dcc5b90ba73e"}, {"data": [{"userDefined": false, "text": "Are "}, {"meta": "@COURSE_LEVEL", "alias": "COURSE_LEVEL", "userDefined": false, "text": "100"}, {"userDefined": false, "text": " courses are offered in "}, {"meta": "@QUARTER", "alias": "QUARTER", "userDefined": false, "text": "Spring"}, {"userDefined": false, "text": " quarter?"}], "isTemplate": false, "count": 0, "id": "ae1e5c32-8a50-4081-9343-514430af8382"}, {"data": [{"userDefined": false, "text": "In "}, {"meta": "@QUARTER", "alias": "QUARTER", "userDefined": false, "text": "Spring"}, {"userDefined": false, "text": " quarter, are "}, {"meta": "@COURSE_LEVEL", "alias": "COURSE_LEVEL", "userDefined": false, "text": "three hundred"}, {"userDefined": false, "text": " classes are offered?"}], "isTemplate": false, "count": 0, "id": "1a7a64ba-4d77-4875-b9cb-6586abafc3a8"}, {"data": [{"userDefined": false, "text": "Are "}, {"meta": "@COURSE_LEVEL", "alias": "COURSE_LEVEL", "userDefined": false, "text": "three hundred"}, {"userDefined": false, "text": " classes are available in "}, {"meta": "@QUARTER", "alias": "QUARTER", "userDefined": false, "text": "Winter"}, {"userDefined": false, "text": "?"}], "isTemplate": false, "count": 0, "id": "e98bb93c-1d4c-419c-8d0f-1ddfe9ad127b"}, {"data": [{"userDefined": false, "text": "Are "}, {"meta": "@COURSE_LEVEL", "alias": "COURSE_LEVEL", "userDefined": false, "text": "one hundred"}, {"userDefined": false, "text": " courses are available in the "}, {"meta": "@QUARTER", "alias": "QUARTER", "userDefined": false, "text": "Spring"}, {"userDefined": false, "text": "?"}], "isTemplate": false, "count": 0, "id": "416f829b-bbcd-4fde-906f-07c1fd75d3ad"}, {"data": [{"userDefined": false, "text": "Are "}, {"meta": "@COURSE_LEVEL", "alias": "COURSE_LEVEL", "userDefined": false, "text": "three hundred"}, {"userDefined": false, "text": " courses are available in "}, {"meta": "@QUARTER", "alias": "QUARTER", "userDefined": false, "text": "Winter"}, {"userDefined": false, "text": " quarter?"}], "isTemplate": false, "count": 0, "id": "c49c0143-fa9c-4ff4-8826-7fe1d4150d43"}, {"data": [{"userDefined": false, "text": "In "}, {"meta": "@QUARTER", "alias": "QUARTER", "userDefined": false, "text": "Spring"}, {"userDefined": false, "text": " quarter, are "}, {"meta": "@COURSE_LEVEL", "alias": "COURSE_LEVEL", "userDefined": false, "text": "two hundred"}, {"userDefined": false, "text": " classes are available?"}], "isTemplate": false, "count": 0, "id": "2d875b3d-b40e-47b0-8a47-d39b94b5f190"}, {"data": [{"userDefined": false, "text": "Does "}, {"meta": "@QUARTER", "alias": "QUARTER", "userDefined": false, "text": "Winter"}, {"userDefined": false, "text": " offer any "}, {"meta": "@COURSE_LEVEL", "alias": "COURSE_LEVEL", "userDefined": false, "text": "100"}, {"userDefined": false, "text": " courses?"}], "isTemplate": false, "count": 0, "id": "54e95051-8ed2-46a3-be78-9bc0d0cfa6fd"}]