[{"data": [{"userDefined": false, "text": "Which upper division classes are offered in "}, {"meta": "@QUARTER", "alias": "QUARTER", "userDefined": false, "text": "Summer"}, {"userDefined": false, "text": "?"}], "isTemplate": false, "count": 0, "id": "f894d6b7-3af7-48d7-b799-6c7652e3545c"}, {"data": [{"userDefined": false, "text": "Which upper division courses are offered in the "}, {"meta": "@QUARTER", "alias": "QUARTER", "userDefined": false, "text": "Spring"}, {"userDefined": false, "text": "?"}], "isTemplate": false, "count": 0, "id": "05cc9c0f-2980-497b-b172-6c537e1eaf99"}, {"data": [{"userDefined": false, "text": "In "}, {"meta": "@QUARTER", "alias": "QUARTER", "userDefined": false, "text": "Spring"}, {"userDefined": false, "text": ", what upper division classes are offered?"}], "isTemplate": false, "count": 0, "id": "05b5acc4-0aba-486c-9048-b76aa14a3061"}, {"data": [{"userDefined": false, "text": "What upper division classes are offered in "}, {"meta": "@QUARTER", "alias": "QUARTER", "userDefined": false, "text": "Winter"}, {"userDefined": false, "text": " quarter?"}], "isTemplate": false, "count": 0, "id": "8ac24197-c3d2-4ba6-b736-7c2c48ed261a"}, {"data": [{"userDefined": false, "text": "Which upper division courses are offered in "}, {"meta": "@QUARTER", "alias": "QUARTER", "userDefined": false, "text": "Summer"}, {"userDefined": false, "text": "?"}], "isTemplate": false, "count": 0, "id": "2d3daef3-f28c-4b75-a282-51a0470bf89f"}]