[{"data": [{"userDefined": false, "text": "Which quarter typically offers the least "}, {"meta": "@COURSE_LEVEL", "alias": "COURSE_LEVEL", "userDefined": false, "text": "two hundred"}, {"userDefined": false, "text": " courses?"}], "isTemplate": false, "count": 0, "id": "c1a473f8-c5f9-4893-aada-fede0c37b9bd"}, {"data": [{"userDefined": false, "text": "Which quarter typically offers the least "}, {"meta": "@COURSE_LEVEL", "alias": "COURSE_LEVEL", "userDefined": false, "text": "one hundred"}, {"userDefined": false, "text": " classes?"}], "isTemplate": false, "count": 0, "id": "a18ea73d-c106-4317-9122-c388d0a51319"}, {"data": [{"userDefined": false, "text": "In what term are the least "}, {"meta": "@COURSE_LEVEL", "alias": "COURSE_LEVEL", "userDefined": false, "text": "three hundred"}, {"userDefined": false, "text": " classes offered?"}], "isTemplate": false, "count": 0, "id": "6494d633-8970-49a1-b245-72c5cff10ff0"}, {"data": [{"userDefined": false, "text": "In what term are the least "}, {"meta": "@COURSE_LEVEL", "alias": "COURSE_LEVEL", "userDefined": false, "text": "one hundred"}, {"userDefined": false, "text": " courses offered?"}], "isTemplate": false, "count": 0, "id": "f906384c-6e9b-4d78-b767-65fc3afd67e4"}, {"data": [{"userDefined": false, "text": "When are the least "}, {"meta": "@COURSE_LEVEL", "alias": "COURSE_LEVEL", "userDefined": false, "text": "three hundred"}, {"userDefined": false, "text": " classes offered?"}], "isTemplate": false, "count": 0, "id": "1e535736-3979-49e2-a6c6-bbe9741b64f5"}, {"data": [{"userDefined": false, "text": "When are the least "}, {"meta": "@COURSE_LEVEL", "alias": "COURSE_LEVEL", "userDefined": false, "text": "100"}, {"userDefined": false, "text": " courses offered?"}], "isTemplate": false, "count": 0, "id": "21477999-969e-43a8-b119-32a530733453"}, {"data": [{"userDefined": false, "text": "Which term typically offers the least "}, {"meta": "@COURSE_LEVEL", "alias": "COURSE_LEVEL", "userDefined": false, "text": "100"}, {"userDefined": false, "text": " level courses?"}], "isTemplate": false, "count": 0, "id": "380b0b15-8e54-4621-bdf1-1a7bdea30fae"}]