[{"data": [{"userDefined": false, "text": "Which term usually offers the least course variety?"}], "isTemplate": false, "count": 0, "id": "8b201feb-0b22-4f94-a41a-3c35ae0972db"}, {"data": [{"userDefined": false, "text": "Which quarter typically offers very little course variety?"}], "isTemplate": false, "count": 0, "id": "85259b52-05ee-4542-b906-321eec690524"}, {"data": [{"userDefined": false, "text": "Which term typically offers the least class variety?"}], "isTemplate": false, "count": 0, "id": "40f10aff-2fe2-4c07-9ba7-17460b86511a"}, {"data": [{"userDefined": false, "text": "Which term usually offers the least class variety?"}], "isTemplate": false, "count": 0, "id": "fb400c0f-ec15-46f3-8d45-bc1707e5a6d1"}, {"data": [{"userDefined": false, "text": "Which quarter has the least class variety?"}], "isTemplate": false, "count": 0, "id": "4e191546-34df-4eee-89fb-a452124581e6"}, {"data": [{"userDefined": false, "text": "Which quarter has the least course variety?"}], "isTemplate": false, "count": 0, "id": "8f93a43f-4d0e-49ca-96d1-2218a1669088"}, {"data": [{"userDefined": false, "text": "Which term typically offers the least course variety?"}], "isTemplate": false, "count": 0, "id": "0f6f336e-2c10-4ee8-b240-6befc516cc3d"}]