[{"data": [{"userDefined": false, "text": "What subjects do people tend to study with "}, {"meta": "@SUBJECT_MATTER", "alias": "SUBJECT_MATTER", "userDefined": false, "text": "algorithm language"}, {"userDefined": false, "text": "?"}], "isTemplate": false, "count": 0, "id": "275a8a63-6ab5-45be-819a-12e13273a8a8"}, {"data": [{"userDefined": false, "text": "What subjects do people tend to study alongside "}, {"meta": "@SUBJECT_MATTER", "alias": "SUBJECT_MATTER", "userDefined": false, "text": "visualization"}, {"userDefined": false, "text": "?"}], "isTemplate": false, "count": 0, "id": "81faaeb7-2222-4164-8be7-20764dee114c"}, {"data": [{"userDefined": false, "text": "What subjects do students tend to study with "}, {"meta": "@SUBJECT_MATTER", "alias": "SUBJECT_MATTER", "userDefined": false, "text": "testing technique"}, {"userDefined": false, "text": "?"}], "isTemplate": false, "count": 0, "id": "dfcf2731-f3de-4146-8014-a9ca18d6cb79"}, {"data": [{"userDefined": false, "text": "What are some subjects alongside "}, {"meta": "@SUBJECT_MATTER", "alias": "SUBJECT_MATTER", "userDefined": false, "text": "integration testing"}, {"userDefined": false, "text": " that students tend to study?"}], "isTemplate": false, "count": 0, "id": "cd777549-1528-4860-b2b6-296736f53513"}, {"data": [{"userDefined": false, "text": "Are there any subjects that are commonly studied with "}, {"meta": "@SUBJECT_MATTER", "alias": "SUBJECT_MATTER", "userDefined": false, "text": "business"}, {"userDefined": false, "text": "?"}], "isTemplate": false, "count": 0, "id": "0ee36b4b-92da-419f-83be-48c218337526"}, {"data": [{"userDefined": false, "text": "What subjects are also commonly studied with "}, {"meta": "@SUBJECT_MATTER", "alias": "SUBJECT_MATTER", "userDefined": false, "text": "group project"}, {"userDefined": false, "text": "?"}], "isTemplate": false, "count": 0, "id": "befe2b4f-1bcf-424b-b973-271f55af3dcd"}]