[{"data": [{"userDefined": false, "text": "What classes can I take in "}, {"meta": "@QUARTER", "alias": "QUARTER", "userDefined": false, "text": "Fall"}, {"userDefined": false, "text": "?"}], "isTemplate": false, "count": 0, "id": "933d431d-a1ff-4d36-969f-8975004ee630"}, {"data": [{"userDefined": false, "text": "What classes are offered during the "}, {"meta": "@QUARTER", "alias": "QUARTER", "userDefined": false, "text": "Fall"}, {"userDefined": false, "text": "?"}], "isTemplate": false, "count": 0, "id": "33787431-403c-40da-ae12-2831e3d3d331"}, {"data": [{"userDefined": false, "text": "What courses can I take in "}, {"meta": "@QUARTER", "alias": "QUARTER", "userDefined": false, "text": "Winter"}, {"userDefined": false, "text": "?"}], "isTemplate": false, "count": 0, "id": "09457c8b-dcd4-432b-972d-d2b8ff2e59a4"}, {"data": [{"userDefined": false, "text": "What courses are offered during the "}, {"meta": "@QUARTER", "alias": "QUARTER", "userDefined": false, "text": "Winter"}, {"userDefined": false, "text": "?"}], "isTemplate": false, "count": 0, "id": "68ea2a2c-c68f-457e-ad11-b5f1cd312714"}, {"data": [{"userDefined": false, "text": "What can I take in "}, {"meta": "@QUARTER", "alias": "QUARTER", "userDefined": false, "text": "Summer"}, {"userDefined": false, "text": "?"}], "isTemplate": false, "count": 0, "id": "6e7ac1e5-f67d-44e5-916d-fc3e174c5432"}, {"data": [{"userDefined": false, "text": "What can I take in the "}, {"meta": "@QUARTER", "alias": "QUARTER", "userDefined": false, "text": "Spring"}, {"userDefined": false, "text": "?"}], "isTemplate": false, "count": 0, "id": "5b0e991f-7e2d-47fa-b581-4d48df775c8e"}, {"data": [{"userDefined": false, "text": "What can I take during the "}, {"meta": "@QUARTER", "alias": "QUARTER", "userDefined": false, "text": "Summer"}, {"userDefined": false, "text": "?"}], "isTemplate": false, "count": 0, "id": "7988654a-124b-4f57-868b-95f6a0fb9217"}, {"data": [{"userDefined": false, "text": "Which classes are offered in "}, {"meta": "@QUARTER", "alias": "QUARTER", "userDefined": false, "text": "Spring"}, {"userDefined": false, "text": "?"}], "isTemplate": false, "count": 0, "id": "5fa915ae-ba7f-456f-b5a2-9296b53b85c3"}]