[{"data": [{"userDefined": false, "text": "What is the class code for "}, {"meta": "@CLASS_NAME", "alias": "CLASS_NAME", "userDefined": false, "text": "introduction-to software engineering"}, {"userDefined": false, "text": "?"}], "isTemplate": false, "count": 0, "id": "37c8b570-b451-4403-bfc8-7cb89336f0ed"}, {"data": [{"userDefined": false, "text": "What code does "}, {"meta": "@CLASS_NAME", "alias": "CLASS_NAME", "userDefined": false, "text": "CSC 323"}, {"userDefined": false, "text": " have?"}], "isTemplate": false, "count": 0, "id": "abedd99d-d302-42a2-899f-e22a63966369"}, {"data": [{"userDefined": false, "text": "What is "}, {"meta": "@CLASS_NAME", "alias": "CLASS_NAME", "userDefined": false, "text": "project-based object-oriented programming-and design"}, {"userDefined": false, "text": "'s course code?"}], "isTemplate": false, "count": 0, "id": "ac6e91c3-20f2-467f-9f97-87b7e6f392a1"}, {"data": [{"userDefined": false, "text": "Which course code is "}, {"meta": "@CLASS_NAME", "alias": "CLASS_NAME", "userDefined": false, "text": "CSC 593"}, {"userDefined": false, "text": "?"}], "isTemplate": false, "count": 0, "id": "d169bcc3-cc63-46e3-b081-b3a2269e6c7d"}, {"data": [{"userDefined": false, "text": "What is the course code for "}, {"meta": "@CLASS_NAME", "alias": "CLASS_NAME", "userDefined": false, "text": "CSC 540"}, {"userDefined": false, "text": "?"}], "isTemplate": false, "count": 0, "id": "2536497b-7e81-4b1f-8696-4e67de2eba30"}]