[{"data": [{"userDefined": false, "text": "What is "}, {"meta": "@CLASS_NAME", "alias": "CLASS_NAME", "userDefined": false, "text": "CSC 497"}, {"userDefined": false, "text": " called?"}], "isTemplate": false, "count": 0, "id": "92dad24e-1c08-40d5-83c0-8b2980140f24"}, {"data": [{"userDefined": false, "text": "What is "}, {"meta": "@CLASS_NAME", "alias": "CLASS_NAME", "userDefined": false, "text": "computing-for interactive arts capstone i"}, {"userDefined": false, "text": "'s name?"}], "isTemplate": false, "count": 0, "id": "121ef8b0-c7ef-46d1-908a-38233c55b49e"}, {"data": [{"userDefined": false, "text": "What name does "}, {"meta": "@CLASS_NAME", "alias": "CLASS_NAME", "userDefined": false, "text": "topics-in advanced data mining"}, {"userDefined": false, "text": " have?"}], "isTemplate": false, "count": 0, "id": "738880d9-abc3-47d6-b91d-9cca8910386a"}, {"data": [{"userDefined": false, "text": "What class name is "}, {"meta": "@CLASS_NAME", "alias": "CLASS_NAME", "userDefined": false, "text": "directed study"}, {"userDefined": false, "text": "?"}], "isTemplate": false, "count": 0, "id": "6d8830d9-1c6d-40d2-b5f0-ce0108b1b671"}, {"data": [{"userDefined": false, "text": "What is another name for "}, {"meta": "@CLASS_NAME", "alias": "CLASS_NAME", "userDefined": false, "text": "current topics-in computer security"}, {"userDefined": false, "text": "?"}], "isTemplate": false, "count": 0, "id": "256ec4e8-c733-40fb-95b3-ce57c29e765e"}, {"data": [{"userDefined": false, "text": "What name do people also call "}, {"meta": "@CLASS_NAME", "alias": "CLASS_NAME", "userDefined": false, "text": "artificial intelligence"}, {"userDefined": false, "text": "?"}], "isTemplate": false, "count": 0, "id": "7156ed21-52e5-4de4-b70f-38b80debea07"}, {"data": [{"userDefined": false, "text": "What is "}, {"meta": "@CLASS_NAME", "alias": "CLASS_NAME", "userDefined": false, "text": "CSC 357"}, {"userDefined": false, "text": " also named as?"}], "isTemplate": false, "count": 0, "id": "69244fa1-b116-48ce-add2-19c1aab96e0a"}, {"data": [{"userDefined": false, "text": "What is "}, {"meta": "@CLASS_NAME", "alias": "CLASS_NAME", "userDefined": false, "text": "discrete structures"}, {"userDefined": false, "text": " also called?"}], "isTemplate": false, "count": 0, "id": "707212f9-2044-4ece-ae12-bdfbfbd3d5b3"}, {"data": [{"userDefined": false, "text": "What name is also given to "}, {"meta": "@CLASS_NAME", "alias": "CLASS_NAME", "userDefined": false, "text": "introduction-to computer organization"}, {"userDefined": false, "text": "?"}], "isTemplate": false, "count": 0, "id": "16857d62-40c6-42f6-940f-208ed38f0643"}, {"data": [{"userDefined": false, "text": "What is the name of "}, {"meta": "@CLASS_NAME", "alias": "CLASS_NAME", "userDefined": false, "text": "CSC 225"}, {"userDefined": false, "text": "?"}], "isTemplate": false, "count": 0, "id": "331c9e6e-3ea7-4dac-9668-405d2591798b"}]