[{"data": [{"userDefined": false, "text": "What quarter is "}, {"meta": "@CLASS_NAME", "alias": "CLASS_NAME", "userDefined": false, "text": "topics-in advanced data mining"}, {"userDefined": false, "text": " mostly taken in?"}], "isTemplate": false, "count": 0, "id": "733fb990-932d-4223-940f-8954fd1931c9"}, {"data": [{"userDefined": false, "text": "What quarter is "}, {"meta": "@CLASS_NAME", "alias": "CLASS_NAME", "userDefined": false, "text": "fundamentals-of computer science i supplemental instruction"}, {"userDefined": false, "text": " taken most frequently in?"}], "isTemplate": false, "count": 0, "id": "6bfaa8f9-75f4-4aa5-80e1-f275046d9e37"}, {"data": [{"userDefined": false, "text": "When do students usually take "}, {"meta": "@CLASS_NAME", "alias": "CLASS_NAME", "userDefined": false, "text": "selected topics"}, {"userDefined": false, "text": "?"}], "isTemplate": false, "count": 0, "id": "b6b08211-05f0-4381-af25-b681b054dac4"}, {"data": [{"userDefined": false, "text": "What is the most common quarter to take "}, {"meta": "@CLASS_NAME", "alias": "CLASS_NAME", "userDefined": false, "text": "CSC 123"}, {"userDefined": false, "text": "?"}], "isTemplate": false, "count": 0, "id": "b5c77a60-4426-4c0b-8f6c-57e3181e549f"}, {"data": [{"userDefined": false, "text": "When should I take "}, {"meta": "@CLASS_NAME", "alias": "CLASS_NAME", "userDefined": false, "text": "CSC 202"}, {"userDefined": false, "text": "?"}], "isTemplate": false, "count": 0, "id": "126e93fc-d0c9-48f1-b9da-7f60f5f1cfc2"}, {"data": [{"userDefined": false, "text": "When is most common to take "}, {"meta": "@CLASS_NAME", "alias": "CLASS_NAME", "userDefined": false, "text": "senior project i"}, {"userDefined": false, "text": "?"}], "isTemplate": false, "count": 0, "id": "9ebf79fc-8aef-461b-a804-bbe9f7c3ed4d"}, {"data": [{"userDefined": false, "text": "Which quarter should I take "}, {"meta": "@CLASS_NAME", "alias": "CLASS_NAME", "userDefined": false, "text": "CSC 301"}, {"userDefined": false, "text": " in?"}], "isTemplate": false, "count": 0, "id": "76dea24f-bc51-4b3e-842d-20f8191b093d"}, {"data": [{"userDefined": false, "text": "When do most people take "}, {"meta": "@CLASS_NAME", "alias": "CLASS_NAME", "userDefined": false, "text": "CSC 310"}, {"userDefined": false, "text": "?"}], "isTemplate": false, "count": 0, "id": "d3347fae-5280-4f16-8e63-4dd24ed26241"}]