[{"data": [{"userDefined": false, "text": "Which courses have no prerequisites?"}], "isTemplate": false, "count": 0, "id": "9822779b-2b8d-4444-865d-a0e2f061588d"}, {"data": [{"userDefined": false, "text": "Which classes have no prereqs?"}], "isTemplate": false, "count": 0, "id": "1ba6c6ee-caae-4a48-ab80-ac8f30e82686"}, {"data": [{"userDefined": false, "text": "Which classes do not require prerequisites?"}], "isTemplate": false, "count": 0, "id": "2c537516-00d3-4a6a-9b57-c3fcdb08eec2"}, {"data": [{"userDefined": false, "text": "Which classes are there no prerequisites?"}], "isTemplate": false, "count": 0, "id": "5215e5a7-1826-4eaf-b5f9-9bf6c42695e2"}, {"data": [{"userDefined": false, "text": "Which classes have no prerequisites?"}], "isTemplate": false, "count": 0, "id": "f139403c-1926-4da8-a0fd-31ce730a411d"}]