[{"data": [{"userDefined": false, "text": "Which courses have "}, {"meta": "@CLASS_NAME", "alias": "CLASS_NAME", "userDefined": false, "text": "CSC 323"}, {"userDefined": false, "text": " as a prerequisite?"}], "isTemplate": false, "count": 0, "id": "7013b536-9543-4e0c-9a9f-53d40e5027f1"}, {"data": [{"userDefined": false, "text": "Which classes have "}, {"meta": "@CLASS_NAME", "alias": "CLASS_NAME", "userDefined": false, "text": "software engineering i"}, {"userDefined": false, "text": " as a prereq?"}], "isTemplate": false, "count": 0, "id": "d06fb902-28a5-4a39-b81e-3a0309091b6f"}, {"data": [{"userDefined": false, "text": "Which classes require "}, {"meta": "@CLASS_NAME", "alias": "CLASS_NAME", "userDefined": false, "text": "CSC 572"}, {"userDefined": false, "text": " as a prereq?"}], "isTemplate": false, "count": 0, "id": "13197759-f2ec-412d-84a5-34ae8ca1710c"}, {"data": [{"userDefined": false, "text": "Which classes have as a prequisite "}, {"meta": "@CLASS_NAME", "alias": "CLASS_NAME", "userDefined": false, "text": "CSC 369"}, {"userDefined": false, "text": "?"}], "isTemplate": false, "count": 0, "id": "ebfcc9c9-bc55-4863-b4a9-f78127d1b05e"}, {"data": [{"userDefined": false, "text": "Which classes have as a preq "}, {"meta": "@CLASS_NAME", "alias": "CLASS_NAME", "userDefined": false, "text": "CSC 521"}, {"userDefined": false, "text": "?"}], "isTemplate": false, "count": 0, "id": "2eb71fcd-c984-412f-b919-090bd5a3f332"}, {"data": [{"userDefined": false, "text": "Which classes have "}, {"meta": "@CLASS_NAME", "alias": "CLASS_NAME", "userDefined": false, "text": "CSC 422"}, {"userDefined": false, "text": " as a prerequisite?"}], "isTemplate": false, "count": 0, "id": "cc809ec2-c9f0-4f9d-8325-663c29849cad"}]