[{"data": [{"userDefined": false, "text": "Which courses require consent of instructor?"}], "isTemplate": false, "count": 0, "id": "eb997e32-ef25-4f8f-8baf-609a7d0c4965"}, {"data": [{"userDefined": false, "text": "Which classes require the consent of the instructor?"}], "isTemplate": false, "count": 0, "id": "48634160-a0bd-4ac3-a412-e7435fa618d4"}, {"data": [{"userDefined": false, "text": "What classes require instructor's consent?"}], "isTemplate": false, "count": 0, "id": "6079d2c2-bfd1-49a8-b313-337b821a0191"}, {"data": [{"userDefined": false, "text": "What are the classes that need instructor's consent?"}], "isTemplate": false, "count": 0, "id": "655aceac-8701-4b09-83e5-689dacff80e9"}, {"data": [{"userDefined": false, "text": "What classes need instructor's consent?"}], "isTemplate": false, "count": 0, "id": "9a2f181b-9934-4c3d-a2a1-7da7d9d6d2fc"}, {"data": [{"userDefined": false, "text": "What classes need the consent of the instructor?"}], "isTemplate": false, "count": 0, "id": "659e9cb3-3a1f-4493-a04e-99cc54af457d"}, {"data": [{"userDefined": false, "text": "Which classes require consent of instructor?"}], "isTemplate": false, "count": 0, "id": "f19c6998-8670-4ff2-95a6-86be91ec6492"}]