[{"data": [{"userDefined": false, "text": "What classes are rarely offered?"}], "isTemplate": false, "count": 0, "id": "c401bd68-54bf-454b-ac62-417e8e6d5451"}, {"data": [{"userDefined": false, "text": "Which classes are hard to get?"}], "isTemplate": false, "count": 0, "id": "f4ca2a5d-ea4f-4e31-aeeb-b797bf884f34"}, {"data": [{"userDefined": false, "text": "Which classes rare?"}], "isTemplate": false, "count": 0, "id": "27121edf-eeef-4fb2-b4e3-a4f748be0569"}, {"data": [{"userDefined": false, "text": "Which classes aren't offered often?"}], "isTemplate": false, "count": 0, "id": "34174af7-0b93-482d-b9d3-29d8364a0b93"}, {"data": [{"userDefined": false, "text": "What courses are rarely offered?"}], "isTemplate": false, "count": 0, "id": "3ee3276c-07a7-4243-8e57-9749228e70eb"}, {"data": [{"userDefined": false, "text": "Which courses are hard to get?"}], "isTemplate": false, "count": 0, "id": "54b361c1-8eeb-49be-bb85-2b887c9eaec6"}, {"data": [{"userDefined": false, "text": "Which courses rare?"}], "isTemplate": false, "count": 0, "id": "92b7bc96-143c-4d37-83f3-9c5fc5f34868"}, {"data": [{"userDefined": false, "text": "Which courses aren't offered often?"}], "isTemplate": false, "count": 0, "id": "92e7616a-0ef9-478e-91b4-899f2d7caffe"}, {"data": [{"userDefined": false, "text": "Which classes are rarely offered?"}], "isTemplate": false, "count": 0, "id": "476b8ae6-4fe2-4cb2-b550-6cc8c332cb56"}]