[{"count": 0, "data": [{"userDefined": false, "text": "Do I need a C or better in "}, {"userDefined": false, "meta": "@CLASS_NAME", "alias": "CLASS_NAME", "text": "CSC 481"}, {"userDefined": false, "text": " to take any other courses?"}], "isTemplate": false, "id": "6a6d081d-4729-4603-afc9-fc958321b0c4"}, {"count": 0, "data": [{"userDefined": false, "text": "Do I need at least a C- in "}, {"userDefined": false, "meta": "@CLASS_NAME", "alias": "CLASS_NAME", "text": "research-in computer science ii"}, {"userDefined": false, "text": " to take other courses?"}], "isTemplate": false, "id": "0a7f61aa-f3e9-4068-a84a-a358e2353f48"}, {"count": 0, "data": [{"userDefined": false, "text": "Do I need at least a C in "}, {"userDefined": false, "meta": "@CLASS_NAME", "alias": "CLASS_NAME", "text": "data structures"}, {"userDefined": false, "text": " to take other courses?"}], "isTemplate": false, "id": "6822e29a-6a92-45c5-b8c5-7b5e1354f5f9"}, {"count": 0, "data": [{"userDefined": false, "text": "Is a C- needed in "}, {"userDefined": false, "meta": "@CLASS_NAME", "alias": "CLASS_NAME", "text": "CSC 482"}, {"userDefined": false, "text": " to take other classes?"}], "isTemplate": false, "id": "451efbc0-7158-411d-92f9-44249da14518"}, {"count": 0, "data": [{"userDefined": false, "text": "Is a C needed in "}, {"userDefined": false, "meta": "@CLASS_NAME", "alias": "CLASS_NAME", "text": "CSC 482"}, {"userDefined": false, "text": " to take other classes?"}], "isTemplate": false, "id": "80264aa4-92dd-4510-b35a-12ef0e42ff7f"}, {"count": 0, "data": [{"userDefined": false, "text": "Does "}, {"userDefined": false, "meta": "@CLASS_NAME", "alias": "CLASS_NAME", "text": "introduction-to operating systems"}, {"userDefined": false, "text": " require a C- or better to take any other classes?"}], "isTemplate": false, "id": "09a0fb92-889b-4faf-a552-dab540f8e224"}, {"count": 0, "data": [{"userDefined": false, "text": "Do I need a C- or better in "}, {"userDefined": false, "meta": "@CLASS_NAME", "alias": "CLASS_NAME", "text": "current topics-in computer graphics"}, {"userDefined": false, "text": " to take any other classes?"}], "isTemplate": false, "id": "39265486-7505-4ccd-8976-1b6d823952bf"}]