[{"id": "2d970cdc-2927-4607-9916-84d1f49eb272", "data": [{"text": "Which courses are two-part sequences?", "userDefined": false}], "count": 0, "isTemplate": false}, {"id": "51eabb5c-ffe4-43a9-91ff-311aac9a4171", "data": [{"text": "Which courses are two-part sequences?", "userDefined": false}], "count": 0, "isTemplate": false}, {"id": "f2914fdd-ee37-40cc-9ac3-00f2f62060eb", "data": [{"text": "Which courses are two-part sequences?", "userDefined": false}], "count": 0, "isTemplate": false}, {"id": "6794a751-c322-43a2-a3af-7f38e974a398", "data": [{"text": "Which courses are two-part sequences?", "userDefined": false}], "count": 0, "isTemplate": false}, {"id": "1f41affc-24de-4d7f-8da8-c831f7902097", "data": [{"text": "Which courses are two-part sequences?", "userDefined": false}], "count": 0, "isTemplate": false}, {"id": "58a8eecf-06ba-49cf-94a7-5b142e6cae87", "data": [{"text": "Which courses are two-part sequences?", "userDefined": false}], "count": 0, "isTemplate": false}, {"id": "23fd3c6f-e34e-46d3-a11f-661623d0135d", "data": [{"text": "Which courses are two-part sequences?", "userDefined": false}], "count": 0, "isTemplate": false}, {"id": "bf69893c-4bca-48b9-9b98-f1a259b58560", "data": [{"text": "Which courses are two-part sequences?", "userDefined": false}], "count": 0, "isTemplate": false}, {"id": "e726b9d3-d1c7-469c-a4cc-b5dbba09880b", "data": [{"text": "Which courses are two-part sequences?", "userDefined": false}], "count": 0, "isTemplate": false}, {"id": "830d0465-ad24-48c5-8064-fd7f52231414", "data": [{"text": "Which courses are two-part sequences?", "userDefined": false}], "count": 0, "isTemplate": false}, {"id": "3f1e886b-8c17-41cd-ae05-7a9e09bea619", "data": [{"text": "Which classes are usually taken in two parts?", "userDefined": false}], "count": 0, "isTemplate": false}, {"id": "379af8be-baad-4626-bdf5-d2e3a31364ff", "data": [{"text": "Which classes are usually taken in two parts?", "userDefined": false}], "count": 0, "isTemplate": false}, {"id": "cbe7a9a7-90e5-467b-8311-934a8b0102a1", "data": [{"text": "Which classes are usually taken in two parts?", "userDefined": false}], "count": 0, "isTemplate": false}, {"id": "79d97b4b-cdc9-4478-9d24-183d2e0e4cd4", "data": [{"text": "Which classes are usually taken in two parts?", "userDefined": false}], "count": 0, "isTemplate": false}, {"id": "b0350156-fc77-474e-8e79-8892fbe2cae6", "data": [{"text": "Which classes are usually taken in two parts?", "userDefined": false}], "count": 0, "isTemplate": false}, {"id": "230fa198-b9fd-4e06-aa49-42709bc992f4", "data": [{"text": "Which classes are usually taken in two parts?", "userDefined": false}], "count": 0, "isTemplate": false}, {"id": "250bf440-1db5-4972-81d6-f58f655f8c26", "data": [{"text": "Which classes are usually taken in two parts?", "userDefined": false}], "count": 0, "isTemplate": false}, {"id": "47644cbe-c14e-4878-90d7-8092625c71d1", "data": [{"text": "Which classes are usually taken in two parts?", "userDefined": false}], "count": 0, "isTemplate": false}, {"id": "e2f08bc1-1535-4a4b-8202-36e1bf713f4a", "data": [{"text": "Which classes are usually taken in two parts?", "userDefined": false}], "count": 0, "isTemplate": false}, {"id": "80491c2b-39fb-4c37-9431-d0eccaf3cbdf", "data": [{"text": "Which classes are usually taken in two parts?", "userDefined": false}], "count": 0, "isTemplate": false}, {"id": "1d49e158-553f-44e4-953f-f7050c769649", "data": [{"text": "What courses are usually taken as a two-part sequence?", "userDefined": false}], "count": 0, "isTemplate": false}, {"id": "463aa9e3-678b-43aa-8142-f981eeb32e64", "data": [{"text": "What courses are usually taken as a two-part sequence?", "userDefined": false}], "count": 0, "isTemplate": false}, {"id": "b6b54588-3e44-4cad-af8f-08d112c236cd", "data": [{"text": "What courses are usually taken as a two-part sequence?", "userDefined": false}], "count": 0, "isTemplate": false}, {"id": "84623653-6fc4-42af-a5c4-e245c69b7717", "data": [{"text": "What courses are usually taken as a two-part sequence?", "userDefined": false}], "count": 0, "isTemplate": false}, {"id": "53f4dffd-13e5-4f49-909c-525f99614220", "data": [{"text": "What courses are usually taken as a two-part sequence?", "userDefined": false}], "count": 0, "isTemplate": false}, {"id": "09afc288-2647-4c23-851d-fb281373fc96", "data": [{"text": "What courses are usually taken as a two-part sequence?", "userDefined": false}], "count": 0, "isTemplate": false}, {"id": "1ed9d218-1816-4763-abeb-5e5085f1811b", "data": [{"text": "What courses are usually taken as a two-part sequence?", "userDefined": false}], "count": 0, "isTemplate": false}, {"id": "8f7a1b0b-93d2-4272-adaa-963e98d763fb", "data": [{"text": "What courses are usually taken as a two-part sequence?", "userDefined": false}], "count": 0, "isTemplate": false}, {"id": "b6204b29-6a52-4469-9a7a-e02bb677ffe7", "data": [{"text": "What courses are usually taken as a two-part sequence?", "userDefined": false}], "count": 0, "isTemplate": false}, {"id": "1ade4f5e-2201-438f-9213-f0cb25e8631a", "data": [{"text": "What courses are usually taken as a two-part sequence?", "userDefined": false}], "count": 0, "isTemplate": false}, {"id": "2b7484ac-df32-4886-8255-a8deb2712be5", "data": [{"text": "Which courses are typically taken as two different parts?", "userDefined": false}], "count": 0, "isTemplate": false}, {"id": "b18f4f7a-0f4b-44cd-99b0-1d131ede8b35", "data": [{"text": "Which courses are typically taken as two different parts?", "userDefined": false}], "count": 0, "isTemplate": false}, {"id": "8f7bfe4f-f2e4-4cb8-b559-5165b93da595", "data": [{"text": "Which courses are typically taken as two different parts?", "userDefined": false}], "count": 0, "isTemplate": false}, {"id": "b8754a52-f006-49d9-aca2-0228f8ce5b8a", "data": [{"text": "Which courses are typically taken as two different parts?", "userDefined": false}], "count": 0, "isTemplate": false}, {"id": "619a5162-0de8-40ab-808e-efe9c4b6f9ca", "data": [{"text": "Which courses are typically taken as two different parts?", "userDefined": false}], "count": 0, "isTemplate": false}, {"id": "8680bafb-454e-4060-9260-258f00798909", "data": [{"text": "Which courses are typically taken as two different parts?", "userDefined": false}], "count": 0, "isTemplate": false}, {"id": "297fa990-65c8-4355-bac6-5cd00139dc72", "data": [{"text": "Which courses are typically taken as two different parts?", "userDefined": false}], "count": 0, "isTemplate": false}, {"id": "cc911016-0a62-48bf-87fb-ac9413f87f93", "data": [{"text": "Which courses are typically taken as two different parts?", "userDefined": false}], "count": 0, "isTemplate": false}, {"id": "2789dea5-a8fa-4edb-a000-03200b1a91ee", "data": [{"text": "Which courses are typically taken as two different parts?", "userDefined": false}], "count": 0, "isTemplate": false}, {"id": "c7396807-6312-480a-b3d4-54f7e765cb30", "data": [{"text": "Which courses are typically taken as two different parts?", "userDefined": false}], "count": 0, "isTemplate": false}, {"id": "09a35558-c7be-4f6f-b991-7468527a9841", "data": [{"text": "Which classes are two-part sequences?", "userDefined": false}], "count": 0, "isTemplate": false}, {"id": "90720233-94d9-4d7c-ad0f-c46f8152d1a2", "data": [{"text": "Which classes are two-part sequences?", "userDefined": false}], "count": 0, "isTemplate": false}, {"id": "8cccaa59-1f1f-40e9-ab2f-76eee505ed27", "data": [{"text": "Which classes are two-part sequences?", "userDefined": false}], "count": 0, "isTemplate": false}, {"id": "19ca02ea-f465-49b7-8217-86452186faec", "data": [{"text": "Which classes are two-part sequences?", "userDefined": false}], "count": 0, "isTemplate": false}, {"id": "019e9eb5-7bf3-47da-8ac5-b697ed6b40db", "data": [{"text": "Which classes are two-part sequences?", "userDefined": false}], "count": 0, "isTemplate": false}, {"id": "f710736d-4adc-422b-adb9-5face8d41fa4", "data": [{"text": "Which classes are two-part sequences?", "userDefined": false}], "count": 0, "isTemplate": false}, {"id": "7af86c00-1c47-4e7b-8d59-6afefff0b60a", "data": [{"text": "Which classes are two-part sequences?", "userDefined": false}], "count": 0, "isTemplate": false}, {"id": "0cd07755-75b9-43bf-9947-cab6bea10b1c", "data": [{"text": "Which classes are two-part sequences?", "userDefined": false}], "count": 0, "isTemplate": false}, {"id": "4d305d62-d334-4fab-81fe-7912bce83872", "data": [{"text": "Which classes are two-part sequences?", "userDefined": false}], "count": 0, "isTemplate": false}, {"id": "40343805-9fc9-432c-b597-fc34ece69fae", "data": [{"text": "Which classes are two-part sequences?", "userDefined": false}], "count": 0, "isTemplate": false}]