[{"id": "e2b856e4-f628-4941-a10a-674e3e7f7a7b", "data": [{"text": "What topics are taught in ", "userDefined": false}, {"meta": "@CLASS_NAME", "alias": "CLASS_NAME", "text": "CSC 371", "userDefined": false}, {"text": "?", "userDefined": false}], "count": 0, "isTemplate": false}, {"id": "14ec4ba6-7e4c-4570-b872-09e5161072b7", "data": [{"text": "What topics are taught in ", "userDefined": false}, {"meta": "@CLASS_NAME", "alias": "CLASS_NAME", "text": "languages-and translators", "userDefined": false}, {"text": "?", "userDefined": false}], "count": 0, "isTemplate": false}, {"id": "db4a95d1-2617-4d00-9f27-e51f00a93a17", "data": [{"text": "What topics are taught in ", "userDefined": false}, {"meta": "@CLASS_NAME", "alias": "CLASS_NAME", "text": "data structures", "userDefined": false}, {"text": "?", "userDefined": false}], "count": 0, "isTemplate": false}, {"id": "b9f78a49-c454-4f48-a898-447edad3b16e", "data": [{"text": "What topics are taught in ", "userDefined": false}, {"meta": "@CLASS_NAME", "alias": "CLASS_NAME", "text": "CSC 236", "userDefined": false}, {"text": "?", "userDefined": false}], "count": 0, "isTemplate": false}, {"id": "a10ac219-5d55-4071-9888-7fcdadbb1d59", "data": [{"text": "What topics are taught in ", "userDefined": false}, {"meta": "@CLASS_NAME", "alias": "CLASS_NAME", "text": "current topics-in human-computer interaction", "userDefined": false}, {"text": "?", "userDefined": false}], "count": 0, "isTemplate": false}, {"id": "a840815f-6320-41fd-b2bc-5256982a8a56", "data": [{"text": "What topics are taught in ", "userDefined": false}, {"meta": "@CLASS_NAME", "alias": "CLASS_NAME", "text": "CSC 550", "userDefined": false}, {"text": "?", "userDefined": false}], "count": 0, "isTemplate": false}, {"id": "09587ca4-533d-45ac-8637-8bbd41dc6c53", "data": [{"text": "What topics are taught in ", "userDefined": false}, {"meta": "@CLASS_NAME", "alias": "CLASS_NAME", "text": "introduction-to mixed reality", "userDefined": false}, {"text": "?", "userDefined": false}], "count": 0, "isTemplate": false}, {"id": "04777b33-8f8e-465c-a402-ed60c826caed", "data": [{"text": "What topics are taught in ", "userDefined": false}, {"meta": "@CLASS_NAME", "alias": "CLASS_NAME", "text": "introduction-to computer organization", "userDefined": false}, {"text": "?", "userDefined": false}], "count": 0, "isTemplate": false}, {"id": "9a998553-84ca-4c9e-967a-9ef18b294170", "data": [{"text": "What topics are taught in ", "userDefined": false}, {"meta": "@CLASS_NAME", "alias": "CLASS_NAME", "text": "cooperative education experience", "userDefined": false}, {"text": "?", "userDefined": false}], "count": 0, "isTemplate": false}, {"id": "b19a7053-44e8-4e83-a23c-79d2ff0b218b", "data": [{"text": "What topics are taught in ", "userDefined": false}, {"meta": "@CLASS_NAME", "alias": "CLASS_NAME", "text": "CSC 305", "userDefined": false}, {"text": "?", "userDefined": false}], "count": 0, "isTemplate": false}, {"id": "5abc5734-6004-47c4-9269-36ee562cb373", "data": [{"text": "Which topics are covered in ", "userDefined": false}, {"meta": "@CLASS_NAME", "alias": "CLASS_NAME", "text": "CSC 311", "userDefined": false}, {"text": "?", "userDefined": false}], "count": 0, "isTemplate": false}, {"id": "9a2d098e-0e05-4c67-b7a8-597defe66ef4", "data": [{"text": "Which topics are covered in ", "userDefined": false}, {"meta": "@CLASS_NAME", "alias": "CLASS_NAME", "text": "CSC 490", "userDefined": false}, {"text": "?", "userDefined": false}], "count": 0, "isTemplate": false}, {"id": "4de6e4c4-f98e-42c9-aa94-c9a4a5eab8f1", "data": [{"text": "Which topics are covered in ", "userDefined": false}, {"meta": "@CLASS_NAME", "alias": "CLASS_NAME", "text": "special problems-for undergraduates", "userDefined": false}, {"text": "?", "userDefined": false}], "count": 0, "isTemplate": false}, {"id": "1ee697cb-7490-45bd-bba5-2780ed1df0c1", "data": [{"text": "Which topics are covered in ", "userDefined": false}, {"meta": "@CLASS_NAME", "alias": "CLASS_NAME", "text": "CSC 493", "userDefined": false}, {"text": "?", "userDefined": false}], "count": 0, "isTemplate": false}, {"id": "4674d010-5842-49c9-a292-e5b0bf75d8f2", "data": [{"text": "Which topics are covered in ", "userDefined": false}, {"meta": "@CLASS_NAME", "alias": "CLASS_NAME", "text": "CSC 400", "userDefined": false}, {"text": "?", "userDefined": false}], "count": 0, "isTemplate": false}, {"id": "b52c9652-7827-48b6-859f-21fbbbdf4287", "data": [{"text": "Which topics are covered in ", "userDefined": false}, {"meta": "@CLASS_NAME", "alias": "CLASS_NAME", "text": "distributed systems", "userDefined": false}, {"text": "?", "userDefined": false}], "count": 0, "isTemplate": false}, {"id": "0b0ca165-9853-4261-afb0-c447c8037382", "data": [{"text": "Which topics are covered in ", "userDefined": false}, {"meta": "@CLASS_NAME", "alias": "CLASS_NAME", "text": "CSC 202", "userDefined": false}, {"text": "?", "userDefined": false}], "count": 0, "isTemplate": false}, {"id": "9ef0b595-e269-4f6d-b04f-4ad23529cc7a", "data": [{"text": "Which topics are covered in ", "userDefined": false}, {"meta": "@CLASS_NAME", "alias": "CLASS_NAME", "text": "CSC 530", "userDefined": false}, {"text": "?", "userDefined": false}], "count": 0, "isTemplate": false}, {"id": "ebe16c4e-0110-493c-928b-7c73f769aa15", "data": [{"text": "Which topics are covered in ", "userDefined": false}, {"meta": "@CLASS_NAME", "alias": "CLASS_NAME", "text": "introduction-to interactive entertainment", "userDefined": false}, {"text": "?", "userDefined": false}], "count": 0, "isTemplate": false}, {"id": "62de4384-3eca-4654-8fd0-1e1b840d9fd8", "data": [{"text": "Which topics are covered in ", "userDefined": false}, {"meta": "@CLASS_NAME", "alias": "CLASS_NAME", "text": "CSC 508", "userDefined": false}, {"text": "?", "userDefined": false}], "count": 0, "isTemplate": false}, {"id": "f44b787d-a7ec-43fc-a28f-ea78ea8a3d7e", "data": [{"text": "What topics does ", "userDefined": false}, {"meta": "@CLASS_NAME", "alias": "CLASS_NAME", "text": "CSC 232", "userDefined": false}, {"text": " cover?", "userDefined": false}], "count": 0, "isTemplate": false}, {"id": "4d963538-04b1-4b54-9b7e-129ec2399432", "data": [{"text": "What topics does ", "userDefined": false}, {"meta": "@CLASS_NAME", "alias": "CLASS_NAME", "text": "dynamic web development", "userDefined": false}, {"text": " cover?", "userDefined": false}], "count": 0, "isTemplate": false}, {"id": "59c6d1ea-f509-49fa-bf60-3cecf8f04498", "data": [{"text": "What topics does ", "userDefined": false}, {"meta": "@CLASS_NAME", "alias": "CLASS_NAME", "text": "bioinformatics algorithms", "userDefined": false}, {"text": " cover?", "userDefined": false}], "count": 0, "isTemplate": false}, {"id": "835e3a17-4ce8-41cb-bed0-82176b5c4760", "data": [{"text": "What topics does ", "userDefined": false}, {"meta": "@CLASS_NAME", "alias": "CLASS_NAME", "text": "CSC 453", "userDefined": false}, {"text": " cover?", "userDefined": false}], "count": 0, "isTemplate": false}, {"id": "581e6b19-351f-4d6c-8caa-5177a3667ad0", "data": [{"text": "What topics does ", "userDefined": false}, {"meta": "@CLASS_NAME", "alias": "CLASS_NAME", "text": "CSC 582", "userDefined": false}, {"text": " cover?", "userDefined": false}], "count": 0, "isTemplate": false}, {"id": "00f78014-b145-4ce1-b402-d4ef6909950e", "data": [{"text": "What topics does ", "userDefined": false}, {"meta": "@CLASS_NAME", "alias": "CLASS_NAME", "text": "CSC 311", "userDefined": false}, {"text": " cover?", "userDefined": false}], "count": 0, "isTemplate": false}, {"id": "d51d4af6-d794-429c-81dd-3cb92e6642ec", "data": [{"text": "What topics does ", "userDefined": false}, {"meta": "@CLASS_NAME", "alias": "CLASS_NAME", "text": "theory-of computation i", "userDefined": false}, {"text": " cover?", "userDefined": false}], "count": 0, "isTemplate": false}, {"id": "d498e087-0be4-45d4-a019-351abea3359e", "data": [{"text": "What topics does ", "userDefined": false}, {"meta": "@CLASS_NAME", "alias": "CLASS_NAME", "text": "software engineering ii", "userDefined": false}, {"text": " cover?", "userDefined": false}], "count": 0, "isTemplate": false}, {"id": "99049c07-408b-483b-80e4-06c558dc44cd", "data": [{"text": "What topics does ", "userDefined": false}, {"meta": "@CLASS_NAME", "alias": "CLASS_NAME", "text": "CSC 597", "userDefined": false}, {"text": " cover?", "userDefined": false}], "count": 0, "isTemplate": false}, {"id": "d3544565-2537-4038-be17-f6e674a84c01", "data": [{"text": "What topics does ", "userDefined": false}, {"meta": "@CLASS_NAME", "alias": "CLASS_NAME", "text": "research-in computer science i", "userDefined": false}, {"text": " cover?", "userDefined": false}], "count": 0, "isTemplate": false}, {"id": "86dd477c-9332-4f01-9c8c-dad3b454458f", "data": [{"text": "Which topics does ", "userDefined": false}, {"meta": "@CLASS_NAME", "alias": "CLASS_NAME", "text": "cooperative education experience", "userDefined": false}, {"text": " cover?", "userDefined": false}], "count": 0, "isTemplate": false}, {"id": "ab5bb016-759b-4e3c-bf6c-37ff8bf77612", "data": [{"text": "Which topics does ", "userDefined": false}, {"meta": "@CLASS_NAME", "alias": "CLASS_NAME", "text": "CSC 436", "userDefined": false}, {"text": " cover?", "userDefined": false}], "count": 0, "isTemplate": false}, {"id": "defb99fb-1f95-4972-ae64-be02d7627b3e", "data": [{"text": "Which topics does ", "userDefined": false}, {"meta": "@CLASS_NAME", "alias": "CLASS_NAME", "text": "scientific-and information visualization", "userDefined": false}, {"text": " cover?", "userDefined": false}], "count": 0, "isTemplate": false}, {"id": "62da44f2-9e7e-40a1-89e5-28656a1daa5d", "data": [{"text": "Which topics does ", "userDefined": false}, {"meta": "@CLASS_NAME", "alias": "CLASS_NAME", "text": "CSC 492", "userDefined": false}, {"text": " cover?", "userDefined": false}], "count": 0, "isTemplate": false}, {"id": "807fdf34-1b16-4cfc-bd44-c0842ef6fed7", "data": [{"text": "Which topics does ", "userDefined": false}, {"meta": "@CLASS_NAME", "alias": "CLASS_NAME", "text": "CSC 307", "userDefined": false}, {"text": " cover?", "userDefined": false}], "count": 0, "isTemplate": false}, {"id": "5b659040-435c-408d-a02c-5cf734c57177", "data": [{"text": "Which topics does ", "userDefined": false}, {"meta": "@CLASS_NAME", "alias": "CLASS_NAME", "text": "introduction-to computer security", "userDefined": false}, {"text": " cover?", "userDefined": false}], "count": 0, "isTemplate": false}, {"id": "b6a279f7-03f4-4351-be67-8612a7d69fab", "data": [{"text": "Which topics does ", "userDefined": false}, {"meta": "@CLASS_NAME", "alias": "CLASS_NAME", "text": "introduction-to computer organization", "userDefined": false}, {"text": " cover?", "userDefined": false}], "count": 0, "isTemplate": false}, {"id": "5feaea52-cb1d-4109-8373-83c1d570327c", "data": [{"text": "Which topics does ", "userDefined": false}, {"meta": "@CLASS_NAME", "alias": "CLASS_NAME", "text": "research senior project ii", "userDefined": false}, {"text": " cover?", "userDefined": false}], "count": 0, "isTemplate": false}, {"id": "019686cd-cfbc-4b27-808d-ad501cd4cd22", "data": [{"text": "Which topics does ", "userDefined": false}, {"meta": "@CLASS_NAME", "alias": "CLASS_NAME", "text": "CSC 453", "userDefined": false}, {"text": " cover?", "userDefined": false}], "count": 0, "isTemplate": false}, {"id": "3289f76d-3b9b-4291-aebc-0d16e637bc24", "data": [{"text": "Which topics does ", "userDefined": false}, {"meta": "@CLASS_NAME", "alias": "CLASS_NAME", "text": "CSC 424", "userDefined": false}, {"text": " cover?", "userDefined": false}], "count": 0, "isTemplate": false}, {"id": "24c3e797-7e5d-4271-8935-79e042559900", "data": [{"text": "What does it look like to take ", "userDefined": false}, {"meta": "@CLASS_NAME", "alias": "CLASS_NAME", "text": "CSC 474", "userDefined": false}, {"text": "?", "userDefined": false}], "count": 0, "isTemplate": false}, {"id": "d8552ff5-ebf1-436e-8f30-79f994f41be5", "data": [{"text": "What does it look like to take ", "userDefined": false}, {"meta": "@CLASS_NAME", "alias": "CLASS_NAME", "text": "fundamentals-of computer science-for scientists-and engineers i", "userDefined": false}, {"text": "?", "userDefined": false}], "count": 0, "isTemplate": false}, {"id": "b4626282-d212-45bd-99f5-1b7a4c7dcc9f", "data": [{"text": "What does it look like to take ", "userDefined": false}, {"meta": "@CLASS_NAME", "alias": "CLASS_NAME", "text": "CSC 495", "userDefined": false}, {"text": "?", "userDefined": false}], "count": 0, "isTemplate": false}, {"id": "54a7d1d5-3652-409b-87ff-bd924a1ff176", "data": [{"text": "What does it look like to take ", "userDefined": false}, {"meta": "@CLASS_NAME", "alias": "CLASS_NAME", "text": "c-and unix", "userDefined": false}, {"text": "?", "userDefined": false}], "count": 0, "isTemplate": false}, {"id": "5c6c164c-7d24-4a84-846c-ae81ce6eb576", "data": [{"text": "What does it look like to take ", "userDefined": false}, {"meta": "@CLASS_NAME", "alias": "CLASS_NAME", "text": "software engineering ii", "userDefined": false}, {"text": "?", "userDefined": false}], "count": 0, "isTemplate": false}, {"id": "fff93ea7-c986-4405-86a9-854da1d53e54", "data": [{"text": "What does it look like to take ", "userDefined": false}, {"meta": "@CLASS_NAME", "alias": "CLASS_NAME", "text": "software security", "userDefined": false}, {"text": "?", "userDefined": false}], "count": 0, "isTemplate": false}, {"id": "642cb779-75ef-4923-9680-3d90813d0ac9", "data": [{"text": "What does it look like to take ", "userDefined": false}, {"meta": "@CLASS_NAME", "alias": "CLASS_NAME", "text": "CSC 492", "userDefined": false}, {"text": "?", "userDefined": false}], "count": 0, "isTemplate": false}, {"id": "730ff0e1-f2ac-47ff-81ac-6f9ae63e7f56", "data": [{"text": "What does it look like to take ", "userDefined": false}, {"meta": "@CLASS_NAME", "alias": "CLASS_NAME", "text": "database management systems implementation", "userDefined": false}, {"text": "?", "userDefined": false}], "count": 0, "isTemplate": false}, {"id": "82f4977e-0218-41fc-9793-cc82d73a3092", "data": [{"text": "What does it look like to take ", "userDefined": false}, {"meta": "@CLASS_NAME", "alias": "CLASS_NAME", "text": "CSC 225", "userDefined": false}, {"text": "?", "userDefined": false}], "count": 0, "isTemplate": false}, {"id": "169dc34a-3b60-4b70-874a-9d13493e85de", "data": [{"text": "What does it look like to take ", "userDefined": false}, {"meta": "@CLASS_NAME", "alias": "CLASS_NAME", "text": "programming-for engineering students", "userDefined": false}, {"text": "?", "userDefined": false}], "count": 0, "isTemplate": false}, {"id": "56324a5f-ec05-4476-afd8-05af43646a75", "data": [{"text": "What will I learn in ", "userDefined": false}, {"meta": "@CLASS_NAME", "alias": "CLASS_NAME", "text": "compiler construction", "userDefined": false}, {"text": "?", "userDefined": false}], "count": 0, "isTemplate": false}, {"id": "0e94d626-4501-49dc-86d7-a09db4d238b3", "data": [{"text": "What will I learn in ", "userDefined": false}, {"meta": "@CLASS_NAME", "alias": "CLASS_NAME", "text": "CSC 349", "userDefined": false}, {"text": "?", "userDefined": false}], "count": 0, "isTemplate": false}, {"id": "21670d7c-df53-4d50-9901-de4a08fc8076", "data": [{"text": "What will I learn in ", "userDefined": false}, {"meta": "@CLASS_NAME", "alias": "CLASS_NAME", "text": "CSC 515", "userDefined": false}, {"text": "?", "userDefined": false}], "count": 0, "isTemplate": false}, {"id": "1b896d16-52c9-4643-8c42-2805693f680a", "data": [{"text": "What will I learn in ", "userDefined": false}, {"meta": "@CLASS_NAME", "alias": "CLASS_NAME", "text": "computer architecture", "userDefined": false}, {"text": "?", "userDefined": false}], "count": 0, "isTemplate": false}, {"id": "3690e81d-1afa-48f7-9c51-98d48806e0c7", "data": [{"text": "What will I learn in ", "userDefined": false}, {"meta": "@CLASS_NAME", "alias": "CLASS_NAME", "text": "CSC 570", "userDefined": false}, {"text": "?", "userDefined": false}], "count": 0, "isTemplate": false}, {"id": "e9d3a335-5d2e-49f2-9890-ec7abfe55fa0", "data": [{"text": "What will I learn in ", "userDefined": false}, {"meta": "@CLASS_NAME", "alias": "CLASS_NAME", "text": "CSC 560", "userDefined": false}, {"text": "?", "userDefined": false}], "count": 0, "isTemplate": false}, {"id": "57d7e90e-2c6c-41d1-bdc9-8fcaad95a742", "data": [{"text": "What will I learn in ", "userDefined": false}, {"meta": "@CLASS_NAME", "alias": "CLASS_NAME", "text": "CSC 564", "userDefined": false}, {"text": "?", "userDefined": false}], "count": 0, "isTemplate": false}, {"id": "c47da6eb-a73a-4ce4-9a43-e9a9f77c4622", "data": [{"text": "What will I learn in ", "userDefined": false}, {"meta": "@CLASS_NAME", "alias": "CLASS_NAME", "text": "software engineering ii", "userDefined": false}, {"text": "?", "userDefined": false}], "count": 0, "isTemplate": false}, {"id": "f6edb161-72b8-4fb8-bc6a-1e0747d9b0da", "data": [{"text": "What will I learn in ", "userDefined": false}, {"meta": "@CLASS_NAME", "alias": "CLASS_NAME", "text": "CSC 597", "userDefined": false}, {"text": "?", "userDefined": false}], "count": 0, "isTemplate": false}, {"id": "fbc2a761-9db6-4e34-a035-e5202be58efb", "data": [{"text": "What will I learn in ", "userDefined": false}, {"meta": "@CLASS_NAME", "alias": "CLASS_NAME", "text": "CSC 307", "userDefined": false}, {"text": "?", "userDefined": false}], "count": 0, "isTemplate": false}, {"id": "4844eb61-e411-4f59-ab55-1e249c3a7b9b", "data": [{"text": "What is the course description for ", "userDefined": false}, {"meta": "@CLASS_NAME", "alias": "CLASS_NAME", "text": "computer architecture", "userDefined": false}, {"text": "?", "userDefined": false}], "count": 0, "isTemplate": false}, {"id": "a6895eaa-17ea-4bf0-b190-905415ebfee8", "data": [{"text": "What is the course description for ", "userDefined": false}, {"meta": "@CLASS_NAME", "alias": "CLASS_NAME", "text": "research-in computer science i", "userDefined": false}, {"text": "?", "userDefined": false}], "count": 0, "isTemplate": false}, {"id": "5e3b36d7-c57e-4bbf-bc00-40a700bcd5da", "data": [{"text": "What is the course description for ", "userDefined": false}, {"meta": "@CLASS_NAME", "alias": "CLASS_NAME", "text": "CSC 468", "userDefined": false}, {"text": "?", "userDefined": false}], "count": 0, "isTemplate": false}, {"id": "305c93f9-494f-43df-87b4-5715e6031932", "data": [{"text": "What is the course description for ", "userDefined": false}, {"meta": "@CLASS_NAME", "alias": "CLASS_NAME", "text": "CSC 473", "userDefined": false}, {"text": "?", "userDefined": false}], "count": 0, "isTemplate": false}, {"id": "c0ace202-f8ca-4bcb-8d4e-b912383ca55f", "data": [{"text": "What is the course description for ", "userDefined": false}, {"meta": "@CLASS_NAME", "alias": "CLASS_NAME", "text": "cooperative education experience", "userDefined": false}, {"text": "?", "userDefined": false}], "count": 0, "isTemplate": false}, {"id": "f6649be1-dd1f-4f06-b844-9dd2ba647876", "data": [{"text": "What is the course description for ", "userDefined": false}, {"meta": "@CLASS_NAME", "alias": "CLASS_NAME", "text": "senior project ii", "userDefined": false}, {"text": "?", "userDefined": false}], "count": 0, "isTemplate": false}, {"id": "e8737c33-c963-4eb2-a9a7-0ce872586588", "data": [{"text": "What is the course description for ", "userDefined": false}, {"meta": "@CLASS_NAME", "alias": "CLASS_NAME", "text": "CSC 308", "userDefined": false}, {"text": "?", "userDefined": false}], "count": 0, "isTemplate": false}, {"id": "d769c1d6-1bc3-4aa1-b4d2-e21accf3c76a", "data": [{"text": "What is the course description for ", "userDefined": false}, {"meta": "@CLASS_NAME", "alias": "CLASS_NAME", "text": "computational linguistics", "userDefined": false}, {"text": "?", "userDefined": false}], "count": 0, "isTemplate": false}, {"id": "93f5dc4f-89f7-48d5-a6b2-d058e9609ef3", "data": [{"text": "What is the course description for ", "userDefined": false}, {"meta": "@CLASS_NAME", "alias": "CLASS_NAME", "text": "CSC 596", "userDefined": false}, {"text": "?", "userDefined": false}], "count": 0, "isTemplate": false}, {"id": "cd526dc5-4eb4-4b9c-9cdb-0dd29162cfcd", "data": [{"text": "What is the course description for ", "userDefined": false}, {"meta": "@CLASS_NAME", "alias": "CLASS_NAME", "text": "CSC 448", "userDefined": false}, {"text": "?", "userDefined": false}], "count": 0, "isTemplate": false}, {"id": "6cce83e2-a787-4783-b48d-29f26e9b83c4", "data": [{"text": "What do you learn about in ", "userDefined": false}, {"meta": "@CLASS_NAME", "alias": "CLASS_NAME", "text": "CSC 474", "userDefined": false}, {"text": "?", "userDefined": false}], "count": 0, "isTemplate": false}, {"id": "f6d0c08b-bbb2-4f8d-9474-27c179f30c47", "data": [{"text": "What do you learn about in ", "userDefined": false}, {"meta": "@CLASS_NAME", "alias": "CLASS_NAME", "text": "computational art", "userDefined": false}, {"text": "?", "userDefined": false}], "count": 0, "isTemplate": false}, {"id": "2b491ee9-8934-43be-bb4d-aef999a0938e", "data": [{"text": "What do you learn about in ", "userDefined": false}, {"meta": "@CLASS_NAME", "alias": "CLASS_NAME", "text": "CSC 231", "userDefined": false}, {"text": "?", "userDefined": false}], "count": 0, "isTemplate": false}, {"id": "933f01f6-37ce-46e4-baac-9ab9e652a64d", "data": [{"text": "What do you learn about in ", "userDefined": false}, {"meta": "@CLASS_NAME", "alias": "CLASS_NAME", "text": "introduction-to computer security", "userDefined": false}, {"text": "?", "userDefined": false}], "count": 0, "isTemplate": false}, {"id": "ea402bc2-3c5c-4de1-8a30-4229977cc58c", "data": [{"text": "What do you learn about in ", "userDefined": false}, {"meta": "@CLASS_NAME", "alias": "CLASS_NAME", "text": "CSC 594", "userDefined": false}, {"text": "?", "userDefined": false}], "count": 0, "isTemplate": false}, {"id": "c42415e1-5793-4f2c-96b0-309162e5fec0", "data": [{"text": "What do you learn about in ", "userDefined": false}, {"meta": "@CLASS_NAME", "alias": "CLASS_NAME", "text": "CSC 101", "userDefined": false}, {"text": "?", "userDefined": false}], "count": 0, "isTemplate": false}, {"id": "d0f4a505-6e71-437f-a787-8f6929d2670f", "data": [{"text": "What do you learn about in ", "userDefined": false}, {"meta": "@CLASS_NAME", "alias": "CLASS_NAME", "text": "introduction-to object oriented design using graphical user interfaces", "userDefined": false}, {"text": "?", "userDefined": false}], "count": 0, "isTemplate": false}, {"id": "29dd23a1-bf68-44f0-b9b3-c7d48125fb4a", "data": [{"text": "What do you learn about in ", "userDefined": false}, {"meta": "@CLASS_NAME", "alias": "CLASS_NAME", "text": "CSC 171", "userDefined": false}, {"text": "?", "userDefined": false}], "count": 0, "isTemplate": false}, {"id": "0da5c60d-22ec-4537-b070-f55082eb28f5", "data": [{"text": "What do you learn about in ", "userDefined": false}, {"meta": "@CLASS_NAME", "alias": "CLASS_NAME", "text": "cooperative education experience", "userDefined": false}, {"text": "?", "userDefined": false}], "count": 0, "isTemplate": false}, {"id": "c1bd21bb-9ece-478e-b140-f996ad1f4d82", "data": [{"text": "What do you learn about in ", "userDefined": false}, {"meta": "@CLASS_NAME", "alias": "CLASS_NAME", "text": "CSC 570", "userDefined": false}, {"text": "?", "userDefined": false}], "count": 0, "isTemplate": false}, {"id": "c312ce51-0327-4b32-ba12-de9486b8873f", "data": [{"text": "What is ", "userDefined": false}, {"meta": "@CLASS_NAME", "alias": "CLASS_NAME", "text": "CSC 550", "userDefined": false}, {"text": " about?", "userDefined": false}], "count": 0, "isTemplate": false}, {"id": "bc9983af-e090-4022-9e2d-d7794d2ab5e2", "data": [{"text": "What is ", "userDefined": false}, {"meta": "@CLASS_NAME", "alias": "CLASS_NAME", "text": "CSC 369", "userDefined": false}, {"text": " about?", "userDefined": false}], "count": 0, "isTemplate": false}, {"id": "69ccf231-2f65-49ef-9fe3-608991089ea7", "data": [{"text": "What is ", "userDefined": false}, {"meta": "@CLASS_NAME", "alias": "CLASS_NAME", "text": "computational linguistics", "userDefined": false}, {"text": " about?", "userDefined": false}], "count": 0, "isTemplate": false}, {"id": "b1a647b6-ec24-4a02-9913-5b2377868ea7", "data": [{"text": "What is ", "userDefined": false}, {"meta": "@CLASS_NAME", "alias": "CLASS_NAME", "text": "practical computer security-for everyone", "userDefined": false}, {"text": " about?", "userDefined": false}], "count": 0, "isTemplate": false}, {"id": "37429030-9032-47f4-8f87-9504e4535fba", "data": [{"text": "What is ", "userDefined": false}, {"meta": "@CLASS_NAME", "alias": "CLASS_NAME", "text": "artificial intelligence", "userDefined": false}, {"text": " about?", "userDefined": false}], "count": 0, "isTemplate": false}, {"id": "fea84fa3-af23-4461-a3f8-7f0eec7edf8a", "data": [{"text": "What is ", "userDefined": false}, {"meta": "@CLASS_NAME", "alias": "CLASS_NAME", "text": "cryptography engineering", "userDefined": false}, {"text": " about?", "userDefined": false}], "count": 0, "isTemplate": false}, {"id": "af107ead-e626-4002-88c2-54f655ac2743", "data": [{"text": "What is ", "userDefined": false}, {"meta": "@CLASS_NAME", "alias": "CLASS_NAME", "text": "CSC 369", "userDefined": false}, {"text": " about?", "userDefined": false}], "count": 0, "isTemplate": false}, {"id": "f52f56f6-f5e2-4803-84cc-484dda0c6dac", "data": [{"text": "What is ", "userDefined": false}, {"meta": "@CLASS_NAME", "alias": "CLASS_NAME", "text": "computer graphics", "userDefined": false}, {"text": " about?", "userDefined": false}], "count": 0, "isTemplate": false}, {"id": "8b997339-9760-44ff-b3d6-2ea52f02f28e", "data": [{"text": "What is ", "userDefined": false}, {"meta": "@CLASS_NAME", "alias": "CLASS_NAME", "text": "music programming", "userDefined": false}, {"text": " about?", "userDefined": false}], "count": 0, "isTemplate": false}, {"id": "3ed9453b-33e6-482c-a20d-803b8f08b567", "data": [{"text": "What is ", "userDefined": false}, {"meta": "@CLASS_NAME", "alias": "CLASS_NAME", "text": "cooperative education experience", "userDefined": false}, {"text": " about?", "userDefined": false}], "count": 0, "isTemplate": false}, {"id": "c74a4d05-8d66-44bb-a3c7-f955860629f3", "data": [{"text": "What topics are covered in ", "userDefined": false}, {"meta": "@CLASS_NAME", "alias": "CLASS_NAME", "text": "selected topics", "userDefined": false}, {"text": "?", "userDefined": false}], "count": 0, "isTemplate": false}, {"id": "fabe7415-4257-4681-a1a8-f00d9681a593", "data": [{"text": "What topics are covered in ", "userDefined": false}, {"meta": "@CLASS_NAME", "alias": "CLASS_NAME", "text": "CSC 493", "userDefined": false}, {"text": "?", "userDefined": false}], "count": 0, "isTemplate": false}, {"id": "deb93716-a093-49e2-bc6d-0867c4205d40", "data": [{"text": "What topics are covered in ", "userDefined": false}, {"meta": "@CLASS_NAME", "alias": "CLASS_NAME", "text": "CSC 496", "userDefined": false}, {"text": "?", "userDefined": false}], "count": 0, "isTemplate": false}, {"id": "aa8cbdcf-77ec-426e-8d93-4b42335c0a12", "data": [{"text": "What topics are covered in ", "userDefined": false}, {"meta": "@CLASS_NAME", "alias": "CLASS_NAME", "text": "mobile application development", "userDefined": false}, {"text": "?", "userDefined": false}], "count": 0, "isTemplate": false}, {"id": "88780af9-c94a-405e-96da-53e34797a05a", "data": [{"text": "What topics are covered in ", "userDefined": false}, {"meta": "@CLASS_NAME", "alias": "CLASS_NAME", "text": "computer architecture", "userDefined": false}, {"text": "?", "userDefined": false}], "count": 0, "isTemplate": false}, {"id": "ef485cb9-08d0-44ca-bdae-49ce27747ba2", "data": [{"text": "What topics are covered in ", "userDefined": false}, {"meta": "@CLASS_NAME", "alias": "CLASS_NAME", "text": "software engineering ii", "userDefined": false}, {"text": "?", "userDefined": false}], "count": 0, "isTemplate": false}, {"id": "56307d91-28ce-494c-9737-a28897fecf9a", "data": [{"text": "What topics are covered in ", "userDefined": false}, {"meta": "@CLASS_NAME", "alias": "CLASS_NAME", "text": "knowledge discovery-from data", "userDefined": false}, {"text": "?", "userDefined": false}], "count": 0, "isTemplate": false}, {"id": "7d3b5074-1ed0-4ce4-8517-26e582f10253", "data": [{"text": "What topics are covered in ", "userDefined": false}, {"meta": "@CLASS_NAME", "alias": "CLASS_NAME", "text": "software construction", "userDefined": false}, {"text": "?", "userDefined": false}], "count": 0, "isTemplate": false}, {"id": "7ab57ad0-a1ba-4140-a2b8-afb237ed751d", "data": [{"text": "What topics are covered in ", "userDefined": false}, {"meta": "@CLASS_NAME", "alias": "CLASS_NAME", "text": "CSC 580", "userDefined": false}, {"text": "?", "userDefined": false}], "count": 0, "isTemplate": false}, {"id": "76b9471b-2c02-4981-b71f-73932aa0bfec", "data": [{"text": "What topics are covered in ", "userDefined": false}, {"meta": "@CLASS_NAME", "alias": "CLASS_NAME", "text": "design-and analysis-of algorithms", "userDefined": false}, {"text": "?", "userDefined": false}], "count": 0, "isTemplate": false}]