[{"count": 0, "data": [{"userDefined": false, "text": "What are recommended prerequisites for "}, {"userDefined": false, "meta": "@CLASS_NAME", "alias": "CLASS_NAME", "text": "computer networks: research topics"}, {"userDefined": false, "text": "?"}], "isTemplate": false, "id": "9d588465-7c2c-4a5a-bf2b-6e2fc5b57cfa"}, {"count": 0, "data": [{"userDefined": false, "text": "What are recommended prerequisites to take "}, {"userDefined": false, "meta": "@CLASS_NAME", "alias": "CLASS_NAME", "text": "CSC 473"}, {"userDefined": false, "text": "?"}], "isTemplate": false, "id": "52e1a3ea-9239-4259-b4f1-6f33c7cf3d2c"}, {"count": 0, "data": [{"userDefined": false, "text": "What are the recommended prerequisites for taking "}, {"userDefined": false, "meta": "@CLASS_NAME", "alias": "CLASS_NAME", "text": "CSC 448"}, {"userDefined": false, "text": "?"}], "isTemplate": false, "id": "d9ae69f0-40c7-47f3-aa8c-4fe9a4c4f4f7"}, {"count": 0, "data": [{"userDefined": false, "text": "What are recommended prereqs for "}, {"userDefined": false, "meta": "@CLASS_NAME", "alias": "CLASS_NAME", "text": "interactive entertainment engineering"}, {"userDefined": false, "text": "?"}], "isTemplate": false, "id": "a87e2de1-9229-402d-a3c0-523690853bf1"}, {"count": 0, "data": [{"userDefined": false, "text": "What are recommended prereqs to take "}, {"userDefined": false, "meta": "@CLASS_NAME", "alias": "CLASS_NAME", "text": "CSC 305"}, {"userDefined": false, "text": "?"}], "isTemplate": false, "id": "c2b87a3a-e144-4423-94bc-af16a7763bc7"}, {"count": 0, "data": [{"userDefined": false, "text": "What are the recommended prereqs for taking "}, {"userDefined": false, "meta": "@CLASS_NAME", "alias": "CLASS_NAME", "text": "CSC 307"}, {"userDefined": false, "text": "?"}], "isTemplate": false, "id": "f0f36785-3475-4fe7-b664-390bf435d596"}, {"count": 0, "data": [{"userDefined": false, "text": "What are the recommended prerequisites for "}, {"userDefined": false, "meta": "@CLASS_NAME", "alias": "CLASS_NAME", "text": "distributed computing"}, {"userDefined": false, "text": "?"}], "isTemplate": false, "id": "26dda388-cdc5-4dde-b6b4-d1714c455262"}]