[{"count": 0, "data": [{"userDefined": false, "text": "Which courses are credit/no credit grading only?"}], "isTemplate": false, "id": "f85555a9-42e8-4af0-8a4a-ce3c4811660c"}, {"count": 0, "data": [{"userDefined": false, "text": "Which classes are credit or no credit grading only?"}], "isTemplate": false, "id": "ab23afb8-36e9-4f36-bb63-4deb6da33459"}, {"count": 0, "data": [{"userDefined": false, "text": "Which classes can only be taken credit or no credit?"}], "isTemplate": false, "id": "c2f48a04-ff0e-43ab-9a57-ba010f109088"}, {"count": 0, "data": [{"userDefined": false, "text": "What are classes that can only be taken credit or no credit?"}], "isTemplate": false, "id": "0f1b84f8-b53f-4cc3-8e5a-2c6b91178afe"}, {"count": 0, "data": [{"userDefined": false, "text": "What are credit or no credit only classes?"}], "isTemplate": false, "id": "08e01737-3ac0-4ddf-960f-057021467fd7"}, {"count": 0, "data": [{"userDefined": false, "text": "What are credit or no credit only courses?"}], "isTemplate": false, "id": "dacf2b16-e464-45c8-b99a-8439a9baa292"}, {"count": 0, "data": [{"userDefined": false, "text": "Which classes are credit/no credit grading only?"}], "isTemplate": false, "id": "9b0e0525-b5c6-41e3-8bbc-60a49832fa02"}]