[{"id": "c8bf865e-8247-4b52-a3fd-c3d8392184b9", "data": [{"text": "Is ", "userDefined": false}, {"meta": "@CLASS_NAME", "alias": "CLASS_NAME", "text": "cooperative education experience", "userDefined": false}, {"text": " a ", "userDefined": false}, {"meta": "@sys.number", "alias": "number", "text": "one", "userDefined": false}, {"text": " unit class?", "userDefined": false}], "count": 0, "isTemplate": false}, {"id": "38cdb7d3-0a51-49e4-88f0-d6b383b8d9f4", "data": [{"text": "Is ", "userDefined": false}, {"meta": "@CLASS_NAME", "alias": "CLASS_NAME", "text": "CSC 235", "userDefined": false}, {"text": " a ", "userDefined": false}, {"meta": "@sys.number", "alias": "number", "text": "four", "userDefined": false}, {"text": " unit class?", "userDefined": false}], "count": 0, "isTemplate": false}, {"id": "d2e50629-acbe-43b7-b61e-0836cda9ae21", "data": [{"text": "Is ", "userDefined": false}, {"meta": "@CLASS_NAME", "alias": "CLASS_NAME", "text": "introduction-to computer organization", "userDefined": false}, {"text": " a ", "userDefined": false}, {"meta": "@sys.number", "alias": "number", "text": "one", "userDefined": false}, {"text": " unit class?", "userDefined": false}], "count": 0, "isTemplate": false}, {"id": "44999381-6775-4216-af42-a5884f4435b0", "data": [{"text": "Is ", "userDefined": false}, {"meta": "@CLASS_NAME", "alias": "CLASS_NAME", "text": "bioinformatics algorithms", "userDefined": false}, {"text": " a ", "userDefined": false}, {"meta": "@sys.number", "alias": "number", "text": "4", "userDefined": false}, {"text": " unit class?", "userDefined": false}], "count": 0, "isTemplate": false}, {"id": "bb93fb14-b64e-4472-bd58-5379f81e1653", "data": [{"text": "Is ", "userDefined": false}, {"meta": "@CLASS_NAME", "alias": "CLASS_NAME", "text": "CSC 590", "userDefined": false}, {"text": " a ", "userDefined": false}, {"meta": "@sys.number", "alias": "number", "text": "3", "userDefined": false}, {"text": " unit class?", "userDefined": false}], "count": 0, "isTemplate": false}, {"id": "898340b8-72bd-4e85-9142-c98e2e6c7b04", "data": [{"text": "Is ", "userDefined": false}, {"meta": "@CLASS_NAME", "alias": "CLASS_NAME", "text": "CSC 409", "userDefined": false}, {"text": " a ", "userDefined": false}, {"meta": "@sys.number", "alias": "number", "text": "three", "userDefined": false}, {"text": " unit class?", "userDefined": false}], "count": 0, "isTemplate": false}, {"id": "eb9999b7-9e33-4b5e-b210-0ffcc4890870", "data": [{"text": "Is ", "userDefined": false}, {"meta": "@CLASS_NAME", "alias": "CLASS_NAME", "text": "CSC 508", "userDefined": false}, {"text": " a ", "userDefined": false}, {"meta": "@sys.number", "alias": "number", "text": "4", "userDefined": false}, {"text": " unit class?", "userDefined": false}], "count": 0, "isTemplate": false}, {"id": "db443612-bcfa-4878-9d96-777bce5edd76", "data": [{"text": "Is ", "userDefined": false}, {"meta": "@CLASS_NAME", "alias": "CLASS_NAME", "text": "introduction-to interactive entertainment", "userDefined": false}, {"text": " a ", "userDefined": false}, {"meta": "@sys.number", "alias": "number", "text": "four", "userDefined": false}, {"text": " unit class?", "userDefined": false}], "count": 0, "isTemplate": false}, {"id": "96e7bb06-0098-4033-bc92-745cf73da029", "data": [{"text": "Is ", "userDefined": false}, {"meta": "@CLASS_NAME", "alias": "CLASS_NAME", "text": "introduction-to mixed reality", "userDefined": false}, {"text": " a ", "userDefined": false}, {"meta": "@sys.number", "alias": "number", "text": "4", "userDefined": false}, {"text": " unit class?", "userDefined": false}], "count": 0, "isTemplate": false}, {"id": "7e4b2a89-d66c-40ea-9839-167cce29060c", "data": [{"text": "Is ", "userDefined": false}, {"meta": "@CLASS_NAME", "alias": "CLASS_NAME", "text": "thesis", "userDefined": false}, {"text": " a ", "userDefined": false}, {"meta": "@sys.number", "alias": "number", "text": "four", "userDefined": false}, {"text": " unit class?", "userDefined": false}], "count": 0, "isTemplate": false}, {"id": "a0241a63-4107-4c53-be31-9651b3039133", "data": [{"text": "Does ", "userDefined": false}, {"meta": "@CLASS_NAME", "alias": "CLASS_NAME", "text": "CSC 572", "userDefined": false}, {"text": " count for ", "userDefined": false}, {"meta": "@sys.number", "alias": "number", "text": "three", "userDefined": false}, {"text": " units?", "userDefined": false}], "count": 0, "isTemplate": false}, {"id": "b880605a-a2f2-4d29-bcae-7810af1cce80", "data": [{"text": "Does ", "userDefined": false}, {"meta": "@CLASS_NAME", "alias": "CLASS_NAME", "text": "CSC 105", "userDefined": false}, {"text": " count for ", "userDefined": false}, {"meta": "@sys.number", "alias": "number", "text": "two", "userDefined": false}, {"text": " units?", "userDefined": false}], "count": 0, "isTemplate": false}, {"id": "a53f4fa2-92fa-4877-bbea-7416054fa8f6", "data": [{"text": "Does ", "userDefined": false}, {"meta": "@CLASS_NAME", "alias": "CLASS_NAME", "text": "scientific-and information visualization", "userDefined": false}, {"text": " count for ", "userDefined": false}, {"meta": "@sys.number", "alias": "number", "text": "2", "userDefined": false}, {"text": " units?", "userDefined": false}], "count": 0, "isTemplate": false}, {"id": "6fad73cf-f027-4b15-a7f6-c39cff6f1e37", "data": [{"text": "Does ", "userDefined": false}, {"meta": "@CLASS_NAME", "alias": "CLASS_NAME", "text": "software security", "userDefined": false}, {"text": " count for ", "userDefined": false}, {"meta": "@sys.number", "alias": "number", "text": "three", "userDefined": false}, {"text": " units?", "userDefined": false}], "count": 0, "isTemplate": false}, {"id": "68c68ab1-70cb-430a-9e39-05910f42a952", "data": [{"text": "Does ", "userDefined": false}, {"meta": "@CLASS_NAME", "alias": "CLASS_NAME", "text": "CSC 471", "userDefined": false}, {"text": " count for ", "userDefined": false}, {"meta": "@sys.number", "alias": "number", "text": "2", "userDefined": false}, {"text": " units?", "userDefined": false}], "count": 0, "isTemplate": false}, {"id": "9c47fbbb-4e4b-4484-8b94-ca1de84d00a9", "data": [{"text": "Does ", "userDefined": false}, {"meta": "@CLASS_NAME", "alias": "CLASS_NAME", "text": "CSC 550", "userDefined": false}, {"text": " count for ", "userDefined": false}, {"meta": "@sys.number", "alias": "number", "text": "two", "userDefined": false}, {"text": " units?", "userDefined": false}], "count": 0, "isTemplate": false}, {"id": "3cb8ae76-5493-428e-81a9-7675a2505ee4", "data": [{"text": "Does ", "userDefined": false}, {"meta": "@CLASS_NAME", "alias": "CLASS_NAME", "text": "CSC 487", "userDefined": false}, {"text": " count for ", "userDefined": false}, {"meta": "@sys.number", "alias": "number", "text": "two", "userDefined": false}, {"text": " units?", "userDefined": false}], "count": 0, "isTemplate": false}, {"id": "37197176-c956-4c45-b833-bbe1d00052c3", "data": [{"text": "Does ", "userDefined": false}, {"meta": "@CLASS_NAME", "alias": "CLASS_NAME", "text": "CSC 402", "userDefined": false}, {"text": " count for ", "userDefined": false}, {"meta": "@sys.number", "alias": "number", "text": "4", "userDefined": false}, {"text": " units?", "userDefined": false}], "count": 0, "isTemplate": false}, {"id": "6768adc7-a765-4935-a76b-46efced0ee84", "data": [{"text": "Does ", "userDefined": false}, {"meta": "@CLASS_NAME", "alias": "CLASS_NAME", "text": "computational linguistics", "userDefined": false}, {"text": " count for ", "userDefined": false}, {"meta": "@sys.number", "alias": "number", "text": "2", "userDefined": false}, {"text": " units?", "userDefined": false}], "count": 0, "isTemplate": false}, {"id": "abed8a76-b580-4ab4-96b8-cc76197a5808", "data": [{"text": "Does ", "userDefined": false}, {"meta": "@CLASS_NAME", "alias": "CLASS_NAME", "text": "current topics-in software engineering", "userDefined": false}, {"text": " count for ", "userDefined": false}, {"meta": "@sys.number", "alias": "number", "text": "four", "userDefined": false}, {"text": " units?", "userDefined": false}], "count": 0, "isTemplate": false}, {"id": "535399fb-4d90-4bcf-9659-9ea915643ced", "data": [{"text": "Does ", "userDefined": false}, {"meta": "@CLASS_NAME", "alias": "CLASS_NAME", "text": "CSC 469", "userDefined": false}, {"text": " count for ", "userDefined": false}, {"meta": "@sys.number", "alias": "number", "text": "4", "userDefined": false}, {"text": " credits?", "userDefined": false}], "count": 0, "isTemplate": false}, {"id": "6cb5ce43-39af-4ba3-8333-b666f3d8270f", "data": [{"text": "Does ", "userDefined": false}, {"meta": "@CLASS_NAME", "alias": "CLASS_NAME", "text": "introduction-to software engineering", "userDefined": false}, {"text": " count for ", "userDefined": false}, {"meta": "@sys.number", "alias": "number", "text": "1", "userDefined": false}, {"text": " credits?", "userDefined": false}], "count": 0, "isTemplate": false}, {"id": "2b7cf0c0-04f1-4b60-bd17-1b2a28edaa8f", "data": [{"text": "Does ", "userDefined": false}, {"meta": "@CLASS_NAME", "alias": "CLASS_NAME", "text": "CSC 302", "userDefined": false}, {"text": " count for ", "userDefined": false}, {"meta": "@sys.number", "alias": "number", "text": "one", "userDefined": false}, {"text": " credits?", "userDefined": false}], "count": 0, "isTemplate": false}, {"id": "d0dac6b3-dc2b-4019-a0c3-d1b6323c94ce", "data": [{"text": "Does ", "userDefined": false}, {"meta": "@CLASS_NAME", "alias": "CLASS_NAME", "text": "fundamentals-of computer science i supplemental instruction", "userDefined": false}, {"text": " count for ", "userDefined": false}, {"meta": "@sys.number", "alias": "number", "text": "4", "userDefined": false}, {"text": " credits?", "userDefined": false}], "count": 0, "isTemplate": false}, {"id": "82b40ed6-b42a-4aa5-a62d-d79898e6b10d", "data": [{"text": "Does ", "userDefined": false}, {"meta": "@CLASS_NAME", "alias": "CLASS_NAME", "text": "CSC 406", "userDefined": false}, {"text": " count for ", "userDefined": false}, {"meta": "@sys.number", "alias": "number", "text": "2", "userDefined": false}, {"text": " credits?", "userDefined": false}], "count": 0, "isTemplate": false}, {"id": "0328478b-be1f-4c18-8570-a39a962b9680", "data": [{"text": "Does ", "userDefined": false}, {"meta": "@CLASS_NAME", "alias": "CLASS_NAME", "text": "computers-and society", "userDefined": false}, {"text": " count for ", "userDefined": false}, {"meta": "@sys.number", "alias": "number", "text": "two", "userDefined": false}, {"text": " credits?", "userDefined": false}], "count": 0, "isTemplate": false}, {"id": "dabf0331-2867-42af-8c53-1df71c8c8e15", "data": [{"text": "Does ", "userDefined": false}, {"meta": "@CLASS_NAME", "alias": "CLASS_NAME", "text": "introduction-to computing", "userDefined": false}, {"text": " count for ", "userDefined": false}, {"meta": "@sys.number", "alias": "number", "text": "1", "userDefined": false}, {"text": " credits?", "userDefined": false}], "count": 0, "isTemplate": false}, {"id": "f371bc17-ec47-4cae-8001-670abf27ad60", "data": [{"text": "Does ", "userDefined": false}, {"meta": "@CLASS_NAME", "alias": "CLASS_NAME", "text": "CSC 350", "userDefined": false}, {"text": " count for ", "userDefined": false}, {"meta": "@sys.number", "alias": "number", "text": "2", "userDefined": false}, {"text": " credits?", "userDefined": false}], "count": 0, "isTemplate": false}, {"id": "6e7944d2-bea5-4228-84b0-a5a22f60c0f5", "data": [{"text": "Does ", "userDefined": false}, {"meta": "@CLASS_NAME", "alias": "CLASS_NAME", "text": "fundamentals-of computer science-for scientists-and engineers ii", "userDefined": false}, {"text": " count for ", "userDefined": false}, {"meta": "@sys.number", "alias": "number", "text": "three", "userDefined": false}, {"text": " credits?", "userDefined": false}], "count": 0, "isTemplate": false}, {"id": "2f6b73a0-8463-4006-8e1d-ad6236761584", "data": [{"text": "Does ", "userDefined": false}, {"meta": "@CLASS_NAME", "alias": "CLASS_NAME", "text": "CSC 530", "userDefined": false}, {"text": " count for ", "userDefined": false}, {"meta": "@sys.number", "alias": "number", "text": "2", "userDefined": false}, {"text": " credits?", "userDefined": false}], "count": 0, "isTemplate": false}, {"id": "1c0abc94-0ab6-448a-b989-0c9df8430eaf", "data": [{"text": "Is ", "userDefined": false}, {"meta": "@CLASS_NAME", "alias": "CLASS_NAME", "text": "CSC 550", "userDefined": false}, {"text": " a ", "userDefined": false}, {"meta": "@sys.number", "alias": "number", "text": "one", "userDefined": false}, {"text": " credit course?", "userDefined": false}], "count": 0, "isTemplate": false}, {"id": "73fbb356-8376-420d-9fcd-af0a3a9f6ea2", "data": [{"text": "Is ", "userDefined": false}, {"meta": "@CLASS_NAME", "alias": "CLASS_NAME", "text": "CSC 491", "userDefined": false}, {"text": " a ", "userDefined": false}, {"meta": "@sys.number", "alias": "number", "text": "four", "userDefined": false}, {"text": " credit course?", "userDefined": false}], "count": 0, "isTemplate": false}, {"id": "4e464fe7-4119-43f4-951f-06be6afa0c1f", "data": [{"text": "Is ", "userDefined": false}, {"meta": "@CLASS_NAME", "alias": "CLASS_NAME", "text": "CSC 500", "userDefined": false}, {"text": " a ", "userDefined": false}, {"meta": "@sys.number", "alias": "number", "text": "three", "userDefined": false}, {"text": " credit course?", "userDefined": false}], "count": 0, "isTemplate": false}, {"id": "825a7ed5-e0fa-44dc-8116-e2bdd4792327", "data": [{"text": "Is ", "userDefined": false}, {"meta": "@CLASS_NAME", "alias": "CLASS_NAME", "text": "distributed systems", "userDefined": false}, {"text": " a ", "userDefined": false}, {"meta": "@sys.number", "alias": "number", "text": "one", "userDefined": false}, {"text": " credit course?", "userDefined": false}], "count": 0, "isTemplate": false}, {"id": "e0f34341-f58c-43f7-997d-e94714f4a77c", "data": [{"text": "Is ", "userDefined": false}, {"meta": "@CLASS_NAME", "alias": "CLASS_NAME", "text": "CSC 366", "userDefined": false}, {"text": " a ", "userDefined": false}, {"meta": "@sys.number", "alias": "number", "text": "1", "userDefined": false}, {"text": " credit course?", "userDefined": false}], "count": 0, "isTemplate": false}, {"id": "54b7b3e2-512c-4cb4-9dda-53255478978e", "data": [{"text": "Is ", "userDefined": false}, {"meta": "@CLASS_NAME", "alias": "CLASS_NAME", "text": "speech-and language processing", "userDefined": false}, {"text": " a ", "userDefined": false}, {"meta": "@sys.number", "alias": "number", "text": "1", "userDefined": false}, {"text": " credit course?", "userDefined": false}], "count": 0, "isTemplate": false}, {"id": "ff6c46cd-4e60-45d4-afce-f9f102e50ff7", "data": [{"text": "Is ", "userDefined": false}, {"meta": "@CLASS_NAME", "alias": "CLASS_NAME", "text": "programming languages", "userDefined": false}, {"text": " a ", "userDefined": false}, {"meta": "@sys.number", "alias": "number", "text": "2", "userDefined": false}, {"text": " credit course?", "userDefined": false}], "count": 0, "isTemplate": false}, {"id": "e153f8eb-f00e-4b54-a647-fdee23e6b1d4", "data": [{"text": "Is ", "userDefined": false}, {"meta": "@CLASS_NAME", "alias": "CLASS_NAME", "text": "cooperative education experience", "userDefined": false}, {"text": " a ", "userDefined": false}, {"meta": "@sys.number", "alias": "number", "text": "one", "userDefined": false}, {"text": " credit course?", "userDefined": false}], "count": 0, "isTemplate": false}, {"id": "36461112-2067-4921-8f1b-c955dd4b2500", "data": [{"text": "Is ", "userDefined": false}, {"meta": "@CLASS_NAME", "alias": "CLASS_NAME", "text": "database management systems implementation", "userDefined": false}, {"text": " a ", "userDefined": false}, {"meta": "@sys.number", "alias": "number", "text": "two", "userDefined": false}, {"text": " credit course?", "userDefined": false}], "count": 0, "isTemplate": false}, {"id": "6fe7d110-06e5-4305-b7e5-eac26034c0b4", "data": [{"text": "Is ", "userDefined": false}, {"meta": "@CLASS_NAME", "alias": "CLASS_NAME", "text": "music programming", "userDefined": false}, {"text": " a ", "userDefined": false}, {"meta": "@sys.number", "alias": "number", "text": "four", "userDefined": false}, {"text": " credit course?", "userDefined": false}], "count": 0, "isTemplate": false}, {"id": "d0567a07-1f3f-407a-b70d-56e8c7d9dd34", "data": [{"text": "Is ", "userDefined": false}, {"meta": "@CLASS_NAME", "alias": "CLASS_NAME", "text": "introduction-to computer graphics", "userDefined": false}, {"text": " a ", "userDefined": false}, {"meta": "@sys.number", "alias": "number", "text": "3", "userDefined": false}, {"text": " unit course?", "userDefined": false}], "count": 0, "isTemplate": false}, {"id": "48fa8ffe-b615-4c66-9948-213ae0eab5e3", "data": [{"text": "Is ", "userDefined": false}, {"meta": "@CLASS_NAME", "alias": "CLASS_NAME", "text": "CSC 477", "userDefined": false}, {"text": " a ", "userDefined": false}, {"meta": "@sys.number", "alias": "number", "text": "three", "userDefined": false}, {"text": " unit course?", "userDefined": false}], "count": 0, "isTemplate": false}, {"id": "17863b08-c590-4415-9985-94c1870aff81", "data": [{"text": "Is ", "userDefined": false}, {"meta": "@CLASS_NAME", "alias": "CLASS_NAME", "text": "user-centered interface design-and development", "userDefined": false}, {"text": " a ", "userDefined": false}, {"meta": "@sys.number", "alias": "number", "text": "1", "userDefined": false}, {"text": " unit course?", "userDefined": false}], "count": 0, "isTemplate": false}, {"id": "2776c5ea-742f-43e6-922d-46d69d1f22fd", "data": [{"text": "Is ", "userDefined": false}, {"meta": "@CLASS_NAME", "alias": "CLASS_NAME", "text": "computational linguistics", "userDefined": false}, {"text": " a ", "userDefined": false}, {"meta": "@sys.number", "alias": "number", "text": "3", "userDefined": false}, {"text": " unit course?", "userDefined": false}], "count": 0, "isTemplate": false}, {"id": "1db60b9f-cd9c-4060-a651-1201b63b1d45", "data": [{"text": "Is ", "userDefined": false}, {"meta": "@CLASS_NAME", "alias": "CLASS_NAME", "text": "network-and web security", "userDefined": false}, {"text": " a ", "userDefined": false}, {"meta": "@sys.number", "alias": "number", "text": "two", "userDefined": false}, {"text": " unit course?", "userDefined": false}], "count": 0, "isTemplate": false}, {"id": "78bcc35b-ed3f-4061-8582-8962666f0de4", "data": [{"text": "Is ", "userDefined": false}, {"meta": "@CLASS_NAME", "alias": "CLASS_NAME", "text": "computing-for interactive arts capstone i", "userDefined": false}, {"text": " a ", "userDefined": false}, {"meta": "@sys.number", "alias": "number", "text": "3", "userDefined": false}, {"text": " unit course?", "userDefined": false}], "count": 0, "isTemplate": false}, {"id": "45e217f0-f30c-4424-8b41-e7a1847c0955", "data": [{"text": "Is ", "userDefined": false}, {"meta": "@CLASS_NAME", "alias": "CLASS_NAME", "text": "CSC 369", "userDefined": false}, {"text": " a ", "userDefined": false}, {"meta": "@sys.number", "alias": "number", "text": "four", "userDefined": false}, {"text": " unit course?", "userDefined": false}], "count": 0, "isTemplate": false}, {"id": "a57ccda0-7a03-4506-b98f-32cb68f9d9a9", "data": [{"text": "Is ", "userDefined": false}, {"meta": "@CLASS_NAME", "alias": "CLASS_NAME", "text": "directed study", "userDefined": false}, {"text": " a ", "userDefined": false}, {"meta": "@sys.number", "alias": "number", "text": "2", "userDefined": false}, {"text": " unit course?", "userDefined": false}], "count": 0, "isTemplate": false}, {"id": "f9cebbf5-d8af-4d29-be68-8522231ba5f8", "data": [{"text": "Is ", "userDefined": false}, {"meta": "@CLASS_NAME", "alias": "CLASS_NAME", "text": "CSC 487", "userDefined": false}, {"text": " a ", "userDefined": false}, {"meta": "@sys.number", "alias": "number", "text": "one", "userDefined": false}, {"text": " unit course?", "userDefined": false}], "count": 0, "isTemplate": false}, {"id": "3f870bb2-23f7-4cdf-9387-4181a6d87759", "data": [{"text": "Is ", "userDefined": false}, {"meta": "@CLASS_NAME", "alias": "CLASS_NAME", "text": "computers-for poets", "userDefined": false}, {"text": " a ", "userDefined": false}, {"meta": "@sys.number", "alias": "number", "text": "4", "userDefined": false}, {"text": " unit course?", "userDefined": false}], "count": 0, "isTemplate": false}]