[{"count": 0, "data": [{"userDefined": false, "text": "Is "}, {"userDefined": false, "meta": "@CLASS_NAME", "alias": "CLASS_NAME", "text": "CSC 321"}, {"userDefined": false, "text": " a "}, {"userDefined": false, "meta": "@sys.number", "alias": "number", "text": "three"}, {"userDefined": false, "text": " unit class?"}], "isTemplate": false, "id": "e75177c2-7283-4b48-9337-bd4f226143d1"}, {"count": 0, "data": [{"userDefined": false, "text": "Does "}, {"userDefined": false, "meta": "@CLASS_NAME", "alias": "CLASS_NAME", "text": "senior project ii"}, {"userDefined": false, "text": " count for "}, {"userDefined": false, "meta": "@sys.number", "alias": "number", "text": "1"}, {"userDefined": false, "text": " units?"}], "isTemplate": false, "id": "8d90c085-7eed-4685-90aa-6b1fb411f94f"}, {"count": 0, "data": [{"userDefined": false, "text": "Does "}, {"userDefined": false, "meta": "@CLASS_NAME", "alias": "CLASS_NAME", "text": "CSC 453"}, {"userDefined": false, "text": " count for "}, {"userDefined": false, "meta": "@sys.number", "alias": "number", "text": "one"}, {"userDefined": false, "text": " credits?"}], "isTemplate": false, "id": "7a720417-6e0f-407c-b6b2-4d3646f13e03"}, {"count": 0, "data": [{"userDefined": false, "text": "Is "}, {"userDefined": false, "meta": "@CLASS_NAME", "alias": "CLASS_NAME", "text": "CSC 550"}, {"userDefined": false, "text": " a "}, {"userDefined": false, "meta": "@sys.number", "alias": "number", "text": "4"}, {"userDefined": false, "text": " credit course?"}], "isTemplate": false, "id": "b8eda1e0-cba7-41ea-b997-132f5f9491ae"}, {"count": 0, "data": [{"userDefined": false, "text": "Is "}, {"userDefined": false, "meta": "@CLASS_NAME", "alias": "CLASS_NAME", "text": "CSC 400"}, {"userDefined": false, "text": " a "}, {"userDefined": false, "meta": "@sys.number", "alias": "number", "text": "2"}, {"userDefined": false, "text": " unit course?"}], "isTemplate": false, "id": "f1bb2b8c-2b38-4a6e-bbfd-d0092025f43f"}]