[{"count": 0, "data": [{"userDefined": false, "text": "What topics are taught in "}, {"userDefined": false, "meta": "@CLASS_NAME", "alias": "CLASS_NAME", "text": "computing-for interactive arts capstone ii"}, {"userDefined": false, "text": "?"}], "isTemplate": false, "id": "e489ca9b-87a1-4bf8-8e75-2c03fea22d05"}, {"count": 0, "data": [{"userDefined": false, "text": "Which topics are covered in "}, {"userDefined": false, "meta": "@CLASS_NAME", "alias": "CLASS_NAME", "text": "computers-for poets"}, {"userDefined": false, "text": "?"}], "isTemplate": false, "id": "32967e18-6eec-4205-9ca8-f4ee5c7998f5"}, {"count": 0, "data": [{"userDefined": false, "text": "What topics does "}, {"userDefined": false, "meta": "@CLASS_NAME", "alias": "CLASS_NAME", "text": "personal software process"}, {"userDefined": false, "text": " cover?"}], "isTemplate": false, "id": "ee297136-d179-4a5f-a889-4ada18abdf36"}, {"count": 0, "data": [{"userDefined": false, "text": "Which topics does "}, {"userDefined": false, "meta": "@CLASS_NAME", "alias": "CLASS_NAME", "text": "introduction-to database systems"}, {"userDefined": false, "text": " cover?"}], "isTemplate": false, "id": "ffba7b4c-ab19-4fbf-904f-cfa4d29c2e65"}, {"count": 0, "data": [{"userDefined": false, "text": "What does it look like to take "}, {"userDefined": false, "meta": "@CLASS_NAME", "alias": "CLASS_NAME", "text": "data structures"}, {"userDefined": false, "text": "?"}], "isTemplate": false, "id": "85dc5faa-c4e3-498d-8892-7ebfce9bce3f"}, {"count": 0, "data": [{"userDefined": false, "text": "What will I learn in "}, {"userDefined": false, "meta": "@CLASS_NAME", "alias": "CLASS_NAME", "text": "introduction-to database systems"}, {"userDefined": false, "text": "?"}], "isTemplate": false, "id": "94a76a7c-8a29-4817-a031-69012d2f310e"}, {"count": 0, "data": [{"userDefined": false, "text": "What is the course description for "}, {"userDefined": false, "meta": "@CLASS_NAME", "alias": "CLASS_NAME", "text": "current topics-in computer security"}, {"userDefined": false, "text": "?"}], "isTemplate": false, "id": "fd74eb86-c130-4d74-8a49-3efb997c4f02"}, {"count": 0, "data": [{"userDefined": false, "text": "What do you learn about in "}, {"userDefined": false, "meta": "@CLASS_NAME", "alias": "CLASS_NAME", "text": "computer architecture"}, {"userDefined": false, "text": "?"}], "isTemplate": false, "id": "336d3333-b15d-461a-b55c-6aa821cdf4bc"}, {"count": 0, "data": [{"userDefined": false, "text": "What is "}, {"userDefined": false, "meta": "@CLASS_NAME", "alias": "CLASS_NAME", "text": "compiler construction"}, {"userDefined": false, "text": " about?"}], "isTemplate": false, "id": "0af3575b-43d4-4e5b-9952-11c990f1ba8c"}, {"count": 0, "data": [{"userDefined": false, "text": "What topics are covered in "}, {"userDefined": false, "meta": "@CLASS_NAME", "alias": "CLASS_NAME", "text": "cooperative education experience"}, {"userDefined": false, "text": "?"}], "isTemplate": false, "id": "c956cd30-b6bf-49ed-b893-ef7462e87b4e"}]