[{"count": 0, "data": [{"userDefined": false, "text": "Which courses are two-part sequences?"}], "isTemplate": false, "id": "7abc637b-5317-4aed-b18c-fbb4e883b401"}, {"count": 0, "data": [{"userDefined": false, "text": "Which classes are usually taken in two parts?"}], "isTemplate": false, "id": "c4793b71-598c-44f2-bb62-54e57cc01196"}, {"count": 0, "data": [{"userDefined": false, "text": "What courses are usually taken as a two-part sequence?"}], "isTemplate": false, "id": "851ef3e6-83b3-4e8c-9acc-b6ee3388b79b"}, {"count": 0, "data": [{"userDefined": false, "text": "Which courses are typically taken as two different parts?"}], "isTemplate": false, "id": "cafa03e8-7fee-479e-bda5-9d8c9b508cd5"}, {"count": 0, "data": [{"userDefined": false, "text": "Which classes are two-part sequences?"}], "isTemplate": false, "id": "260c88c3-b979-413c-a831-ea581cd5d921"}]