[{"id": "1a1ada39-a0e5-4d6d-86a9-0b98c359b695", "data": [{"text": "Which courses include ", "userDefined": false}, {"meta": "@SUBJECT_MATTER", "alias": "SUBJECT_MATTER", "text": "measurement", "userDefined": false}, {"text": "?", "userDefined": false}], "count": 0, "isTemplate": false}, {"id": "2b34d16a-1d9c-4bae-97b4-99d86df9a91a", "data": [{"text": "Which courses include ", "userDefined": false}, {"meta": "@SUBJECT_MATTER", "alias": "SUBJECT_MATTER", "text": "principle design", "userDefined": false}, {"text": "?", "userDefined": false}], "count": 0, "isTemplate": false}, {"id": "45bf9075-fa68-4d84-ad7a-dad5c44b8904", "data": [{"text": "Which courses include ", "userDefined": false}, {"meta": "@SUBJECT_MATTER", "alias": "SUBJECT_MATTER", "text": "entertainment", "userDefined": false}, {"text": "?", "userDefined": false}], "count": 0, "isTemplate": false}, {"id": "17b2a752-10f5-445c-a3ca-b69ab7466015", "data": [{"text": "Which courses include ", "userDefined": false}, {"meta": "@SUBJECT_MATTER", "alias": "SUBJECT_MATTER", "text": "measurement", "userDefined": false}, {"text": "?", "userDefined": false}], "count": 0, "isTemplate": false}, {"id": "6fdc61cc-5944-40fd-937b-ab97ac24f683", "data": [{"text": "Which courses include ", "userDefined": false}, {"meta": "@SUBJECT_MATTER", "alias": "SUBJECT_MATTER", "text": "function", "userDefined": false}, {"text": "?", "userDefined": false}], "count": 0, "isTemplate": false}, {"id": "022f4c61-13c7-436b-8d7d-28b3d1f62b88", "data": [{"text": "Which courses include ", "userDefined": false}, {"meta": "@SUBJECT_MATTER", "alias": "SUBJECT_MATTER", "text": "kernel", "userDefined": false}, {"text": "?", "userDefined": false}], "count": 0, "isTemplate": false}, {"id": "7b2e90f7-c07a-4c5c-a6d9-539a9d76cecb", "data": [{"text": "Which courses include ", "userDefined": false}, {"meta": "@SUBJECT_MATTER", "alias": "SUBJECT_MATTER", "text": "principle object orient", "userDefined": false}, {"text": "?", "userDefined": false}], "count": 0, "isTemplate": false}, {"id": "fc04e5a0-7ef5-4d03-9ba9-292a5820fd87", "data": [{"text": "Which courses include ", "userDefined": false}, {"meta": "@SUBJECT_MATTER", "alias": "SUBJECT_MATTER", "text": "design construction", "userDefined": false}, {"text": "?", "userDefined": false}], "count": 0, "isTemplate": false}, {"id": "74db5bbd-58a2-4bbd-afb4-a1a8ce6cab09", "data": [{"text": "Which courses include ", "userDefined": false}, {"meta": "@SUBJECT_MATTER", "alias": "SUBJECT_MATTER", "text": "access control", "userDefined": false}, {"text": "?", "userDefined": false}], "count": 0, "isTemplate": false}, {"id": "c6787b6d-229f-4a28-a08b-9dfe47b72fb2", "data": [{"text": "Which courses include ", "userDefined": false}, {"meta": "@SUBJECT_MATTER", "alias": "SUBJECT_MATTER", "text": "internet", "userDefined": false}, {"text": "?", "userDefined": false}], "count": 0, "isTemplate": false}, {"id": "652ddee8-d654-45b4-b30c-db6edd08490c", "data": [{"text": "What are classes that include ", "userDefined": false}, {"meta": "@SUBJECT_MATTER", "alias": "SUBJECT_MATTER", "text": "measurement", "userDefined": false}, {"text": "?", "userDefined": false}], "count": 0, "isTemplate": false}, {"id": "6a8c20da-64a1-4f36-8fe9-93d03ff20d29", "data": [{"text": "What are classes that include ", "userDefined": false}, {"meta": "@SUBJECT_MATTER", "alias": "SUBJECT_MATTER", "text": "individual research", "userDefined": false}, {"text": "?", "userDefined": false}], "count": 0, "isTemplate": false}, {"id": "1ba6f7d1-5dbf-4805-a852-92a35d4feb2d", "data": [{"text": "What are classes that include ", "userDefined": false}, {"meta": "@SUBJECT_MATTER", "alias": "SUBJECT_MATTER", "text": "pattern", "userDefined": false}, {"text": "?", "userDefined": false}], "count": 0, "isTemplate": false}, {"id": "7d676e62-a050-41f7-9a10-d50c1151d0b7", "data": [{"text": "What are classes that include ", "userDefined": false}, {"meta": "@SUBJECT_MATTER", "alias": "SUBJECT_MATTER", "text": "computer programming emphasis", "userDefined": false}, {"text": "?", "userDefined": false}], "count": 0, "isTemplate": false}, {"id": "0a8bd454-01b4-41a3-97b9-8d8bce47e3ad", "data": [{"text": "What are classes that include ", "userDefined": false}, {"meta": "@SUBJECT_MATTER", "alias": "SUBJECT_MATTER", "text": "c programming language", "userDefined": false}, {"text": "?", "userDefined": false}], "count": 0, "isTemplate": false}, {"id": "302bac86-ce3a-446c-ae24-f550b4adcbb0", "data": [{"text": "What are classes that include ", "userDefined": false}, {"meta": "@SUBJECT_MATTER", "alias": "SUBJECT_MATTER", "text": "sizeable software product", "userDefined": false}, {"text": "?", "userDefined": false}], "count": 0, "isTemplate": false}, {"id": "4b051026-7d82-4c7f-9722-370c02ff86d6", "data": [{"text": "What are classes that include ", "userDefined": false}, {"meta": "@SUBJECT_MATTER", "alias": "SUBJECT_MATTER", "text": "image", "userDefined": false}, {"text": "?", "userDefined": false}], "count": 0, "isTemplate": false}, {"id": "53526276-897c-4096-a0c7-146ab5d214ad", "data": [{"text": "What are classes that include ", "userDefined": false}, {"meta": "@SUBJECT_MATTER", "alias": "SUBJECT_MATTER", "text": "interprocess", "userDefined": false}, {"text": "?", "userDefined": false}], "count": 0, "isTemplate": false}, {"id": "caaae1c1-6995-42f9-84ca-9cde20cd4eb1", "data": [{"text": "What are classes that include ", "userDefined": false}, {"meta": "@SUBJECT_MATTER", "alias": "SUBJECT_MATTER", "text": "implementation testing", "userDefined": false}, {"text": "?", "userDefined": false}], "count": 0, "isTemplate": false}, {"id": "ff04dc9a-15b6-44de-81be-1b96cdaa37e4", "data": [{"text": "What are classes that include ", "userDefined": false}, {"meta": "@SUBJECT_MATTER", "alias": "SUBJECT_MATTER", "text": "cryptography", "userDefined": false}, {"text": "?", "userDefined": false}], "count": 0, "isTemplate": false}, {"id": "d15f322d-9d3c-4e8f-9031-5896c06e4066", "data": [{"text": "What are some classes that include ", "userDefined": false}, {"meta": "@SUBJECT_MATTER", "alias": "SUBJECT_MATTER", "text": "paradigm", "userDefined": false}, {"text": "?", "userDefined": false}], "count": 0, "isTemplate": false}, {"id": "8114aca3-eb44-4584-b1d0-f4d74c8aff4e", "data": [{"text": "What are some classes that include ", "userDefined": false}, {"meta": "@SUBJECT_MATTER", "alias": "SUBJECT_MATTER", "text": "paradigm", "userDefined": false}, {"text": "?", "userDefined": false}], "count": 0, "isTemplate": false}, {"id": "a89d66b0-6e45-40c5-876d-94970580c8db", "data": [{"text": "What are some classes that include ", "userDefined": false}, {"meta": "@SUBJECT_MATTER", "alias": "SUBJECT_MATTER", "text": "structure data", "userDefined": false}, {"text": "?", "userDefined": false}], "count": 0, "isTemplate": false}, {"id": "302719de-a7fb-4a0a-b044-c1e59d297cf3", "data": [{"text": "What are some classes that include ", "userDefined": false}, {"meta": "@SUBJECT_MATTER", "alias": "SUBJECT_MATTER", "text": "inheritance", "userDefined": false}, {"text": "?", "userDefined": false}], "count": 0, "isTemplate": false}, {"id": "cabda6bb-6ee2-405e-9693-d70eca1b63fe", "data": [{"text": "What are some classes that include ", "userDefined": false}, {"meta": "@SUBJECT_MATTER", "alias": "SUBJECT_MATTER", "text": "file", "userDefined": false}, {"text": "?", "userDefined": false}], "count": 0, "isTemplate": false}, {"id": "0356442c-08d0-4230-819d-3f1f50fddea5", "data": [{"text": "What are some classes that include ", "userDefined": false}, {"meta": "@SUBJECT_MATTER", "alias": "SUBJECT_MATTER", "text": "development process", "userDefined": false}, {"text": "?", "userDefined": false}], "count": 0, "isTemplate": false}, {"id": "5579eb4a-e06e-4726-bfe9-1f75b0b8e5dc", "data": [{"text": "What are some classes that include ", "userDefined": false}, {"meta": "@SUBJECT_MATTER", "alias": "SUBJECT_MATTER", "text": "implementation analysis", "userDefined": false}, {"text": "?", "userDefined": false}], "count": 0, "isTemplate": false}, {"id": "651aac44-ae8e-41dd-a795-bad0802abcfe", "data": [{"text": "What are some classes that include ", "userDefined": false}, {"meta": "@SUBJECT_MATTER", "alias": "SUBJECT_MATTER", "text": "data information", "userDefined": false}, {"text": "?", "userDefined": false}], "count": 0, "isTemplate": false}, {"id": "cef8fb3a-b8e4-4262-9489-1b404da3ec67", "data": [{"text": "What are some classes that include ", "userDefined": false}, {"meta": "@SUBJECT_MATTER", "alias": "SUBJECT_MATTER", "text": "shading", "userDefined": false}, {"text": "?", "userDefined": false}], "count": 0, "isTemplate": false}, {"id": "1db4b20c-3352-4fc9-92b5-143247b4158b", "data": [{"text": "What are some classes that include ", "userDefined": false}, {"meta": "@SUBJECT_MATTER", "alias": "SUBJECT_MATTER", "text": "principle design", "userDefined": false}, {"text": "?", "userDefined": false}], "count": 0, "isTemplate": false}, {"id": "2cb5aa4d-4502-43bd-87dc-45df3bdee005", "data": [{"text": "Which classes consist of ", "userDefined": false}, {"meta": "@SUBJECT_MATTER", "alias": "SUBJECT_MATTER", "text": "data mining", "userDefined": false}, {"text": "?", "userDefined": false}], "count": 0, "isTemplate": false}, {"id": "f057b446-ecb2-43d7-8fa3-8cf401a8d799", "data": [{"text": "Which classes consist of ", "userDefined": false}, {"meta": "@SUBJECT_MATTER", "alias": "SUBJECT_MATTER", "text": "computational art", "userDefined": false}, {"text": "?", "userDefined": false}], "count": 0, "isTemplate": false}, {"id": "85b14ca7-5216-4a6f-8eee-bd32be109ae3", "data": [{"text": "Which classes consist of ", "userDefined": false}, {"meta": "@SUBJECT_MATTER", "alias": "SUBJECT_MATTER", "text": "high level language", "userDefined": false}, {"text": "?", "userDefined": false}], "count": 0, "isTemplate": false}, {"id": "074bc3ec-806a-4400-8322-673a7e68d0ea", "data": [{"text": "Which classes consist of ", "userDefined": false}, {"meta": "@SUBJECT_MATTER", "alias": "SUBJECT_MATTER", "text": "design develop", "userDefined": false}, {"text": "?", "userDefined": false}], "count": 0, "isTemplate": false}, {"id": "e1165679-4416-4d93-9ffa-1ea08ebe7d1c", "data": [{"text": "Which classes consist of ", "userDefined": false}, {"meta": "@SUBJECT_MATTER", "alias": "SUBJECT_MATTER", "text": "business", "userDefined": false}, {"text": "?", "userDefined": false}], "count": 0, "isTemplate": false}, {"id": "99ff859f-b72d-4c33-9cc2-e2c3c262a766", "data": [{"text": "Which classes consist of ", "userDefined": false}, {"meta": "@SUBJECT_MATTER", "alias": "SUBJECT_MATTER", "text": "individual investigation research", "userDefined": false}, {"text": "?", "userDefined": false}], "count": 0, "isTemplate": false}, {"id": "7fcc6873-2865-4cdb-952a-d46f338c6b7a", "data": [{"text": "Which classes consist of ", "userDefined": false}, {"meta": "@SUBJECT_MATTER", "alias": "SUBJECT_MATTER", "text": "reality", "userDefined": false}, {"text": "?", "userDefined": false}], "count": 0, "isTemplate": false}, {"id": "0747f76d-39e2-44ce-a74a-dfc25c723fa7", "data": [{"text": "Which classes consist of ", "userDefined": false}, {"meta": "@SUBJECT_MATTER", "alias": "SUBJECT_MATTER", "text": "linguistics", "userDefined": false}, {"text": "?", "userDefined": false}], "count": 0, "isTemplate": false}, {"id": "0fdd8175-5992-41af-bd86-fa681bcef488", "data": [{"text": "Which classes consist of ", "userDefined": false}, {"meta": "@SUBJECT_MATTER", "alias": "SUBJECT_MATTER", "text": "operator", "userDefined": false}, {"text": "?", "userDefined": false}], "count": 0, "isTemplate": false}, {"id": "52597f0e-cd0e-410a-8c23-bf58721e2a73", "data": [{"text": "Which classes consist of ", "userDefined": false}, {"meta": "@SUBJECT_MATTER", "alias": "SUBJECT_MATTER", "text": "system implementation", "userDefined": false}, {"text": "?", "userDefined": false}], "count": 0, "isTemplate": false}, {"id": "46e69500-b174-4a5a-9fb2-dc42d67dba68", "data": [{"text": "Which classes touch on ", "userDefined": false}, {"meta": "@SUBJECT_MATTER", "alias": "SUBJECT_MATTER", "text": "pattern", "userDefined": false}, {"text": "?", "userDefined": false}], "count": 0, "isTemplate": false}, {"id": "cf59a338-51f7-4b62-9540-a1c648fb6098", "data": [{"text": "Which classes touch on ", "userDefined": false}, {"meta": "@SUBJECT_MATTER", "alias": "SUBJECT_MATTER", "text": "implementation testing", "userDefined": false}, {"text": "?", "userDefined": false}], "count": 0, "isTemplate": false}, {"id": "8bed2e98-5a46-4d70-b6d7-c116480a83ae", "data": [{"text": "Which classes touch on ", "userDefined": false}, {"meta": "@SUBJECT_MATTER", "alias": "SUBJECT_MATTER", "text": "programming environment", "userDefined": false}, {"text": "?", "userDefined": false}], "count": 0, "isTemplate": false}, {"id": "fdfa02a7-99eb-4109-9e62-159dd527068f", "data": [{"text": "Which classes touch on ", "userDefined": false}, {"meta": "@SUBJECT_MATTER", "alias": "SUBJECT_MATTER", "text": "natural language processing", "userDefined": false}, {"text": "?", "userDefined": false}], "count": 0, "isTemplate": false}, {"id": "2e02eb89-bda7-41f3-856d-9b805d884843", "data": [{"text": "Which classes touch on ", "userDefined": false}, {"meta": "@SUBJECT_MATTER", "alias": "SUBJECT_MATTER", "text": "programming introduction", "userDefined": false}, {"text": "?", "userDefined": false}], "count": 0, "isTemplate": false}, {"id": "796b8ece-a92e-4264-9f3e-5c1a7c08a9c2", "data": [{"text": "Which classes touch on ", "userDefined": false}, {"meta": "@SUBJECT_MATTER", "alias": "SUBJECT_MATTER", "text": "paradigm", "userDefined": false}, {"text": "?", "userDefined": false}], "count": 0, "isTemplate": false}, {"id": "cf507468-0ae1-4075-83b0-cca2d0b4544f", "data": [{"text": "Which classes touch on ", "userDefined": false}, {"meta": "@SUBJECT_MATTER", "alias": "SUBJECT_MATTER", "text": "operate system", "userDefined": false}, {"text": "?", "userDefined": false}], "count": 0, "isTemplate": false}, {"id": "c46016ed-01f0-4d9b-923a-f0ed5c21cd57", "data": [{"text": "Which classes touch on ", "userDefined": false}, {"meta": "@SUBJECT_MATTER", "alias": "SUBJECT_MATTER", "text": "basic control", "userDefined": false}, {"text": "?", "userDefined": false}], "count": 0, "isTemplate": false}, {"id": "072e6d5c-5fb4-4cb4-ad33-eb0b5adf5acc", "data": [{"text": "Which classes touch on ", "userDefined": false}, {"meta": "@SUBJECT_MATTER", "alias": "SUBJECT_MATTER", "text": "knowledge discovery", "userDefined": false}, {"text": "?", "userDefined": false}], "count": 0, "isTemplate": false}, {"id": "0018569e-909a-47c3-8097-5062ea39e5ac", "data": [{"text": "Which classes touch on ", "userDefined": false}, {"meta": "@SUBJECT_MATTER", "alias": "SUBJECT_MATTER", "text": "knowledge discovery", "userDefined": false}, {"text": "?", "userDefined": false}], "count": 0, "isTemplate": false}, {"id": "62c4c4ab-f3ce-4992-8d5b-94f4a4b0929a", "data": [{"text": "Which classes include ", "userDefined": false}, {"meta": "@SUBJECT_MATTER", "alias": "SUBJECT_MATTER", "text": "presentation method practice", "userDefined": false}, {"text": "?", "userDefined": false}], "count": 0, "isTemplate": false}, {"id": "785543d1-52df-47aa-b675-948da9ed184f", "data": [{"text": "Which classes include ", "userDefined": false}, {"meta": "@SUBJECT_MATTER", "alias": "SUBJECT_MATTER", "text": "case study", "userDefined": false}, {"text": "?", "userDefined": false}], "count": 0, "isTemplate": false}, {"id": "7bc46b65-2a9d-4b67-9db2-a809662c404d", "data": [{"text": "Which classes include ", "userDefined": false}, {"meta": "@SUBJECT_MATTER", "alias": "SUBJECT_MATTER", "text": "computer programming", "userDefined": false}, {"text": "?", "userDefined": false}], "count": 0, "isTemplate": false}, {"id": "1ad20236-5709-4d39-bfbc-70c560bd4872", "data": [{"text": "Which classes include ", "userDefined": false}, {"meta": "@SUBJECT_MATTER", "alias": "SUBJECT_MATTER", "text": "digital", "userDefined": false}, {"text": "?", "userDefined": false}], "count": 0, "isTemplate": false}, {"id": "b613360c-6d59-4311-a0d3-7c6d940b097f", "data": [{"text": "Which classes include ", "userDefined": false}, {"meta": "@SUBJECT_MATTER", "alias": "SUBJECT_MATTER", "text": "distribute database", "userDefined": false}, {"text": "?", "userDefined": false}], "count": 0, "isTemplate": false}, {"id": "bbc019d9-0857-48e9-91d8-7b156238315a", "data": [{"text": "Which classes include ", "userDefined": false}, {"meta": "@SUBJECT_MATTER", "alias": "SUBJECT_MATTER", "text": "engine", "userDefined": false}, {"text": "?", "userDefined": false}], "count": 0, "isTemplate": false}, {"id": "f1ba1495-6368-4203-9b07-727213d0d4ad", "data": [{"text": "Which classes include ", "userDefined": false}, {"meta": "@SUBJECT_MATTER", "alias": "SUBJECT_MATTER", "text": "dynamic data structure", "userDefined": false}, {"text": "?", "userDefined": false}], "count": 0, "isTemplate": false}, {"id": "bdc433c4-3d45-47e0-b4ec-a93a1dd4eaab", "data": [{"text": "Which classes include ", "userDefined": false}, {"meta": "@SUBJECT_MATTER", "alias": "SUBJECT_MATTER", "text": "mining", "userDefined": false}, {"text": "?", "userDefined": false}], "count": 0, "isTemplate": false}, {"id": "ed5af655-9ce4-4ac2-b12d-8c09ddaeb6b1", "data": [{"text": "Which classes include ", "userDefined": false}, {"meta": "@SUBJECT_MATTER", "alias": "SUBJECT_MATTER", "text": "discovery data", "userDefined": false}, {"text": "?", "userDefined": false}], "count": 0, "isTemplate": false}, {"id": "0d1ff85e-76d5-4299-92f0-92a60a197aaa", "data": [{"text": "Which classes include ", "userDefined": false}, {"meta": "@SUBJECT_MATTER", "alias": "SUBJECT_MATTER", "text": "performance", "userDefined": false}, {"text": "?", "userDefined": false}], "count": 0, "isTemplate": false}]