[{"count": 0, "data": [{"userDefined": false, "text": "Are there a lot of projects in "}, {"userDefined": false, "meta": "@CLASS_NAME", "alias": "CLASS_NAME", "text": "CSC 209"}, {"userDefined": false, "text": "?"}], "isTemplate": false, "id": "4c216db5-b77b-4c35-b8f9-7837edd0e3f9"}, {"count": 0, "data": [{"userDefined": false, "text": "Does "}, {"userDefined": false, "meta": "@CLASS_NAME", "alias": "CLASS_NAME", "text": "cooperative education experience"}, {"userDefined": false, "text": " have a lot of projects?"}], "isTemplate": false, "id": "4eb675c0-4c88-409b-8855-ff77314160fa"}, {"count": 0, "data": [{"userDefined": false, "text": "Is "}, {"userDefined": false, "meta": "@CLASS_NAME", "alias": "CLASS_NAME", "text": "data structures"}, {"userDefined": false, "text": " taught mostly with projects"}], "isTemplate": false, "id": "9a55923d-c19d-4af4-bb6b-0c99d810294d"}, {"count": 0, "data": [{"userDefined": false, "text": "Does "}, {"userDefined": false, "meta": "@CLASS_NAME", "alias": "CLASS_NAME", "text": "CSC 429"}, {"userDefined": false, "text": " consist mostly of projects?"}], "isTemplate": false, "id": "767b5bd1-0876-4cce-950a-ebf2b0ff6509"}, {"count": 0, "data": [{"userDefined": false, "text": "Does "}, {"userDefined": false, "meta": "@CLASS_NAME", "alias": "CLASS_NAME", "text": "CSC 436"}, {"userDefined": false, "text": " typically consist of projects?"}], "isTemplate": false, "id": "a7b19dee-e3e8-44a1-a46b-54d2dd201df7"}, {"count": 0, "data": [{"userDefined": false, "text": "Is "}, {"userDefined": false, "meta": "@CLASS_NAME", "alias": "CLASS_NAME", "text": "CSC 597"}, {"userDefined": false, "text": " project based?"}], "isTemplate": false, "id": "e6f28f0a-18db-41cf-b960-f2b2bf9d5cbf"}]