[{"count": 0, "data": [{"userDefined": false, "text": "Which courses are crosslisted in another department?"}], "isTemplate": false, "id": "969b1a33-402b-444a-b620-2246d1f62328"}, {"count": 0, "data": [{"userDefined": false, "text": "What classes are also listed in another department?"}], "isTemplate": false, "id": "a4d7c0bd-12bb-4865-bbab-a41528826877"}, {"count": 0, "data": [{"userDefined": false, "text": "Which class listings can also be found in another department?"}], "isTemplate": false, "id": "aa570183-0c88-4f0e-bf8e-a6a017714959"}, {"count": 0, "data": [{"userDefined": false, "text": "Which classes are crosslisted under another department?"}], "isTemplate": false, "id": "9beb771d-dd98-4cfe-9624-2a3ae29befb0"}, {"count": 0, "data": [{"userDefined": false, "text": "Which classes are crosslisted in another department?"}], "isTemplate": false, "id": "fb45e70d-4ffe-4518-a754-64d897a27c16"}]