[{"id": "19193c27-2c78-4bab-9fa6-1dbdaeeacc29", "data": [{"text": "Which courses are crosslisted in another department?", "userDefined": false}], "count": 0, "isTemplate": false}, {"id": "6d8bdce3-e84b-450b-ab82-e83c85ae79a6", "data": [{"text": "Which courses are crosslisted in another department?", "userDefined": false}], "count": 0, "isTemplate": false}, {"id": "e56c72cd-1cab-49d8-95c2-161fc2280bbe", "data": [{"text": "Which courses are crosslisted in another department?", "userDefined": false}], "count": 0, "isTemplate": false}, {"id": "90b360fc-1599-4182-8746-b1718070788f", "data": [{"text": "Which courses are crosslisted in another department?", "userDefined": false}], "count": 0, "isTemplate": false}, {"id": "e7e9fcd7-8117-426c-8d11-78ca248d84ff", "data": [{"text": "Which courses are crosslisted in another department?", "userDefined": false}], "count": 0, "isTemplate": false}, {"id": "41309630-8c05-4ddc-a435-893a0137e5be", "data": [{"text": "Which courses are crosslisted in another department?", "userDefined": false}], "count": 0, "isTemplate": false}, {"id": "899722ff-6532-4acb-9cca-39dc52b947e1", "data": [{"text": "Which courses are crosslisted in another department?", "userDefined": false}], "count": 0, "isTemplate": false}, {"id": "18ca1a6d-ee19-4d90-bc5f-608e439a1db0", "data": [{"text": "Which courses are crosslisted in another department?", "userDefined": false}], "count": 0, "isTemplate": false}, {"id": "0c0cae57-f889-4bb3-a803-3030e3fe2d20", "data": [{"text": "Which courses are crosslisted in another department?", "userDefined": false}], "count": 0, "isTemplate": false}, {"id": "7d8845d4-86ef-48db-ac24-8fffaaf88405", "data": [{"text": "Which courses are crosslisted in another department?", "userDefined": false}], "count": 0, "isTemplate": false}, {"id": "aa0d5371-ae51-4afc-8ee9-ba3be518c01e", "data": [{"text": "What classes are also listed in another department?", "userDefined": false}], "count": 0, "isTemplate": false}, {"id": "555d587d-e239-4609-bd55-c1adaa18537a", "data": [{"text": "What classes are also listed in another department?", "userDefined": false}], "count": 0, "isTemplate": false}, {"id": "fb31b983-439b-4ff0-9026-c34547591edf", "data": [{"text": "What classes are also listed in another department?", "userDefined": false}], "count": 0, "isTemplate": false}, {"id": "0f79159e-e981-4321-bd4a-66d6c35af9e7", "data": [{"text": "What classes are also listed in another department?", "userDefined": false}], "count": 0, "isTemplate": false}, {"id": "82e3fd07-97dd-4914-992e-ad6994540b34", "data": [{"text": "What classes are also listed in another department?", "userDefined": false}], "count": 0, "isTemplate": false}, {"id": "1cbffcb2-7897-47fc-b7f8-da55653f7783", "data": [{"text": "What classes are also listed in another department?", "userDefined": false}], "count": 0, "isTemplate": false}, {"id": "30731b57-54e9-4097-ada6-ea3b1dd13734", "data": [{"text": "What classes are also listed in another department?", "userDefined": false}], "count": 0, "isTemplate": false}, {"id": "87453795-33d8-496c-9117-18da89c466e2", "data": [{"text": "What classes are also listed in another department?", "userDefined": false}], "count": 0, "isTemplate": false}, {"id": "5fd72691-4c27-4d19-bc0c-0b3f55f0248c", "data": [{"text": "What classes are also listed in another department?", "userDefined": false}], "count": 0, "isTemplate": false}, {"id": "8b68afcf-1717-4e80-b54a-1c95acfee8b6", "data": [{"text": "What classes are also listed in another department?", "userDefined": false}], "count": 0, "isTemplate": false}, {"id": "b2f93d54-e293-484d-bff9-d4046d2d9601", "data": [{"text": "Which class listings can also be found in another department?", "userDefined": false}], "count": 0, "isTemplate": false}, {"id": "fcf6c36e-f2c5-41fa-be86-e0a376c5ae25", "data": [{"text": "Which class listings can also be found in another department?", "userDefined": false}], "count": 0, "isTemplate": false}, {"id": "4d01d84c-c464-473f-8a28-59e68206cc7b", "data": [{"text": "Which class listings can also be found in another department?", "userDefined": false}], "count": 0, "isTemplate": false}, {"id": "c9f75eaa-d80c-429e-8542-de6cac0f4da9", "data": [{"text": "Which class listings can also be found in another department?", "userDefined": false}], "count": 0, "isTemplate": false}, {"id": "e6232c0a-48ff-4d51-8c99-7821c600e2c9", "data": [{"text": "Which class listings can also be found in another department?", "userDefined": false}], "count": 0, "isTemplate": false}, {"id": "cde8c2f6-e098-4ba5-a945-1faadf6b0a5d", "data": [{"text": "Which class listings can also be found in another department?", "userDefined": false}], "count": 0, "isTemplate": false}, {"id": "fed3012a-0492-4324-85e4-b27a1b94ab80", "data": [{"text": "Which class listings can also be found in another department?", "userDefined": false}], "count": 0, "isTemplate": false}, {"id": "ca6e2f5c-0a92-46cd-a7de-06891121b0f5", "data": [{"text": "Which class listings can also be found in another department?", "userDefined": false}], "count": 0, "isTemplate": false}, {"id": "83ac444c-be3e-42fc-9d89-291045cde8c5", "data": [{"text": "Which class listings can also be found in another department?", "userDefined": false}], "count": 0, "isTemplate": false}, {"id": "d3cf2b59-c5f8-4d92-8ae3-ff4738d65ebb", "data": [{"text": "Which class listings can also be found in another department?", "userDefined": false}], "count": 0, "isTemplate": false}, {"id": "2162736b-b619-4f05-8637-f9769110af70", "data": [{"text": "Which classes are crosslisted under another department?", "userDefined": false}], "count": 0, "isTemplate": false}, {"id": "2661215a-700e-4073-a5c1-1c2f37135875", "data": [{"text": "Which classes are crosslisted under another department?", "userDefined": false}], "count": 0, "isTemplate": false}, {"id": "f1acb520-3e8a-4838-bb20-aaa9371fa785", "data": [{"text": "Which classes are crosslisted under another department?", "userDefined": false}], "count": 0, "isTemplate": false}, {"id": "fcfbf428-8f32-446d-a30c-cbc53526bbb0", "data": [{"text": "Which classes are crosslisted under another department?", "userDefined": false}], "count": 0, "isTemplate": false}, {"id": "0c0ed745-6cfc-400f-a6f9-d28cba261c28", "data": [{"text": "Which classes are crosslisted under another department?", "userDefined": false}], "count": 0, "isTemplate": false}, {"id": "a1688eea-1cb5-46ea-9fab-08732d8541b7", "data": [{"text": "Which classes are crosslisted under another department?", "userDefined": false}], "count": 0, "isTemplate": false}, {"id": "88f80b1f-1159-44fe-b57a-522c52dddb57", "data": [{"text": "Which classes are crosslisted under another department?", "userDefined": false}], "count": 0, "isTemplate": false}, {"id": "b0af5c48-9d31-440e-9e39-c90c81b73f0e", "data": [{"text": "Which classes are crosslisted under another department?", "userDefined": false}], "count": 0, "isTemplate": false}, {"id": "5ed82492-a38c-4602-ab58-87e2f9d5f614", "data": [{"text": "Which classes are crosslisted under another department?", "userDefined": false}], "count": 0, "isTemplate": false}, {"id": "8f54c280-7ce0-46cc-a65c-6a0d3d8eec7a", "data": [{"text": "Which classes are crosslisted under another department?", "userDefined": false}], "count": 0, "isTemplate": false}, {"id": "256fe832-5a37-43b3-ad02-13db95e91a59", "data": [{"text": "Which classes are crosslisted in another department?", "userDefined": false}], "count": 0, "isTemplate": false}, {"id": "165875d7-be3d-4b99-bb13-bd4fadd947a9", "data": [{"text": "Which classes are crosslisted in another department?", "userDefined": false}], "count": 0, "isTemplate": false}, {"id": "0e23ab5d-812e-4d8d-9be1-49ccf95d9372", "data": [{"text": "Which classes are crosslisted in another department?", "userDefined": false}], "count": 0, "isTemplate": false}, {"id": "a837d117-526e-49e9-9be3-01193b60756e", "data": [{"text": "Which classes are crosslisted in another department?", "userDefined": false}], "count": 0, "isTemplate": false}, {"id": "d9a2c34e-54b4-41f3-96ab-bfdad9d4781a", "data": [{"text": "Which classes are crosslisted in another department?", "userDefined": false}], "count": 0, "isTemplate": false}, {"id": "f3946eb3-24c6-44f1-b290-ea3365aff156", "data": [{"text": "Which classes are crosslisted in another department?", "userDefined": false}], "count": 0, "isTemplate": false}, {"id": "8713ecb5-a5e3-4f7f-9d06-ddf557d81a6a", "data": [{"text": "Which classes are crosslisted in another department?", "userDefined": false}], "count": 0, "isTemplate": false}, {"id": "46ee69c4-3a82-48b6-9b96-9a4f43910e8c", "data": [{"text": "Which classes are crosslisted in another department?", "userDefined": false}], "count": 0, "isTemplate": false}, {"id": "aa2eaee2-e1be-464e-82e8-9ced1614e733", "data": [{"text": "Which classes are crosslisted in another department?", "userDefined": false}], "count": 0, "isTemplate": false}, {"id": "28f0cf25-1176-4683-9cea-b596ee8f6229", "data": [{"text": "Which classes are crosslisted in another department?", "userDefined": false}], "count": 0, "isTemplate": false}]