[{"count": 0, "data": [{"userDefined": false, "text": "Is there a lot of group work in "}, {"userDefined": false, "meta": "@CLASS_NAME", "alias": "CLASS_NAME", "text": "CSC 311"}, {"userDefined": false, "text": "?"}], "isTemplate": false, "id": "f6638cc9-b0c5-40c1-9215-55a3443f72d7"}, {"count": 0, "data": [{"userDefined": false, "text": "Does "}, {"userDefined": false, "meta": "@CLASS_NAME", "alias": "CLASS_NAME", "text": "CSC 225"}, {"userDefined": false, "text": " have a lot of group work?"}], "isTemplate": false, "id": "3e15bce6-ded3-4911-80aa-3cf942b85781"}, {"count": 0, "data": [{"userDefined": false, "text": "Is "}, {"userDefined": false, "meta": "@CLASS_NAME", "alias": "CLASS_NAME", "text": "special problems"}, {"userDefined": false, "text": " taught mostly by group work"}], "isTemplate": false, "id": "d67c6890-d0fb-4c4d-becf-d47c2ee69152"}, {"count": 0, "data": [{"userDefined": false, "text": "Does "}, {"userDefined": false, "meta": "@CLASS_NAME", "alias": "CLASS_NAME", "text": "CSC 171"}, {"userDefined": false, "text": " consist mostly of group work?"}], "isTemplate": false, "id": "79d7598d-9e32-411d-acb5-3820b70d239c"}, {"count": 0, "data": [{"userDefined": false, "text": "Does "}, {"userDefined": false, "meta": "@CLASS_NAME", "alias": "CLASS_NAME", "text": "CSC 469"}, {"userDefined": false, "text": " typically consist of group work?"}], "isTemplate": false, "id": "4f561e7d-6a1e-4457-ba5a-a459e9e11ccb"}, {"count": 0, "data": [{"userDefined": false, "text": "Does "}, {"userDefined": false, "meta": "@CLASS_NAME", "alias": "CLASS_NAME", "text": "knowledge based systems"}, {"userDefined": false, "text": " include group work?"}], "isTemplate": false, "id": "47663e9d-1d21-4e21-aa11-81dd81a6d017"}]