[{"count": 0, "data": [{"userDefined": false, "text": "What are the differences in taking "}, {"userDefined": false, "meta": "@CLASS_NAME", "alias": "CLASS_NAME", "text": "fundamentals-of computer science-for scientists-and engineers i"}, {"userDefined": false, "text": " versus "}, {"userDefined": false, "meta": "@CLASS_NAME", "alias": "CLASS_NAME", "text": "distributed systems"}, {"userDefined": false, "text": "?"}], "isTemplate": false, "id": "efb5ed7f-3394-49de-ba28-416ac9e60a26"}, {"count": 0, "data": [{"userDefined": false, "text": "What are key differences in "}, {"userDefined": false, "meta": "@CLASS_NAME", "alias": "CLASS_NAME", "text": "CSC 494"}, {"userDefined": false, "text": " and "}, {"userDefined": false, "meta": "@CLASS_NAME", "alias": "CLASS_NAME", "text": "CSC 492"}, {"userDefined": false, "text": "?"}], "isTemplate": false, "id": "335ebada-5ae4-45e3-9b9f-3b45b2bca2b8"}, {"count": 0, "data": [{"userDefined": false, "text": "Why would a student take "}, {"userDefined": false, "meta": "@CLASS_NAME", "alias": "CLASS_NAME", "text": "introduction-to privacy: policy-and technology"}, {"userDefined": false, "text": " over "}, {"userDefined": false, "meta": "@CLASS_NAME", "alias": "CLASS_NAME", "text": "distributed computing"}, {"userDefined": false, "text": "?"}], "isTemplate": false, "id": "1743a8a6-bfdd-4917-ba71-3ec6a80bd4d4"}, {"count": 0, "data": [{"userDefined": false, "text": "How is "}, {"userDefined": false, "meta": "@CLASS_NAME", "alias": "CLASS_NAME", "text": "CSC 305"}, {"userDefined": false, "text": " different from "}, {"userDefined": false, "meta": "@CLASS_NAME", "alias": "CLASS_NAME", "text": "cooperative education experience"}, {"userDefined": false, "text": "?"}], "isTemplate": false, "id": "f8ddf64a-d159-4d9a-906b-e59e251bbc21"}, {"count": 0, "data": [{"userDefined": false, "text": "What are the differences between "}, {"userDefined": false, "meta": "@CLASS_NAME", "alias": "CLASS_NAME", "text": "operating systems"}, {"userDefined": false, "text": " and "}, {"userDefined": false, "meta": "@CLASS_NAME", "alias": "CLASS_NAME", "text": "CSC 595"}, {"userDefined": false, "text": "?"}], "isTemplate": false, "id": "d265583b-ded3-42db-b769-a3ca68f93215"}]