[{"count": 0, "data": [{"userDefined": false, "text": "Which courses count as a tech elective?"}], "isTemplate": false, "id": "f9ba9f38-7a76-4f20-aff3-41186b8db7aa"}, {"count": 0, "data": [{"userDefined": false, "text": "Which classes can count as a tech elective?"}], "isTemplate": false, "id": "f454e586-2dc1-4222-9015-86280f8b8a83"}, {"count": 0, "data": [{"userDefined": false, "text": "What classes can also count as a tech elective?"}], "isTemplate": false, "id": "6cb62555-1b15-4a91-808d-e210e387a51d"}, {"count": 0, "data": [{"userDefined": false, "text": "What tech electives can I take?"}], "isTemplate": false, "id": "36575b38-6e5c-4e8b-a1b7-7da55f02905c"}, {"count": 0, "data": [{"userDefined": false, "text": "Which classes can I take as a tech elective?"}], "isTemplate": false, "id": "f57cb529-2700-4a59-9e58-86409c3be59d"}, {"count": 0, "data": [{"userDefined": false, "text": "Which classes can be taken as a tech elective?"}], "isTemplate": false, "id": "d252f236-cf37-4471-8c36-c84ca72a1149"}, {"count": 0, "data": [{"userDefined": false, "text": "What tech electives can be taken?"}], "isTemplate": false, "id": "50c8f3fc-c70f-43eb-904c-dd9366d822f8"}, {"count": 0, "data": [{"userDefined": false, "text": "Which classes count as a tech elective?"}], "isTemplate": false, "id": "f6f4706f-1fe9-4c49-909a-60b44788e041"}]