[{"id": "47b1d445-6314-4cbd-bf8e-0b68232c896c", "data": [{"text": "Which courses are seminars?", "userDefined": false}], "count": 0, "isTemplate": false}, {"id": "057a5f4a-75ed-4c1e-9396-df0cdb8bf4ff", "data": [{"text": "Which courses are seminars?", "userDefined": false}], "count": 0, "isTemplate": false}, {"id": "f7812cc4-ab76-4b59-9051-4d8902c0bcaa", "data": [{"text": "Which courses are seminars?", "userDefined": false}], "count": 0, "isTemplate": false}, {"id": "d4f8327e-0850-447e-83ec-37e629c644e4", "data": [{"text": "Which courses are seminars?", "userDefined": false}], "count": 0, "isTemplate": false}, {"id": "144e0e38-bccc-485c-a658-97c5c0658df1", "data": [{"text": "Which courses are seminars?", "userDefined": false}], "count": 0, "isTemplate": false}, {"id": "9e36609f-dfe9-4b84-a5a2-56b22943b2be", "data": [{"text": "Which courses are seminars?", "userDefined": false}], "count": 0, "isTemplate": false}, {"id": "d3c9f559-0363-4d3b-a458-718ea3908c01", "data": [{"text": "Which courses are seminars?", "userDefined": false}], "count": 0, "isTemplate": false}, {"id": "3cd1c8d7-78e9-42d3-8338-4b7846437f1a", "data": [{"text": "Which courses are seminars?", "userDefined": false}], "count": 0, "isTemplate": false}, {"id": "645b716e-e348-4310-85c3-a0c15bf82ea7", "data": [{"text": "Which courses are seminars?", "userDefined": false}], "count": 0, "isTemplate": false}, {"id": "3eb73618-2021-4204-a4eb-dcc82a0732c1", "data": [{"text": "Which courses are seminars?", "userDefined": false}], "count": 0, "isTemplate": false}, {"id": "6a1521a7-c53a-43bf-9c52-55a512e5556e", "data": [{"text": "What classes are considered to be seminars?", "userDefined": false}], "count": 0, "isTemplate": false}, {"id": "70ed4391-5000-4055-91d0-8c32c861f460", "data": [{"text": "What classes are considered to be seminars?", "userDefined": false}], "count": 0, "isTemplate": false}, {"id": "c177bdf6-2e00-44ca-94fe-8ecf04aa07a6", "data": [{"text": "What classes are considered to be seminars?", "userDefined": false}], "count": 0, "isTemplate": false}, {"id": "feced68e-0389-4533-8038-04025bef146f", "data": [{"text": "What classes are considered to be seminars?", "userDefined": false}], "count": 0, "isTemplate": false}, {"id": "e39f9d07-4656-48c3-a8ca-fdc70d2a94bc", "data": [{"text": "What classes are considered to be seminars?", "userDefined": false}], "count": 0, "isTemplate": false}, {"id": "020f2547-2e3f-4e33-b26e-7d5b5cd3042a", "data": [{"text": "What classes are considered to be seminars?", "userDefined": false}], "count": 0, "isTemplate": false}, {"id": "050eade1-71a2-49d4-a300-93ba0d2bf07e", "data": [{"text": "What classes are considered to be seminars?", "userDefined": false}], "count": 0, "isTemplate": false}, {"id": "0ac3bdf9-9565-4c38-9ab0-106609854881", "data": [{"text": "What classes are considered to be seminars?", "userDefined": false}], "count": 0, "isTemplate": false}, {"id": "a6f7d27c-0644-41bc-8784-d46321303cb6", "data": [{"text": "What classes are considered to be seminars?", "userDefined": false}], "count": 0, "isTemplate": false}, {"id": "38a73772-4105-459a-bed5-ae6cf01f3345", "data": [{"text": "What classes are considered to be seminars?", "userDefined": false}], "count": 0, "isTemplate": false}, {"id": "7943376c-1c31-46d7-9076-dc6d89bd84b2", "data": [{"text": "Which classes are taught as seminars?", "userDefined": false}], "count": 0, "isTemplate": false}, {"id": "c4e17ef3-3f3e-4e8f-b447-9625dd6ff000", "data": [{"text": "Which classes are taught as seminars?", "userDefined": false}], "count": 0, "isTemplate": false}, {"id": "b8f54e2c-a328-41da-b4bb-f0f3cfb2e880", "data": [{"text": "Which classes are taught as seminars?", "userDefined": false}], "count": 0, "isTemplate": false}, {"id": "754a0e1c-0fb6-43bc-8a92-2c949cadf721", "data": [{"text": "Which classes are taught as seminars?", "userDefined": false}], "count": 0, "isTemplate": false}, {"id": "933541a7-a7e1-495e-868b-57249757fd32", "data": [{"text": "Which classes are taught as seminars?", "userDefined": false}], "count": 0, "isTemplate": false}, {"id": "006f2d6a-264d-47ec-87a9-ed49ac82d8db", "data": [{"text": "Which classes are taught as seminars?", "userDefined": false}], "count": 0, "isTemplate": false}, {"id": "a5102670-b5d5-4351-b52d-e1fa421e0b0d", "data": [{"text": "Which classes are taught as seminars?", "userDefined": false}], "count": 0, "isTemplate": false}, {"id": "fe6b4648-678b-4c98-ad2a-4c18756a8db5", "data": [{"text": "Which classes are taught as seminars?", "userDefined": false}], "count": 0, "isTemplate": false}, {"id": "eb4117dd-8610-407b-bf3a-6460a17b2b85", "data": [{"text": "Which classes are taught as seminars?", "userDefined": false}], "count": 0, "isTemplate": false}, {"id": "91675587-6df9-4ada-9664-2093390b2741", "data": [{"text": "Which classes are taught as seminars?", "userDefined": false}], "count": 0, "isTemplate": false}, {"id": "139890f8-6bd7-4d0d-a544-79af6786637a", "data": [{"text": "Which courses are taught like seminars?", "userDefined": false}], "count": 0, "isTemplate": false}, {"id": "5939d030-8fef-4328-91e3-57c6a6f867b7", "data": [{"text": "Which courses are taught like seminars?", "userDefined": false}], "count": 0, "isTemplate": false}, {"id": "a80b6a54-c09c-4e47-bf36-06eff06f6b03", "data": [{"text": "Which courses are taught like seminars?", "userDefined": false}], "count": 0, "isTemplate": false}, {"id": "834461aa-8081-45fc-9c07-bd7534ba974e", "data": [{"text": "Which courses are taught like seminars?", "userDefined": false}], "count": 0, "isTemplate": false}, {"id": "32367056-5175-48dd-b24c-e7dadfd48ad3", "data": [{"text": "Which courses are taught like seminars?", "userDefined": false}], "count": 0, "isTemplate": false}, {"id": "2cc08b9b-a51f-47d1-83c6-54c3b171a2ec", "data": [{"text": "Which courses are taught like seminars?", "userDefined": false}], "count": 0, "isTemplate": false}, {"id": "9418c106-440d-4852-9904-dbeef422b819", "data": [{"text": "Which courses are taught like seminars?", "userDefined": false}], "count": 0, "isTemplate": false}, {"id": "178dc4e6-f90e-4db6-a0b7-b88f9e7d7969", "data": [{"text": "Which courses are taught like seminars?", "userDefined": false}], "count": 0, "isTemplate": false}, {"id": "5af9b2bc-f907-418b-9390-1591f67f31bd", "data": [{"text": "Which courses are taught like seminars?", "userDefined": false}], "count": 0, "isTemplate": false}, {"id": "5e40a804-fdef-4894-853e-beb685d7325a", "data": [{"text": "Which courses are taught like seminars?", "userDefined": false}], "count": 0, "isTemplate": false}, {"id": "6ef2c898-4eba-4a47-b2b8-cb9979124d83", "data": [{"text": "Which classes are seminars?", "userDefined": false}], "count": 0, "isTemplate": false}, {"id": "6363ecc5-874d-4f21-b456-4f9856956288", "data": [{"text": "Which classes are seminars?", "userDefined": false}], "count": 0, "isTemplate": false}, {"id": "f4d3262b-7256-4fca-870e-be73a17c14b7", "data": [{"text": "Which classes are seminars?", "userDefined": false}], "count": 0, "isTemplate": false}, {"id": "9742abfa-59d6-4975-a9d5-1f189da3c5fe", "data": [{"text": "Which classes are seminars?", "userDefined": false}], "count": 0, "isTemplate": false}, {"id": "39d0cad1-271e-4f5b-86f6-611d917887d0", "data": [{"text": "Which classes are seminars?", "userDefined": false}], "count": 0, "isTemplate": false}, {"id": "2ecadbe2-1b47-4e11-afe7-7ff68edba818", "data": [{"text": "Which classes are seminars?", "userDefined": false}], "count": 0, "isTemplate": false}, {"id": "0fffa6c6-97b6-4d3f-9eb3-f6cf64ccd927", "data": [{"text": "Which classes are seminars?", "userDefined": false}], "count": 0, "isTemplate": false}, {"id": "0fb42078-de4c-4be2-810b-61c059b307dd", "data": [{"text": "Which classes are seminars?", "userDefined": false}], "count": 0, "isTemplate": false}, {"id": "77e4ca56-40f5-4bb0-a207-0a9c546b586d", "data": [{"text": "Which classes are seminars?", "userDefined": false}], "count": 0, "isTemplate": false}, {"id": "38520a31-d296-44d9-b923-9841c398aba2", "data": [{"text": "Which classes are seminars?", "userDefined": false}], "count": 0, "isTemplate": false}]