[{"id": "9397be4d-af4b-4f80-98a0-59a50ed698c0", "data": [{"text": "Which courses require ", "userDefined": false}, {"meta": "@CLASS_QUALIFICATION", "alias": "CLASS_QUALIFICATION", "text": "junior", "userDefined": false}, {"text": " standing?", "userDefined": false}], "count": 0, "isTemplate": false}, {"id": "a55aee50-fcae-491a-b53c-7879485689df", "data": [{"text": "Which courses require ", "userDefined": false}, {"meta": "@CLASS_QUALIFICATION", "alias": "CLASS_QUALIFICATION", "text": "senior", "userDefined": false}, {"text": " standing?", "userDefined": false}], "count": 0, "isTemplate": false}, {"id": "5484c9e6-ce9f-4ef4-aca3-2ad5ba6582e4", "data": [{"text": "Which courses require ", "userDefined": false}, {"meta": "@CLASS_QUALIFICATION", "alias": "CLASS_QUALIFICATION", "text": "junior", "userDefined": false}, {"text": " standing?", "userDefined": false}], "count": 0, "isTemplate": false}, {"id": "dc561482-5f56-4c45-bf86-96781340a18f", "data": [{"text": "Which courses require ", "userDefined": false}, {"meta": "@CLASS_QUALIFICATION", "alias": "CLASS_QUALIFICATION", "text": "sophomore", "userDefined": false}, {"text": " standing?", "userDefined": false}], "count": 0, "isTemplate": false}, {"id": "bd7957b8-459c-4609-ab86-ac8d6cad67ce", "data": [{"text": "Which courses require ", "userDefined": false}, {"meta": "@CLASS_QUALIFICATION", "alias": "CLASS_QUALIFICATION", "text": "sophomore", "userDefined": false}, {"text": " standing?", "userDefined": false}], "count": 0, "isTemplate": false}, {"id": "11d849f5-2475-4dd5-8b0d-b193e630ec07", "data": [{"text": "Which courses require ", "userDefined": false}, {"meta": "@CLASS_QUALIFICATION", "alias": "CLASS_QUALIFICATION", "text": "freshman", "userDefined": false}, {"text": " standing?", "userDefined": false}], "count": 0, "isTemplate": false}, {"id": "d58e3bb1-480b-4c43-9663-bb0c08dd99cc", "data": [{"text": "Which courses require ", "userDefined": false}, {"meta": "@CLASS_QUALIFICATION", "alias": "CLASS_QUALIFICATION", "text": "senior", "userDefined": false}, {"text": " standing?", "userDefined": false}], "count": 0, "isTemplate": false}, {"id": "c7ca64ec-c82c-4a17-94ea-9087fbbc8858", "data": [{"text": "Which courses require ", "userDefined": false}, {"meta": "@CLASS_QUALIFICATION", "alias": "CLASS_QUALIFICATION", "text": "junior", "userDefined": false}, {"text": " standing?", "userDefined": false}], "count": 0, "isTemplate": false}, {"id": "15705d4b-0626-4350-abf7-7ba76452c1bf", "data": [{"text": "Which courses require ", "userDefined": false}, {"meta": "@CLASS_QUALIFICATION", "alias": "CLASS_QUALIFICATION", "text": "freshman", "userDefined": false}, {"text": " standing?", "userDefined": false}], "count": 0, "isTemplate": false}, {"id": "f8a74f18-6762-423f-b96a-8c479ad47936", "data": [{"text": "Which courses require ", "userDefined": false}, {"meta": "@CLASS_QUALIFICATION", "alias": "CLASS_QUALIFICATION", "text": "junior", "userDefined": false}, {"text": " standing?", "userDefined": false}], "count": 0, "isTemplate": false}, {"id": "53df6047-1a80-4304-babd-8aa6c977167d", "data": [{"text": "Which classes require me to be a ", "userDefined": false}, {"meta": "@CLASS_QUALIFICATION", "alias": "CLASS_QUALIFICATION", "text": "sophomore", "userDefined": false}, {"text": "?", "userDefined": false}], "count": 0, "isTemplate": false}, {"id": "2ed0bf1f-59c9-4441-9a4d-e884583e2f92", "data": [{"text": "Which classes require me to be a ", "userDefined": false}, {"meta": "@CLASS_QUALIFICATION", "alias": "CLASS_QUALIFICATION", "text": "senior", "userDefined": false}, {"text": "?", "userDefined": false}], "count": 0, "isTemplate": false}, {"id": "4f346ad9-863b-4036-a4e4-78ac0183c5be", "data": [{"text": "Which classes require me to be a ", "userDefined": false}, {"meta": "@CLASS_QUALIFICATION", "alias": "CLASS_QUALIFICATION", "text": "senior", "userDefined": false}, {"text": "?", "userDefined": false}], "count": 0, "isTemplate": false}, {"id": "f023c0e8-8da9-4bc9-8294-afeb579c7241", "data": [{"text": "Which classes require me to be a ", "userDefined": false}, {"meta": "@CLASS_QUALIFICATION", "alias": "CLASS_QUALIFICATION", "text": "senior", "userDefined": false}, {"text": "?", "userDefined": false}], "count": 0, "isTemplate": false}, {"id": "0dbe1fbe-ee58-42e9-a105-59edef74bc5d", "data": [{"text": "Which classes require me to be a ", "userDefined": false}, {"meta": "@CLASS_QUALIFICATION", "alias": "CLASS_QUALIFICATION", "text": "junior", "userDefined": false}, {"text": "?", "userDefined": false}], "count": 0, "isTemplate": false}, {"id": "f258ffe4-b7dd-4f9f-879a-5c7ed7beaaf4", "data": [{"text": "Which classes require me to be a ", "userDefined": false}, {"meta": "@CLASS_QUALIFICATION", "alias": "CLASS_QUALIFICATION", "text": "freshman", "userDefined": false}, {"text": "?", "userDefined": false}], "count": 0, "isTemplate": false}, {"id": "1c05aee2-00f8-489d-b5da-b844ca52b962", "data": [{"text": "Which classes require me to be a ", "userDefined": false}, {"meta": "@CLASS_QUALIFICATION", "alias": "CLASS_QUALIFICATION", "text": "sophomore", "userDefined": false}, {"text": "?", "userDefined": false}], "count": 0, "isTemplate": false}, {"id": "c558ed63-28b0-45d3-8488-73f7019c3c6c", "data": [{"text": "Which classes require me to be a ", "userDefined": false}, {"meta": "@CLASS_QUALIFICATION", "alias": "CLASS_QUALIFICATION", "text": "senior", "userDefined": false}, {"text": "?", "userDefined": false}], "count": 0, "isTemplate": false}, {"id": "e7bf3917-7388-47cc-9a75-f342025771f1", "data": [{"text": "Which classes require me to be a ", "userDefined": false}, {"meta": "@CLASS_QUALIFICATION", "alias": "CLASS_QUALIFICATION", "text": "freshman", "userDefined": false}, {"text": "?", "userDefined": false}], "count": 0, "isTemplate": false}, {"id": "aa10c206-2b14-41e9-b36e-1f700d7370fc", "data": [{"text": "Which classes require me to be a ", "userDefined": false}, {"meta": "@CLASS_QUALIFICATION", "alias": "CLASS_QUALIFICATION", "text": "senior", "userDefined": false}, {"text": "?", "userDefined": false}], "count": 0, "isTemplate": false}, {"id": "6673199d-10f4-45fe-824a-ad1fccdf13db", "data": [{"text": "Which courses do I need to be a ", "userDefined": false}, {"meta": "@CLASS_QUALIFICATION", "alias": "CLASS_QUALIFICATION", "text": "senior", "userDefined": false}, {"text": " to take?", "userDefined": false}], "count": 0, "isTemplate": false}, {"id": "709ce6a3-b53e-4dd2-ade1-1dde6c43fe42", "data": [{"text": "Which courses do I need to be a ", "userDefined": false}, {"meta": "@CLASS_QUALIFICATION", "alias": "CLASS_QUALIFICATION", "text": "freshman", "userDefined": false}, {"text": " to take?", "userDefined": false}], "count": 0, "isTemplate": false}, {"id": "66b463fb-44b4-4740-ad46-a373ff2f6680", "data": [{"text": "Which courses do I need to be a ", "userDefined": false}, {"meta": "@CLASS_QUALIFICATION", "alias": "CLASS_QUALIFICATION", "text": "junior", "userDefined": false}, {"text": " to take?", "userDefined": false}], "count": 0, "isTemplate": false}, {"id": "b4158f44-6871-4d1f-bf90-cfb1417aea91", "data": [{"text": "Which courses do I need to be a ", "userDefined": false}, {"meta": "@CLASS_QUALIFICATION", "alias": "CLASS_QUALIFICATION", "text": "senior", "userDefined": false}, {"text": " to take?", "userDefined": false}], "count": 0, "isTemplate": false}, {"id": "e98d0d46-a50c-4e06-9380-74e20630e800", "data": [{"text": "Which courses do I need to be a ", "userDefined": false}, {"meta": "@CLASS_QUALIFICATION", "alias": "CLASS_QUALIFICATION", "text": "junior", "userDefined": false}, {"text": " to take?", "userDefined": false}], "count": 0, "isTemplate": false}, {"id": "bfc4fca7-7391-4745-a1f4-813a6550515d", "data": [{"text": "Which courses do I need to be a ", "userDefined": false}, {"meta": "@CLASS_QUALIFICATION", "alias": "CLASS_QUALIFICATION", "text": "freshman", "userDefined": false}, {"text": " to take?", "userDefined": false}], "count": 0, "isTemplate": false}, {"id": "0e09809f-8cf9-41d2-a558-30b43f4a5581", "data": [{"text": "Which courses do I need to be a ", "userDefined": false}, {"meta": "@CLASS_QUALIFICATION", "alias": "CLASS_QUALIFICATION", "text": "sophomore", "userDefined": false}, {"text": " to take?", "userDefined": false}], "count": 0, "isTemplate": false}, {"id": "a5ed4ecb-2a66-4e20-9515-6eaf9a3a1237", "data": [{"text": "Which courses do I need to be a ", "userDefined": false}, {"meta": "@CLASS_QUALIFICATION", "alias": "CLASS_QUALIFICATION", "text": "freshman", "userDefined": false}, {"text": " to take?", "userDefined": false}], "count": 0, "isTemplate": false}, {"id": "c4262885-b8f3-485b-887f-5c6a1a5e8067", "data": [{"text": "Which courses do I need to be a ", "userDefined": false}, {"meta": "@CLASS_QUALIFICATION", "alias": "CLASS_QUALIFICATION", "text": "sophomore", "userDefined": false}, {"text": " to take?", "userDefined": false}], "count": 0, "isTemplate": false}, {"id": "90523892-8b8e-456d-b120-b6dc2fb99fd1", "data": [{"text": "Which courses do I need to be a ", "userDefined": false}, {"meta": "@CLASS_QUALIFICATION", "alias": "CLASS_QUALIFICATION", "text": "freshman", "userDefined": false}, {"text": " to take?", "userDefined": false}], "count": 0, "isTemplate": false}, {"id": "a3592217-ff15-4151-8b3f-39621694a09c", "data": [{"text": "Which classes need ", "userDefined": false}, {"meta": "@CLASS_QUALIFICATION", "alias": "CLASS_QUALIFICATION", "text": "sophomore", "userDefined": false}, {"text": " standing?", "userDefined": false}], "count": 0, "isTemplate": false}, {"id": "7e10de15-8771-4798-829f-7074e23fa666", "data": [{"text": "Which classes need ", "userDefined": false}, {"meta": "@CLASS_QUALIFICATION", "alias": "CLASS_QUALIFICATION", "text": "sophomore", "userDefined": false}, {"text": " standing?", "userDefined": false}], "count": 0, "isTemplate": false}, {"id": "67ec57a9-0b8e-4128-808e-7d48faa1b5ac", "data": [{"text": "Which classes need ", "userDefined": false}, {"meta": "@CLASS_QUALIFICATION", "alias": "CLASS_QUALIFICATION", "text": "sophomore", "userDefined": false}, {"text": " standing?", "userDefined": false}], "count": 0, "isTemplate": false}, {"id": "414d5d3d-b67f-45bc-a170-af715c80d399", "data": [{"text": "Which classes need ", "userDefined": false}, {"meta": "@CLASS_QUALIFICATION", "alias": "CLASS_QUALIFICATION", "text": "sophomore", "userDefined": false}, {"text": " standing?", "userDefined": false}], "count": 0, "isTemplate": false}, {"id": "4022cc91-eca4-45ef-8110-5bfac8bf7d18", "data": [{"text": "Which classes need ", "userDefined": false}, {"meta": "@CLASS_QUALIFICATION", "alias": "CLASS_QUALIFICATION", "text": "sophomore", "userDefined": false}, {"text": " standing?", "userDefined": false}], "count": 0, "isTemplate": false}, {"id": "576e0dff-5a3e-4601-bf51-f7963d2fda05", "data": [{"text": "Which classes need ", "userDefined": false}, {"meta": "@CLASS_QUALIFICATION", "alias": "CLASS_QUALIFICATION", "text": "junior", "userDefined": false}, {"text": " standing?", "userDefined": false}], "count": 0, "isTemplate": false}, {"id": "bfc24193-215c-4c97-9062-d7b12916818f", "data": [{"text": "Which classes need ", "userDefined": false}, {"meta": "@CLASS_QUALIFICATION", "alias": "CLASS_QUALIFICATION", "text": "senior", "userDefined": false}, {"text": " standing?", "userDefined": false}], "count": 0, "isTemplate": false}, {"id": "2d2cb761-cd07-4dbd-8eab-d268ddfd49cb", "data": [{"text": "Which classes need ", "userDefined": false}, {"meta": "@CLASS_QUALIFICATION", "alias": "CLASS_QUALIFICATION", "text": "sophomore", "userDefined": false}, {"text": " standing?", "userDefined": false}], "count": 0, "isTemplate": false}, {"id": "59580069-ffc0-415c-a26f-1b3d423ab087", "data": [{"text": "Which classes need ", "userDefined": false}, {"meta": "@CLASS_QUALIFICATION", "alias": "CLASS_QUALIFICATION", "text": "junior", "userDefined": false}, {"text": " standing?", "userDefined": false}], "count": 0, "isTemplate": false}, {"id": "eda227bb-d095-4576-8d96-3a8178ddbf39", "data": [{"text": "Which classes need ", "userDefined": false}, {"meta": "@CLASS_QUALIFICATION", "alias": "CLASS_QUALIFICATION", "text": "senior", "userDefined": false}, {"text": " standing?", "userDefined": false}], "count": 0, "isTemplate": false}, {"id": "5feb36a7-c9d4-41f5-ab40-40673a0bf759", "data": [{"text": "Which classes need ", "userDefined": false}, {"meta": "@CLASS_QUALIFICATION", "alias": "CLASS_QUALIFICATION", "text": "sophomore", "userDefined": false}, {"text": " in order to take them?", "userDefined": false}], "count": 0, "isTemplate": false}, {"id": "67a6df9d-8520-4739-b37c-35300fc1cbda", "data": [{"text": "Which classes need ", "userDefined": false}, {"meta": "@CLASS_QUALIFICATION", "alias": "CLASS_QUALIFICATION", "text": "junior", "userDefined": false}, {"text": " in order to take them?", "userDefined": false}], "count": 0, "isTemplate": false}, {"id": "5f2cc7ae-0106-4181-a386-4ce2323ad6ac", "data": [{"text": "Which classes need ", "userDefined": false}, {"meta": "@CLASS_QUALIFICATION", "alias": "CLASS_QUALIFICATION", "text": "junior", "userDefined": false}, {"text": " in order to take them?", "userDefined": false}], "count": 0, "isTemplate": false}, {"id": "acb5a698-5138-4357-bb06-ea6a2f565c7d", "data": [{"text": "Which classes need ", "userDefined": false}, {"meta": "@CLASS_QUALIFICATION", "alias": "CLASS_QUALIFICATION", "text": "junior", "userDefined": false}, {"text": " in order to take them?", "userDefined": false}], "count": 0, "isTemplate": false}, {"id": "ed9e501b-d908-4ae3-90ca-fb01dc9888bd", "data": [{"text": "Which classes need ", "userDefined": false}, {"meta": "@CLASS_QUALIFICATION", "alias": "CLASS_QUALIFICATION", "text": "freshman", "userDefined": false}, {"text": " in order to take them?", "userDefined": false}], "count": 0, "isTemplate": false}, {"id": "fe5e7125-47a2-409d-bc1a-a9d184cfe128", "data": [{"text": "Which classes need ", "userDefined": false}, {"meta": "@CLASS_QUALIFICATION", "alias": "CLASS_QUALIFICATION", "text": "senior", "userDefined": false}, {"text": " in order to take them?", "userDefined": false}], "count": 0, "isTemplate": false}, {"id": "26ea35da-1652-4eaa-81d0-96e45f3bc3ad", "data": [{"text": "Which classes need ", "userDefined": false}, {"meta": "@CLASS_QUALIFICATION", "alias": "CLASS_QUALIFICATION", "text": "junior", "userDefined": false}, {"text": " in order to take them?", "userDefined": false}], "count": 0, "isTemplate": false}, {"id": "98c300cc-9cd0-4961-acbf-59683411d2f8", "data": [{"text": "Which classes need ", "userDefined": false}, {"meta": "@CLASS_QUALIFICATION", "alias": "CLASS_QUALIFICATION", "text": "freshman", "userDefined": false}, {"text": " in order to take them?", "userDefined": false}], "count": 0, "isTemplate": false}, {"id": "e1c8de03-02b3-4302-b3c1-15fec507bd9b", "data": [{"text": "Which classes need ", "userDefined": false}, {"meta": "@CLASS_QUALIFICATION", "alias": "CLASS_QUALIFICATION", "text": "freshman", "userDefined": false}, {"text": " in order to take them?", "userDefined": false}], "count": 0, "isTemplate": false}, {"id": "8e3a98de-2985-4a61-a258-04ec6adc3cd5", "data": [{"text": "Which classes need ", "userDefined": false}, {"meta": "@CLASS_QUALIFICATION", "alias": "CLASS_QUALIFICATION", "text": "freshman", "userDefined": false}, {"text": " in order to take them?", "userDefined": false}], "count": 0, "isTemplate": false}, {"id": "f1d80556-3d3e-4d5e-b5cd-5b745ea30e5b", "data": [{"text": "Which classes require ", "userDefined": false}, {"meta": "@CLASS_QUALIFICATION", "alias": "CLASS_QUALIFICATION", "text": "junior", "userDefined": false}, {"text": " standing?", "userDefined": false}], "count": 0, "isTemplate": false}, {"id": "587b3038-96c1-4677-b521-dea2bec66c52", "data": [{"text": "Which classes require ", "userDefined": false}, {"meta": "@CLASS_QUALIFICATION", "alias": "CLASS_QUALIFICATION", "text": "senior", "userDefined": false}, {"text": " standing?", "userDefined": false}], "count": 0, "isTemplate": false}, {"id": "4a9c83c6-ddf5-4bd5-9404-87c73fc90f51", "data": [{"text": "Which classes require ", "userDefined": false}, {"meta": "@CLASS_QUALIFICATION", "alias": "CLASS_QUALIFICATION", "text": "junior", "userDefined": false}, {"text": " standing?", "userDefined": false}], "count": 0, "isTemplate": false}, {"id": "99d35259-8e2a-4ae8-b861-5f8a232a027c", "data": [{"text": "Which classes require ", "userDefined": false}, {"meta": "@CLASS_QUALIFICATION", "alias": "CLASS_QUALIFICATION", "text": "senior", "userDefined": false}, {"text": " standing?", "userDefined": false}], "count": 0, "isTemplate": false}, {"id": "a1a6b02f-9391-4956-a3bb-3999b1540cb4", "data": [{"text": "Which classes require ", "userDefined": false}, {"meta": "@CLASS_QUALIFICATION", "alias": "CLASS_QUALIFICATION", "text": "sophomore", "userDefined": false}, {"text": " standing?", "userDefined": false}], "count": 0, "isTemplate": false}, {"id": "b5b2a20f-ba75-4350-9d00-a1fa7c3929dd", "data": [{"text": "Which classes require ", "userDefined": false}, {"meta": "@CLASS_QUALIFICATION", "alias": "CLASS_QUALIFICATION", "text": "freshman", "userDefined": false}, {"text": " standing?", "userDefined": false}], "count": 0, "isTemplate": false}, {"id": "887ce329-9706-4fc8-aa97-9ca46ac8bbb1", "data": [{"text": "Which classes require ", "userDefined": false}, {"meta": "@CLASS_QUALIFICATION", "alias": "CLASS_QUALIFICATION", "text": "freshman", "userDefined": false}, {"text": " standing?", "userDefined": false}], "count": 0, "isTemplate": false}, {"id": "678a621c-ce75-47be-a05b-370c35037463", "data": [{"text": "Which classes require ", "userDefined": false}, {"meta": "@CLASS_QUALIFICATION", "alias": "CLASS_QUALIFICATION", "text": "freshman", "userDefined": false}, {"text": " standing?", "userDefined": false}], "count": 0, "isTemplate": false}, {"id": "d4785509-2ecd-49f4-942c-2019ef35d0d7", "data": [{"text": "Which classes require ", "userDefined": false}, {"meta": "@CLASS_QUALIFICATION", "alias": "CLASS_QUALIFICATION", "text": "junior", "userDefined": false}, {"text": " standing?", "userDefined": false}], "count": 0, "isTemplate": false}, {"id": "096c6404-cbe3-431b-ae86-a47fc05be880", "data": [{"text": "Which classes require ", "userDefined": false}, {"meta": "@CLASS_QUALIFICATION", "alias": "CLASS_QUALIFICATION", "text": "sophomore", "userDefined": false}, {"text": " standing?", "userDefined": false}], "count": 0, "isTemplate": false}]