[{"id": "a3d45eb2-4e95-458b-9d9d-30e160ce64fe", "data": [{"text": "Do I need ", "userDefined": false}, {"meta": "@CLASS_QUALIFICATION", "alias": "CLASS_QUALIFICATION", "text": "senior", "userDefined": false}, {"text": " standing to take ", "userDefined": false}, {"meta": "@CLASS_NAME", "alias": "CLASS_NAME", "text": "research-in computer science i", "userDefined": false}, {"text": "?", "userDefined": false}], "count": 0, "isTemplate": false}, {"id": "86c483e7-2ce4-4776-8d78-7ac5ec2dd850", "data": [{"text": "Do I need ", "userDefined": false}, {"meta": "@CLASS_QUALIFICATION", "alias": "CLASS_QUALIFICATION", "text": "junior", "userDefined": false}, {"text": " standing to take ", "userDefined": false}, {"meta": "@CLASS_NAME", "alias": "CLASS_NAME", "text": "CSC 491", "userDefined": false}, {"text": "?", "userDefined": false}], "count": 0, "isTemplate": false}, {"id": "3586c0bc-dd5d-4d87-bcd1-87586dd8cd16", "data": [{"text": "Do I need ", "userDefined": false}, {"meta": "@CLASS_QUALIFICATION", "alias": "CLASS_QUALIFICATION", "text": "senior", "userDefined": false}, {"text": " standing to take ", "userDefined": false}, {"meta": "@CLASS_NAME", "alias": "CLASS_NAME", "text": "accelerated introduction-to computer science", "userDefined": false}, {"text": "?", "userDefined": false}], "count": 0, "isTemplate": false}, {"id": "21c90f56-1665-45d0-8c2c-8c337b7c6129", "data": [{"text": "Do I need ", "userDefined": false}, {"meta": "@CLASS_QUALIFICATION", "alias": "CLASS_QUALIFICATION", "text": "freshman", "userDefined": false}, {"text": " standing to take ", "userDefined": false}, {"meta": "@CLASS_NAME", "alias": "CLASS_NAME", "text": "data structures", "userDefined": false}, {"text": "?", "userDefined": false}], "count": 0, "isTemplate": false}, {"id": "74e5a4e3-78aa-4fb9-8c8e-0b1d505c9382", "data": [{"text": "Do I need ", "userDefined": false}, {"meta": "@CLASS_QUALIFICATION", "alias": "CLASS_QUALIFICATION", "text": "sophomore", "userDefined": false}, {"text": " standing to take ", "userDefined": false}, {"meta": "@CLASS_NAME", "alias": "CLASS_NAME", "text": "current topics-in human-computer interaction", "userDefined": false}, {"text": "?", "userDefined": false}], "count": 0, "isTemplate": false}, {"id": "318f3ef6-c42e-4b0e-b465-7029ee8db58d", "data": [{"text": "Do I need ", "userDefined": false}, {"meta": "@CLASS_QUALIFICATION", "alias": "CLASS_QUALIFICATION", "text": "junior", "userDefined": false}, {"text": " standing to take ", "userDefined": false}, {"meta": "@CLASS_NAME", "alias": "CLASS_NAME", "text": "special problems", "userDefined": false}, {"text": "?", "userDefined": false}], "count": 0, "isTemplate": false}, {"id": "cdccee64-cbc6-4280-9cc9-cf1abce5ad23", "data": [{"text": "Do I need ", "userDefined": false}, {"meta": "@CLASS_QUALIFICATION", "alias": "CLASS_QUALIFICATION", "text": "freshman", "userDefined": false}, {"text": " standing to take ", "userDefined": false}, {"meta": "@CLASS_NAME", "alias": "CLASS_NAME", "text": "theory-of computation ii", "userDefined": false}, {"text": "?", "userDefined": false}], "count": 0, "isTemplate": false}, {"id": "d7893d48-d657-46a9-a010-4e379dd650f6", "data": [{"text": "Do I need ", "userDefined": false}, {"meta": "@CLASS_QUALIFICATION", "alias": "CLASS_QUALIFICATION", "text": "freshman", "userDefined": false}, {"text": " standing to take ", "userDefined": false}, {"meta": "@CLASS_NAME", "alias": "CLASS_NAME", "text": "computer graphics", "userDefined": false}, {"text": "?", "userDefined": false}], "count": 0, "isTemplate": false}, {"id": "a38e9cfd-0fc7-40a6-9cd4-e6a6d1de1f27", "data": [{"text": "Do I need ", "userDefined": false}, {"meta": "@CLASS_QUALIFICATION", "alias": "CLASS_QUALIFICATION", "text": "junior", "userDefined": false}, {"text": " standing to take ", "userDefined": false}, {"meta": "@CLASS_NAME", "alias": "CLASS_NAME", "text": "mobile application development", "userDefined": false}, {"text": "?", "userDefined": false}], "count": 0, "isTemplate": false}, {"id": "6bfe6ad3-3da8-47ec-8a3b-023f968afbcf", "data": [{"text": "Do I need ", "userDefined": false}, {"meta": "@CLASS_QUALIFICATION", "alias": "CLASS_QUALIFICATION", "text": "freshman", "userDefined": false}, {"text": " standing to take ", "userDefined": false}, {"meta": "@CLASS_NAME", "alias": "CLASS_NAME", "text": "CSC 236", "userDefined": false}, {"text": "?", "userDefined": false}], "count": 0, "isTemplate": false}, {"id": "062089bf-815f-425b-ba55-c243b30adeea", "data": [{"text": "Is ", "userDefined": false}, {"meta": "@CLASS_QUALIFICATION", "alias": "CLASS_QUALIFICATION", "text": "senior", "userDefined": false}, {"text": " required to take ", "userDefined": false}, {"meta": "@CLASS_NAME", "alias": "CLASS_NAME", "text": "software requirements engineering", "userDefined": false}, {"text": "?", "userDefined": false}], "count": 0, "isTemplate": false}, {"id": "a21cbff7-2a80-4137-b757-0a82ba3d39c7", "data": [{"text": "Is ", "userDefined": false}, {"meta": "@CLASS_QUALIFICATION", "alias": "CLASS_QUALIFICATION", "text": "senior", "userDefined": false}, {"text": " required to take ", "userDefined": false}, {"meta": "@CLASS_NAME", "alias": "CLASS_NAME", "text": "CSC 437", "userDefined": false}, {"text": "?", "userDefined": false}], "count": 0, "isTemplate": false}, {"id": "327b355c-8a9b-4337-b40d-cc974664de9e", "data": [{"text": "Is ", "userDefined": false}, {"meta": "@CLASS_QUALIFICATION", "alias": "CLASS_QUALIFICATION", "text": "junior", "userDefined": false}, {"text": " required to take ", "userDefined": false}, {"meta": "@CLASS_NAME", "alias": "CLASS_NAME", "text": "introduction-to computing", "userDefined": false}, {"text": "?", "userDefined": false}], "count": 0, "isTemplate": false}, {"id": "23de0a74-ad72-4744-b769-b4045aae9df5", "data": [{"text": "Is ", "userDefined": false}, {"meta": "@CLASS_QUALIFICATION", "alias": "CLASS_QUALIFICATION", "text": "freshman", "userDefined": false}, {"text": " required to take ", "userDefined": false}, {"meta": "@CLASS_NAME", "alias": "CLASS_NAME", "text": "CSC 454", "userDefined": false}, {"text": "?", "userDefined": false}], "count": 0, "isTemplate": false}, {"id": "802ee3e1-8e68-408c-9ab4-869d78a9e34f", "data": [{"text": "Is ", "userDefined": false}, {"meta": "@CLASS_QUALIFICATION", "alias": "CLASS_QUALIFICATION", "text": "freshman", "userDefined": false}, {"text": " required to take ", "userDefined": false}, {"meta": "@CLASS_NAME", "alias": "CLASS_NAME", "text": "knowledge based systems", "userDefined": false}, {"text": "?", "userDefined": false}], "count": 0, "isTemplate": false}, {"id": "bd4586e4-e1d5-48dd-ae41-6576bd0b12fb", "data": [{"text": "Is ", "userDefined": false}, {"meta": "@CLASS_QUALIFICATION", "alias": "CLASS_QUALIFICATION", "text": "freshman", "userDefined": false}, {"text": " required to take ", "userDefined": false}, {"meta": "@CLASS_NAME", "alias": "CLASS_NAME", "text": "CSC 597", "userDefined": false}, {"text": "?", "userDefined": false}], "count": 0, "isTemplate": false}, {"id": "82b08244-a49b-40b4-ab4a-d76a3607e25c", "data": [{"text": "Is ", "userDefined": false}, {"meta": "@CLASS_QUALIFICATION", "alias": "CLASS_QUALIFICATION", "text": "junior", "userDefined": false}, {"text": " required to take ", "userDefined": false}, {"meta": "@CLASS_NAME", "alias": "CLASS_NAME", "text": "CSC 494", "userDefined": false}, {"text": "?", "userDefined": false}], "count": 0, "isTemplate": false}, {"id": "0e98f4c3-9130-420f-8fde-cae5ac892923", "data": [{"text": "Is ", "userDefined": false}, {"meta": "@CLASS_QUALIFICATION", "alias": "CLASS_QUALIFICATION", "text": "junior", "userDefined": false}, {"text": " required to take ", "userDefined": false}, {"meta": "@CLASS_NAME", "alias": "CLASS_NAME", "text": "CSC 471", "userDefined": false}, {"text": "?", "userDefined": false}], "count": 0, "isTemplate": false}, {"id": "1e0e027a-f241-4779-aa0c-660b04f124f0", "data": [{"text": "Is ", "userDefined": false}, {"meta": "@CLASS_QUALIFICATION", "alias": "CLASS_QUALIFICATION", "text": "sophomore", "userDefined": false}, {"text": " required to take ", "userDefined": false}, {"meta": "@CLASS_NAME", "alias": "CLASS_NAME", "text": "CSC 477", "userDefined": false}, {"text": "?", "userDefined": false}], "count": 0, "isTemplate": false}, {"id": "bf8df4d7-6e4b-499e-8dc6-d65f82ad5395", "data": [{"text": "Is ", "userDefined": false}, {"meta": "@CLASS_QUALIFICATION", "alias": "CLASS_QUALIFICATION", "text": "senior", "userDefined": false}, {"text": " required to take ", "userDefined": false}, {"meta": "@CLASS_NAME", "alias": "CLASS_NAME", "text": "cooperative education experience", "userDefined": false}, {"text": "?", "userDefined": false}], "count": 0, "isTemplate": false}, {"id": "856014ca-87a2-4102-a0e7-1aab88106030", "data": [{"text": "Is ", "userDefined": false}, {"meta": "@CLASS_QUALIFICATION", "alias": "CLASS_QUALIFICATION", "text": "senior", "userDefined": false}, {"text": " needed to take ", "userDefined": false}, {"meta": "@CLASS_NAME", "alias": "CLASS_NAME", "text": "CSC 509", "userDefined": false}, {"text": "?", "userDefined": false}], "count": 0, "isTemplate": false}, {"id": "bf064093-d393-4a1a-b01f-b6930c383ece", "data": [{"text": "Is ", "userDefined": false}, {"meta": "@CLASS_QUALIFICATION", "alias": "CLASS_QUALIFICATION", "text": "junior", "userDefined": false}, {"text": " needed to take ", "userDefined": false}, {"meta": "@CLASS_NAME", "alias": "CLASS_NAME", "text": "cooperative education experience", "userDefined": false}, {"text": "?", "userDefined": false}], "count": 0, "isTemplate": false}, {"id": "08d13255-b4f2-4cff-b4a3-17e6a95d0eab", "data": [{"text": "Is ", "userDefined": false}, {"meta": "@CLASS_QUALIFICATION", "alias": "CLASS_QUALIFICATION", "text": "senior", "userDefined": false}, {"text": " needed to take ", "userDefined": false}, {"meta": "@CLASS_NAME", "alias": "CLASS_NAME", "text": "game design", "userDefined": false}, {"text": "?", "userDefined": false}], "count": 0, "isTemplate": false}, {"id": "990b05dc-d546-42dd-8d08-e8f49d999d92", "data": [{"text": "Is ", "userDefined": false}, {"meta": "@CLASS_QUALIFICATION", "alias": "CLASS_QUALIFICATION", "text": "freshman", "userDefined": false}, {"text": " needed to take ", "userDefined": false}, {"meta": "@CLASS_NAME", "alias": "CLASS_NAME", "text": "CSC 406", "userDefined": false}, {"text": "?", "userDefined": false}], "count": 0, "isTemplate": false}, {"id": "585fe6c3-3a5c-4323-9319-956bd367dc05", "data": [{"text": "Is ", "userDefined": false}, {"meta": "@CLASS_QUALIFICATION", "alias": "CLASS_QUALIFICATION", "text": "junior", "userDefined": false}, {"text": " needed to take ", "userDefined": false}, {"meta": "@CLASS_NAME", "alias": "CLASS_NAME", "text": "database modeling, design-and implementation", "userDefined": false}, {"text": "?", "userDefined": false}], "count": 0, "isTemplate": false}, {"id": "4a458ae5-1cb4-4513-8434-ad1bd85d99f1", "data": [{"text": "Is ", "userDefined": false}, {"meta": "@CLASS_QUALIFICATION", "alias": "CLASS_QUALIFICATION", "text": "freshman", "userDefined": false}, {"text": " needed to take ", "userDefined": false}, {"meta": "@CLASS_NAME", "alias": "CLASS_NAME", "text": "introduction-to distributed computing", "userDefined": false}, {"text": "?", "userDefined": false}], "count": 0, "isTemplate": false}, {"id": "55a75eea-ef43-4aa2-8a93-9977b7166271", "data": [{"text": "Is ", "userDefined": false}, {"meta": "@CLASS_QUALIFICATION", "alias": "CLASS_QUALIFICATION", "text": "senior", "userDefined": false}, {"text": " needed to take ", "userDefined": false}, {"meta": "@CLASS_NAME", "alias": "CLASS_NAME", "text": "artificial intelligence", "userDefined": false}, {"text": "?", "userDefined": false}], "count": 0, "isTemplate": false}, {"id": "c7953516-6b3d-4d44-b1a8-9b928b2d99f2", "data": [{"text": "Is ", "userDefined": false}, {"meta": "@CLASS_QUALIFICATION", "alias": "CLASS_QUALIFICATION", "text": "freshman", "userDefined": false}, {"text": " needed to take ", "userDefined": false}, {"meta": "@CLASS_NAME", "alias": "CLASS_NAME", "text": "research-in computer science ii", "userDefined": false}, {"text": "?", "userDefined": false}], "count": 0, "isTemplate": false}, {"id": "6785692f-821f-4999-9a22-e815128b1775", "data": [{"text": "Is ", "userDefined": false}, {"meta": "@CLASS_QUALIFICATION", "alias": "CLASS_QUALIFICATION", "text": "sophomore", "userDefined": false}, {"text": " needed to take ", "userDefined": false}, {"meta": "@CLASS_NAME", "alias": "CLASS_NAME", "text": "accelerated introduction-to computer science", "userDefined": false}, {"text": "?", "userDefined": false}], "count": 0, "isTemplate": false}, {"id": "f69e566b-b731-4c33-8bb7-c18b6ad26a62", "data": [{"text": "Is ", "userDefined": false}, {"meta": "@CLASS_QUALIFICATION", "alias": "CLASS_QUALIFICATION", "text": "freshman", "userDefined": false}, {"text": " needed to take ", "userDefined": false}, {"meta": "@CLASS_NAME", "alias": "CLASS_NAME", "text": "CSC 490", "userDefined": false}, {"text": "?", "userDefined": false}], "count": 0, "isTemplate": false}, {"id": "d66e4658-8cc6-4633-ac18-15809d2da967", "data": [{"text": "Is ", "userDefined": false}, {"meta": "@CLASS_QUALIFICATION", "alias": "CLASS_QUALIFICATION", "text": "sophomore", "userDefined": false}, {"text": " necessary to take ", "userDefined": false}, {"meta": "@CLASS_NAME", "alias": "CLASS_NAME", "text": "special problems", "userDefined": false}, {"text": "?", "userDefined": false}], "count": 0, "isTemplate": false}, {"id": "04f3104a-6f07-4a1c-9df2-825f3f18987b", "data": [{"text": "Is ", "userDefined": false}, {"meta": "@CLASS_QUALIFICATION", "alias": "CLASS_QUALIFICATION", "text": "freshman", "userDefined": false}, {"text": " necessary to take ", "userDefined": false}, {"meta": "@CLASS_NAME", "alias": "CLASS_NAME", "text": "CSC 225", "userDefined": false}, {"text": "?", "userDefined": false}], "count": 0, "isTemplate": false}, {"id": "be3e726d-a5ac-46e2-8520-2686b225a342", "data": [{"text": "Is ", "userDefined": false}, {"meta": "@CLASS_QUALIFICATION", "alias": "CLASS_QUALIFICATION", "text": "senior", "userDefined": false}, {"text": " necessary to take ", "userDefined": false}, {"meta": "@CLASS_NAME", "alias": "CLASS_NAME", "text": "programming-for engineering students", "userDefined": false}, {"text": "?", "userDefined": false}], "count": 0, "isTemplate": false}, {"id": "7e313074-14d4-4521-aa24-89eeca303991", "data": [{"text": "Is ", "userDefined": false}, {"meta": "@CLASS_QUALIFICATION", "alias": "CLASS_QUALIFICATION", "text": "sophomore", "userDefined": false}, {"text": " necessary to take ", "userDefined": false}, {"meta": "@CLASS_NAME", "alias": "CLASS_NAME", "text": "computer architecture", "userDefined": false}, {"text": "?", "userDefined": false}], "count": 0, "isTemplate": false}, {"id": "a2098552-ae9f-4fac-bc04-4a028db96e3e", "data": [{"text": "Is ", "userDefined": false}, {"meta": "@CLASS_QUALIFICATION", "alias": "CLASS_QUALIFICATION", "text": "freshman", "userDefined": false}, {"text": " necessary to take ", "userDefined": false}, {"meta": "@CLASS_NAME", "alias": "CLASS_NAME", "text": "CSC 495", "userDefined": false}, {"text": "?", "userDefined": false}], "count": 0, "isTemplate": false}, {"id": "b9df88f8-d83d-4703-bdeb-59c4fd81be93", "data": [{"text": "Is ", "userDefined": false}, {"meta": "@CLASS_QUALIFICATION", "alias": "CLASS_QUALIFICATION", "text": "freshman", "userDefined": false}, {"text": " necessary to take ", "userDefined": false}, {"meta": "@CLASS_NAME", "alias": "CLASS_NAME", "text": "CSC 366", "userDefined": false}, {"text": "?", "userDefined": false}], "count": 0, "isTemplate": false}, {"id": "d422ae2d-c53f-4e58-b0a5-838c0a8b048c", "data": [{"text": "Is ", "userDefined": false}, {"meta": "@CLASS_QUALIFICATION", "alias": "CLASS_QUALIFICATION", "text": "freshman", "userDefined": false}, {"text": " necessary to take ", "userDefined": false}, {"meta": "@CLASS_NAME", "alias": "CLASS_NAME", "text": "real-time-3d computer graphics software", "userDefined": false}, {"text": "?", "userDefined": false}], "count": 0, "isTemplate": false}, {"id": "ac627bd1-70e4-4169-a5ae-0df63f39d7d8", "data": [{"text": "Is ", "userDefined": false}, {"meta": "@CLASS_QUALIFICATION", "alias": "CLASS_QUALIFICATION", "text": "junior", "userDefined": false}, {"text": " necessary to take ", "userDefined": false}, {"meta": "@CLASS_NAME", "alias": "CLASS_NAME", "text": "CSC 490", "userDefined": false}, {"text": "?", "userDefined": false}], "count": 0, "isTemplate": false}, {"id": "264e12b0-8490-40c8-a641-8350d62792d6", "data": [{"text": "Is ", "userDefined": false}, {"meta": "@CLASS_QUALIFICATION", "alias": "CLASS_QUALIFICATION", "text": "sophomore", "userDefined": false}, {"text": " necessary to take ", "userDefined": false}, {"meta": "@CLASS_NAME", "alias": "CLASS_NAME", "text": "CSC 369", "userDefined": false}, {"text": "?", "userDefined": false}], "count": 0, "isTemplate": false}, {"id": "94993645-3836-4bd8-a421-3b7fee7d27e0", "data": [{"text": "Is ", "userDefined": false}, {"meta": "@CLASS_QUALIFICATION", "alias": "CLASS_QUALIFICATION", "text": "freshman", "userDefined": false}, {"text": " necessary to take ", "userDefined": false}, {"meta": "@CLASS_NAME", "alias": "CLASS_NAME", "text": "CSC 530", "userDefined": false}, {"text": "?", "userDefined": false}], "count": 0, "isTemplate": false}, {"id": "dcdefd16-4e0b-414a-a74f-509ea4f5d097", "data": [{"text": "Does ", "userDefined": false}, {"meta": "@CLASS_NAME", "alias": "CLASS_NAME", "text": "CSC 450", "userDefined": false}, {"text": " need ", "userDefined": false}, {"meta": "@CLASS_QUALIFICATION", "alias": "CLASS_QUALIFICATION", "text": "junior", "userDefined": false}, {"text": " standing?", "userDefined": false}], "count": 0, "isTemplate": false}, {"id": "238299f7-f237-47ab-bb41-f313cf6696df", "data": [{"text": "Does ", "userDefined": false}, {"meta": "@CLASS_NAME", "alias": "CLASS_NAME", "text": "CSC 200", "userDefined": false}, {"text": " need ", "userDefined": false}, {"meta": "@CLASS_QUALIFICATION", "alias": "CLASS_QUALIFICATION", "text": "junior", "userDefined": false}, {"text": " standing?", "userDefined": false}], "count": 0, "isTemplate": false}, {"id": "997bf0d9-4f0b-4eed-83b4-f42c2a31facb", "data": [{"text": "Does ", "userDefined": false}, {"meta": "@CLASS_NAME", "alias": "CLASS_NAME", "text": "CSC 435", "userDefined": false}, {"text": " need ", "userDefined": false}, {"meta": "@CLASS_QUALIFICATION", "alias": "CLASS_QUALIFICATION", "text": "junior", "userDefined": false}, {"text": " standing?", "userDefined": false}], "count": 0, "isTemplate": false}, {"id": "7b4fdd84-7734-416e-89e2-06e5e71169b9", "data": [{"text": "Does ", "userDefined": false}, {"meta": "@CLASS_NAME", "alias": "CLASS_NAME", "text": "CSC 435", "userDefined": false}, {"text": " need ", "userDefined": false}, {"meta": "@CLASS_QUALIFICATION", "alias": "CLASS_QUALIFICATION", "text": "freshman", "userDefined": false}, {"text": " standing?", "userDefined": false}], "count": 0, "isTemplate": false}, {"id": "cd9a4357-337a-45c0-b987-b0f110f4b7fa", "data": [{"text": "Does ", "userDefined": false}, {"meta": "@CLASS_NAME", "alias": "CLASS_NAME", "text": "compiler construction", "userDefined": false}, {"text": " need ", "userDefined": false}, {"meta": "@CLASS_QUALIFICATION", "alias": "CLASS_QUALIFICATION", "text": "senior", "userDefined": false}, {"text": " standing?", "userDefined": false}], "count": 0, "isTemplate": false}, {"id": "64fcd4c0-cdbc-416f-befa-9977fe0dc9a3", "data": [{"text": "Does ", "userDefined": false}, {"meta": "@CLASS_NAME", "alias": "CLASS_NAME", "text": "CSC 487", "userDefined": false}, {"text": " need ", "userDefined": false}, {"meta": "@CLASS_QUALIFICATION", "alias": "CLASS_QUALIFICATION", "text": "freshman", "userDefined": false}, {"text": " standing?", "userDefined": false}], "count": 0, "isTemplate": false}, {"id": "af898977-765f-4bfd-b6e4-55e0e5881bfd", "data": [{"text": "Does ", "userDefined": false}, {"meta": "@CLASS_NAME", "alias": "CLASS_NAME", "text": "compiler construction", "userDefined": false}, {"text": " need ", "userDefined": false}, {"meta": "@CLASS_QUALIFICATION", "alias": "CLASS_QUALIFICATION", "text": "freshman", "userDefined": false}, {"text": " standing?", "userDefined": false}], "count": 0, "isTemplate": false}, {"id": "fea425a7-9499-4c24-b741-92cdebccad2d", "data": [{"text": "Does ", "userDefined": false}, {"meta": "@CLASS_NAME", "alias": "CLASS_NAME", "text": "cryptography engineering", "userDefined": false}, {"text": " need ", "userDefined": false}, {"meta": "@CLASS_QUALIFICATION", "alias": "CLASS_QUALIFICATION", "text": "freshman", "userDefined": false}, {"text": " standing?", "userDefined": false}], "count": 0, "isTemplate": false}, {"id": "5b9d6c60-ed17-42e3-aa56-66f235a69383", "data": [{"text": "Does ", "userDefined": false}, {"meta": "@CLASS_NAME", "alias": "CLASS_NAME", "text": "computers-and society", "userDefined": false}, {"text": " need ", "userDefined": false}, {"meta": "@CLASS_QUALIFICATION", "alias": "CLASS_QUALIFICATION", "text": "freshman", "userDefined": false}, {"text": " standing?", "userDefined": false}], "count": 0, "isTemplate": false}, {"id": "689bfda7-252c-4912-b171-7c19ad709384", "data": [{"text": "Does ", "userDefined": false}, {"meta": "@CLASS_NAME", "alias": "CLASS_NAME", "text": "CSC 108", "userDefined": false}, {"text": " need ", "userDefined": false}, {"meta": "@CLASS_QUALIFICATION", "alias": "CLASS_QUALIFICATION", "text": "junior", "userDefined": false}, {"text": " standing?", "userDefined": false}], "count": 0, "isTemplate": false}, {"id": "4a41a990-77cc-4fa0-be51-8b43807b666c", "data": [{"text": "Do I need to be a ", "userDefined": false}, {"meta": "@CLASS_QUALIFICATION", "alias": "CLASS_QUALIFICATION", "text": "junior", "userDefined": false}, {"text": " to take ", "userDefined": false}, {"meta": "@CLASS_NAME", "alias": "CLASS_NAME", "text": "CSC 431", "userDefined": false}, {"text": "?", "userDefined": false}], "count": 0, "isTemplate": false}, {"id": "d666aa19-0aa9-412e-8ee3-6693ca60a70a", "data": [{"text": "Do I need to be a ", "userDefined": false}, {"meta": "@CLASS_QUALIFICATION", "alias": "CLASS_QUALIFICATION", "text": "junior", "userDefined": false}, {"text": " to take ", "userDefined": false}, {"meta": "@CLASS_NAME", "alias": "CLASS_NAME", "text": "topics-in advanced data mining", "userDefined": false}, {"text": "?", "userDefined": false}], "count": 0, "isTemplate": false}, {"id": "2ae64d04-8296-4341-9d6d-40b269802299", "data": [{"text": "Do I need to be a ", "userDefined": false}, {"meta": "@CLASS_QUALIFICATION", "alias": "CLASS_QUALIFICATION", "text": "senior", "userDefined": false}, {"text": " to take ", "userDefined": false}, {"meta": "@CLASS_NAME", "alias": "CLASS_NAME", "text": "compiler construction", "userDefined": false}, {"text": "?", "userDefined": false}], "count": 0, "isTemplate": false}, {"id": "a81306fa-0f84-4e5d-ab2e-4cdedc49dee5", "data": [{"text": "Do I need to be a ", "userDefined": false}, {"meta": "@CLASS_QUALIFICATION", "alias": "CLASS_QUALIFICATION", "text": "junior", "userDefined": false}, {"text": " to take ", "userDefined": false}, {"meta": "@CLASS_NAME", "alias": "CLASS_NAME", "text": "CSC 509", "userDefined": false}, {"text": "?", "userDefined": false}], "count": 0, "isTemplate": false}, {"id": "d6eb617d-70d6-440a-80d8-c3e01c1d301c", "data": [{"text": "Do I need to be a ", "userDefined": false}, {"meta": "@CLASS_QUALIFICATION", "alias": "CLASS_QUALIFICATION", "text": "senior", "userDefined": false}, {"text": " to take ", "userDefined": false}, {"meta": "@CLASS_NAME", "alias": "CLASS_NAME", "text": "CSC 466", "userDefined": false}, {"text": "?", "userDefined": false}], "count": 0, "isTemplate": false}, {"id": "975fe912-d8b2-4228-b9bd-a90ae45446a2", "data": [{"text": "Do I need to be a ", "userDefined": false}, {"meta": "@CLASS_QUALIFICATION", "alias": "CLASS_QUALIFICATION", "text": "sophomore", "userDefined": false}, {"text": " to take ", "userDefined": false}, {"meta": "@CLASS_NAME", "alias": "CLASS_NAME", "text": "languages-and translators", "userDefined": false}, {"text": "?", "userDefined": false}], "count": 0, "isTemplate": false}, {"id": "bb1f97d8-8010-45f5-9069-74694c9af9b9", "data": [{"text": "Do I need to be a ", "userDefined": false}, {"meta": "@CLASS_QUALIFICATION", "alias": "CLASS_QUALIFICATION", "text": "freshman", "userDefined": false}, {"text": " to take ", "userDefined": false}, {"meta": "@CLASS_NAME", "alias": "CLASS_NAME", "text": "thesis seminar", "userDefined": false}, {"text": "?", "userDefined": false}], "count": 0, "isTemplate": false}, {"id": "cf8dbcbf-1a1e-41bd-b31c-f78b95c46e10", "data": [{"text": "Do I need to be a ", "userDefined": false}, {"meta": "@CLASS_QUALIFICATION", "alias": "CLASS_QUALIFICATION", "text": "sophomore", "userDefined": false}, {"text": " to take ", "userDefined": false}, {"meta": "@CLASS_NAME", "alias": "CLASS_NAME", "text": "CSC 231", "userDefined": false}, {"text": "?", "userDefined": false}], "count": 0, "isTemplate": false}, {"id": "2587855e-4067-4792-9a1f-61b843e940b7", "data": [{"text": "Do I need to be a ", "userDefined": false}, {"meta": "@CLASS_QUALIFICATION", "alias": "CLASS_QUALIFICATION", "text": "freshman", "userDefined": false}, {"text": " to take ", "userDefined": false}, {"meta": "@CLASS_NAME", "alias": "CLASS_NAME", "text": "CSC 405", "userDefined": false}, {"text": "?", "userDefined": false}], "count": 0, "isTemplate": false}, {"id": "9532b71a-54c2-4bcb-a94b-ba41cfe2d8ac", "data": [{"text": "Do I need to be a ", "userDefined": false}, {"meta": "@CLASS_QUALIFICATION", "alias": "CLASS_QUALIFICATION", "text": "junior", "userDefined": false}, {"text": " to take ", "userDefined": false}, {"meta": "@CLASS_NAME", "alias": "CLASS_NAME", "text": "cooperative education experience", "userDefined": false}, {"text": "?", "userDefined": false}], "count": 0, "isTemplate": false}, {"id": "f28a674e-9ee7-46ca-aab9-0f4eac9d8b62", "data": [{"text": "Am I required to be a ", "userDefined": false}, {"meta": "@CLASS_QUALIFICATION", "alias": "CLASS_QUALIFICATION", "text": "junior", "userDefined": false}, {"text": " to take ", "userDefined": false}, {"meta": "@CLASS_NAME", "alias": "CLASS_NAME", "text": "knowledge based systems", "userDefined": false}, {"text": "?", "userDefined": false}], "count": 0, "isTemplate": false}, {"id": "56ca1069-fc14-411c-a7c4-ed2b26ca1a9c", "data": [{"text": "Am I required to be a ", "userDefined": false}, {"meta": "@CLASS_QUALIFICATION", "alias": "CLASS_QUALIFICATION", "text": "freshman", "userDefined": false}, {"text": " to take ", "userDefined": false}, {"meta": "@CLASS_NAME", "alias": "CLASS_NAME", "text": "computer security", "userDefined": false}, {"text": "?", "userDefined": false}], "count": 0, "isTemplate": false}, {"id": "f899bb23-66d4-4478-8378-aa5f0b9562ff", "data": [{"text": "Am I required to be a ", "userDefined": false}, {"meta": "@CLASS_QUALIFICATION", "alias": "CLASS_QUALIFICATION", "text": "junior", "userDefined": false}, {"text": " to take ", "userDefined": false}, {"meta": "@CLASS_NAME", "alias": "CLASS_NAME", "text": "CSC 469", "userDefined": false}, {"text": "?", "userDefined": false}], "count": 0, "isTemplate": false}, {"id": "417d386a-cd6e-42c1-80b7-c867ddc172d2", "data": [{"text": "Am I required to be a ", "userDefined": false}, {"meta": "@CLASS_QUALIFICATION", "alias": "CLASS_QUALIFICATION", "text": "sophomore", "userDefined": false}, {"text": " to take ", "userDefined": false}, {"meta": "@CLASS_NAME", "alias": "CLASS_NAME", "text": "CSC 508", "userDefined": false}, {"text": "?", "userDefined": false}], "count": 0, "isTemplate": false}, {"id": "f945ee9e-5aef-490f-85bf-703e4307f5d2", "data": [{"text": "Am I required to be a ", "userDefined": false}, {"meta": "@CLASS_QUALIFICATION", "alias": "CLASS_QUALIFICATION", "text": "senior", "userDefined": false}, {"text": " to take ", "userDefined": false}, {"meta": "@CLASS_NAME", "alias": "CLASS_NAME", "text": "CSC 498", "userDefined": false}, {"text": "?", "userDefined": false}], "count": 0, "isTemplate": false}, {"id": "b0addf4f-fb5e-4a4d-8373-af6db65d9b4e", "data": [{"text": "Am I required to be a ", "userDefined": false}, {"meta": "@CLASS_QUALIFICATION", "alias": "CLASS_QUALIFICATION", "text": "sophomore", "userDefined": false}, {"text": " to take ", "userDefined": false}, {"meta": "@CLASS_NAME", "alias": "CLASS_NAME", "text": "CSC 595", "userDefined": false}, {"text": "?", "userDefined": false}], "count": 0, "isTemplate": false}, {"id": "46091fe8-6c6c-4944-a62f-5196d0ba727f", "data": [{"text": "Am I required to be a ", "userDefined": false}, {"meta": "@CLASS_QUALIFICATION", "alias": "CLASS_QUALIFICATION", "text": "freshman", "userDefined": false}, {"text": " to take ", "userDefined": false}, {"meta": "@CLASS_NAME", "alias": "CLASS_NAME", "text": "CSC 424", "userDefined": false}, {"text": "?", "userDefined": false}], "count": 0, "isTemplate": false}, {"id": "82cb4e14-c44b-4032-a0c6-234be005247a", "data": [{"text": "Am I required to be a ", "userDefined": false}, {"meta": "@CLASS_QUALIFICATION", "alias": "CLASS_QUALIFICATION", "text": "junior", "userDefined": false}, {"text": " to take ", "userDefined": false}, {"meta": "@CLASS_NAME", "alias": "CLASS_NAME", "text": "CSC 471", "userDefined": false}, {"text": "?", "userDefined": false}], "count": 0, "isTemplate": false}, {"id": "d745ad29-f431-4e72-ba4f-95e328e6f199", "data": [{"text": "Am I required to be a ", "userDefined": false}, {"meta": "@CLASS_QUALIFICATION", "alias": "CLASS_QUALIFICATION", "text": "junior", "userDefined": false}, {"text": " to take ", "userDefined": false}, {"meta": "@CLASS_NAME", "alias": "CLASS_NAME", "text": "software engineering ii", "userDefined": false}, {"text": "?", "userDefined": false}], "count": 0, "isTemplate": false}, {"id": "38acc408-755f-4f53-b21d-f13d662ba319", "data": [{"text": "Am I required to be a ", "userDefined": false}, {"meta": "@CLASS_QUALIFICATION", "alias": "CLASS_QUALIFICATION", "text": "junior", "userDefined": false}, {"text": " to take ", "userDefined": false}, {"meta": "@CLASS_NAME", "alias": "CLASS_NAME", "text": "CSC 596", "userDefined": false}, {"text": "?", "userDefined": false}], "count": 0, "isTemplate": false}, {"id": "10e4e6e2-f856-4899-b177-5ea8f348713e", "data": [{"text": "Does ", "userDefined": false}, {"meta": "@CLASS_NAME", "alias": "CLASS_NAME", "text": "computer graphics", "userDefined": false}, {"text": " require me to be a ", "userDefined": false}, {"meta": "@CLASS_QUALIFICATION", "alias": "CLASS_QUALIFICATION", "text": "junior", "userDefined": false}, {"text": "?", "userDefined": false}], "count": 0, "isTemplate": false}, {"id": "edb83b37-6a10-49c6-92f0-eac4133bb984", "data": [{"text": "Does ", "userDefined": false}, {"meta": "@CLASS_NAME", "alias": "CLASS_NAME", "text": "CSC 422", "userDefined": false}, {"text": " require me to be a ", "userDefined": false}, {"meta": "@CLASS_QUALIFICATION", "alias": "CLASS_QUALIFICATION", "text": "junior", "userDefined": false}, {"text": "?", "userDefined": false}], "count": 0, "isTemplate": false}, {"id": "bef211ab-75c0-4090-b40d-96633e1889dd", "data": [{"text": "Does ", "userDefined": false}, {"meta": "@CLASS_NAME", "alias": "CLASS_NAME", "text": "cryptography engineering", "userDefined": false}, {"text": " require me to be a ", "userDefined": false}, {"meta": "@CLASS_QUALIFICATION", "alias": "CLASS_QUALIFICATION", "text": "sophomore", "userDefined": false}, {"text": "?", "userDefined": false}], "count": 0, "isTemplate": false}, {"id": "20b0a086-0d42-449f-a182-c4b78a1e9a39", "data": [{"text": "Does ", "userDefined": false}, {"meta": "@CLASS_NAME", "alias": "CLASS_NAME", "text": "software evaluation", "userDefined": false}, {"text": " require me to be a ", "userDefined": false}, {"meta": "@CLASS_QUALIFICATION", "alias": "CLASS_QUALIFICATION", "text": "junior", "userDefined": false}, {"text": "?", "userDefined": false}], "count": 0, "isTemplate": false}, {"id": "899213ba-ac9e-4206-b98d-200bc7d0bdf4", "data": [{"text": "Does ", "userDefined": false}, {"meta": "@CLASS_NAME", "alias": "CLASS_NAME", "text": "CSC 321", "userDefined": false}, {"text": " require me to be a ", "userDefined": false}, {"meta": "@CLASS_QUALIFICATION", "alias": "CLASS_QUALIFICATION", "text": "sophomore", "userDefined": false}, {"text": "?", "userDefined": false}], "count": 0, "isTemplate": false}, {"id": "b3bf2ef9-ed63-409b-bf69-5451a0736418", "data": [{"text": "Does ", "userDefined": false}, {"meta": "@CLASS_NAME", "alias": "CLASS_NAME", "text": "programming-for engineering students", "userDefined": false}, {"text": " require me to be a ", "userDefined": false}, {"meta": "@CLASS_QUALIFICATION", "alias": "CLASS_QUALIFICATION", "text": "senior", "userDefined": false}, {"text": "?", "userDefined": false}], "count": 0, "isTemplate": false}, {"id": "d49c1c73-4108-4a9a-b76b-aec8d2900729", "data": [{"text": "Does ", "userDefined": false}, {"meta": "@CLASS_NAME", "alias": "CLASS_NAME", "text": "CSC 307", "userDefined": false}, {"text": " require me to be a ", "userDefined": false}, {"meta": "@CLASS_QUALIFICATION", "alias": "CLASS_QUALIFICATION", "text": "senior", "userDefined": false}, {"text": "?", "userDefined": false}], "count": 0, "isTemplate": false}, {"id": "b762c034-bd62-46c5-b18c-04cc88e7a7b1", "data": [{"text": "Does ", "userDefined": false}, {"meta": "@CLASS_NAME", "alias": "CLASS_NAME", "text": "introduction-to operating systems", "userDefined": false}, {"text": " require me to be a ", "userDefined": false}, {"meta": "@CLASS_QUALIFICATION", "alias": "CLASS_QUALIFICATION", "text": "senior", "userDefined": false}, {"text": "?", "userDefined": false}], "count": 0, "isTemplate": false}, {"id": "b9c5b0cc-af29-4b82-a1d0-4566e1b6ace3", "data": [{"text": "Does ", "userDefined": false}, {"meta": "@CLASS_NAME", "alias": "CLASS_NAME", "text": "computing-for interactive arts capstone i", "userDefined": false}, {"text": " require me to be a ", "userDefined": false}, {"meta": "@CLASS_QUALIFICATION", "alias": "CLASS_QUALIFICATION", "text": "junior", "userDefined": false}, {"text": "?", "userDefined": false}], "count": 0, "isTemplate": false}, {"id": "6003c6c0-c590-4e11-9110-ee3a6ac9eb4b", "data": [{"text": "Does ", "userDefined": false}, {"meta": "@CLASS_NAME", "alias": "CLASS_NAME", "text": "CSC 301", "userDefined": false}, {"text": " require me to be a ", "userDefined": false}, {"meta": "@CLASS_QUALIFICATION", "alias": "CLASS_QUALIFICATION", "text": "sophomore", "userDefined": false}, {"text": "?", "userDefined": false}], "count": 0, "isTemplate": false}, {"id": "530dbe11-b560-4453-9f7f-7fb0dcc0954c", "data": [{"text": "Does ", "userDefined": false}, {"meta": "@CLASS_NAME", "alias": "CLASS_NAME", "text": "interactive entertainment engineering", "userDefined": false}, {"text": " require ", "userDefined": false}, {"meta": "@CLASS_QUALIFICATION", "alias": "CLASS_QUALIFICATION", "text": "senior", "userDefined": false}, {"text": " standing?", "userDefined": false}], "count": 0, "isTemplate": false}, {"id": "9b2caa10-e159-4f74-9f02-2a4b59afa5fc", "data": [{"text": "Does ", "userDefined": false}, {"meta": "@CLASS_NAME", "alias": "CLASS_NAME", "text": "CSC 453", "userDefined": false}, {"text": " require ", "userDefined": false}, {"meta": "@CLASS_QUALIFICATION", "alias": "CLASS_QUALIFICATION", "text": "senior", "userDefined": false}, {"text": " standing?", "userDefined": false}], "count": 0, "isTemplate": false}, {"id": "27d6f7fc-7307-4a54-ac76-68960c965399", "data": [{"text": "Does ", "userDefined": false}, {"meta": "@CLASS_NAME", "alias": "CLASS_NAME", "text": "computational art", "userDefined": false}, {"text": " require ", "userDefined": false}, {"meta": "@CLASS_QUALIFICATION", "alias": "CLASS_QUALIFICATION", "text": "freshman", "userDefined": false}, {"text": " standing?", "userDefined": false}], "count": 0, "isTemplate": false}, {"id": "b3a93e0b-5cae-45cd-a50b-465460bfe9ca", "data": [{"text": "Does ", "userDefined": false}, {"meta": "@CLASS_NAME", "alias": "CLASS_NAME", "text": "CSC 313", "userDefined": false}, {"text": " require ", "userDefined": false}, {"meta": "@CLASS_QUALIFICATION", "alias": "CLASS_QUALIFICATION", "text": "sophomore", "userDefined": false}, {"text": " standing?", "userDefined": false}], "count": 0, "isTemplate": false}, {"id": "0728b8e4-b74e-47a8-a894-bc92a166567e", "data": [{"text": "Does ", "userDefined": false}, {"meta": "@CLASS_NAME", "alias": "CLASS_NAME", "text": "computational art", "userDefined": false}, {"text": " require ", "userDefined": false}, {"meta": "@CLASS_QUALIFICATION", "alias": "CLASS_QUALIFICATION", "text": "senior", "userDefined": false}, {"text": " standing?", "userDefined": false}], "count": 0, "isTemplate": false}, {"id": "0617148b-2dcd-4c72-ab76-9b863c2c1792", "data": [{"text": "Does ", "userDefined": false}, {"meta": "@CLASS_NAME", "alias": "CLASS_NAME", "text": "CSC 515", "userDefined": false}, {"text": " require ", "userDefined": false}, {"meta": "@CLASS_QUALIFICATION", "alias": "CLASS_QUALIFICATION", "text": "freshman", "userDefined": false}, {"text": " standing?", "userDefined": false}], "count": 0, "isTemplate": false}, {"id": "92a054e1-4a2a-4318-a7ad-85c8b6358cc7", "data": [{"text": "Does ", "userDefined": false}, {"meta": "@CLASS_NAME", "alias": "CLASS_NAME", "text": "CSC 308", "userDefined": false}, {"text": " require ", "userDefined": false}, {"meta": "@CLASS_QUALIFICATION", "alias": "CLASS_QUALIFICATION", "text": "freshman", "userDefined": false}, {"text": " standing?", "userDefined": false}], "count": 0, "isTemplate": false}, {"id": "01fa47c3-dc99-41fa-a65d-20a66f3d5ce6", "data": [{"text": "Does ", "userDefined": false}, {"meta": "@CLASS_NAME", "alias": "CLASS_NAME", "text": "cooperative education experience", "userDefined": false}, {"text": " require ", "userDefined": false}, {"meta": "@CLASS_QUALIFICATION", "alias": "CLASS_QUALIFICATION", "text": "sophomore", "userDefined": false}, {"text": " standing?", "userDefined": false}], "count": 0, "isTemplate": false}, {"id": "16dbe225-9fa9-4936-9a1d-516c0f72e2c2", "data": [{"text": "Does ", "userDefined": false}, {"meta": "@CLASS_NAME", "alias": "CLASS_NAME", "text": "introduction-to distributed computing", "userDefined": false}, {"text": " require ", "userDefined": false}, {"meta": "@CLASS_QUALIFICATION", "alias": "CLASS_QUALIFICATION", "text": "sophomore", "userDefined": false}, {"text": " standing?", "userDefined": false}], "count": 0, "isTemplate": false}, {"id": "0f9ec21a-c82d-4741-9dcd-a7a85d13bdf0", "data": [{"text": "Does ", "userDefined": false}, {"meta": "@CLASS_NAME", "alias": "CLASS_NAME", "text": "CSC 495", "userDefined": false}, {"text": " require ", "userDefined": false}, {"meta": "@CLASS_QUALIFICATION", "alias": "CLASS_QUALIFICATION", "text": "freshman", "userDefined": false}, {"text": " standing?", "userDefined": false}], "count": 0, "isTemplate": false}]