[{"count": 0, "data": [{"userDefined": false, "text": "Which courses don't include "}, {"userDefined": false, "meta": "@SUBJECT_MATTER", "alias": "SUBJECT_MATTER", "text": "physic"}, {"userDefined": false, "text": "?"}], "isTemplate": false, "id": "1b00e9f8-61bb-4738-9755-d866e7c0b4fd"}, {"count": 0, "data": [{"userDefined": false, "text": "What are classes that don't include "}, {"userDefined": false, "meta": "@SUBJECT_MATTER", "alias": "SUBJECT_MATTER", "text": "queue"}, {"userDefined": false, "text": "?"}], "isTemplate": false, "id": "5c793ac4-76ba-4fd6-8156-49673b7998ca"}, {"count": 0, "data": [{"userDefined": false, "text": "What are some classes that don't include "}, {"userDefined": false, "meta": "@SUBJECT_MATTER", "alias": "SUBJECT_MATTER", "text": "individual research"}, {"userDefined": false, "text": "?"}], "isTemplate": false, "id": "9bca6f30-5afe-4bcd-a632-6d1d2b5d3ba3"}, {"count": 0, "data": [{"userDefined": false, "text": "Which classes don't consist of "}, {"userDefined": false, "meta": "@SUBJECT_MATTER", "alias": "SUBJECT_MATTER", "text": "digital"}, {"userDefined": false, "text": "?"}], "isTemplate": false, "id": "8a52ab58-5ec4-4e1c-b4cb-9e935e4460a8"}, {"count": 0, "data": [{"userDefined": false, "text": "Which classes don't touch on "}, {"userDefined": false, "meta": "@SUBJECT_MATTER", "alias": "SUBJECT_MATTER", "text": "object orient programming"}, {"userDefined": false, "text": "?"}], "isTemplate": false, "id": "164c0c9a-0ffb-4001-a5a7-2167e8975f64"}, {"count": 0, "data": [{"userDefined": false, "text": "Which classes don\u2019t include "}, {"userDefined": false, "meta": "@SUBJECT_MATTER", "alias": "SUBJECT_MATTER", "text": "modeling"}, {"userDefined": false, "text": "?"}], "isTemplate": false, "id": "05519011-9743-4801-8631-db530b6d1d5b"}]