[{"count": 0, "data": [{"userDefined": false, "text": "Which courses have less than "}, {"userDefined": false, "meta": "@sys.number", "alias": "number", "text": "4"}, {"userDefined": false, "text": " prerequisites?"}], "isTemplate": false, "id": "8350f798-b537-43a2-836e-ae8446869e4b"}, {"count": 0, "data": [{"userDefined": false, "text": "Which classes have less than "}, {"userDefined": false, "meta": "@sys.number", "alias": "number", "text": "2"}, {"userDefined": false, "text": " prereqs?"}], "isTemplate": false, "id": "32682e17-6b01-4989-9c8a-c5b9b7e3663c"}, {"count": 0, "data": [{"userDefined": false, "text": "What classes have less than "}, {"userDefined": false, "meta": "@sys.number", "alias": "number", "text": "one"}, {"userDefined": false, "text": " prerequisites?"}], "isTemplate": false, "id": "aa5565fc-ddde-48a1-bdeb-ca1806ed149a"}, {"count": 0, "data": [{"userDefined": false, "text": "Which classes have fewer than "}, {"userDefined": false, "meta": "@sys.number", "alias": "number", "text": "4"}, {"userDefined": false, "text": " prerequisites?"}], "isTemplate": false, "id": "a3e9fa36-bfcf-462a-bc52-e1322ae36079"}, {"count": 0, "data": [{"userDefined": false, "text": "Which classes have less than "}, {"userDefined": false, "meta": "@sys.number", "alias": "number", "text": "4"}, {"userDefined": false, "text": " prerequisites?"}], "isTemplate": false, "id": "05abe54b-307f-4fcd-a63f-e5ff920ca8a1"}]