[{"count": 0, "data": [{"userDefined": false, "text": "Which courses are most similar to "}, {"userDefined": false, "meta": "@CLASS_NAME", "alias": "CLASS_NAME", "text": "thesis seminar"}, {"userDefined": false, "text": "?"}], "isTemplate": false, "id": "f1d7b91d-8c76-4a8f-8f38-7369eca6d170"}, {"count": 0, "data": [{"userDefined": false, "text": "What classes are similar to "}, {"userDefined": false, "meta": "@CLASS_NAME", "alias": "CLASS_NAME", "text": "CSC 492"}, {"userDefined": false, "text": "?"}], "isTemplate": false, "id": "0822c915-af55-4a86-a9dd-f2ecedcc5f60"}, {"count": 0, "data": [{"userDefined": false, "text": "Which courses are similar to "}, {"userDefined": false, "meta": "@CLASS_NAME", "alias": "CLASS_NAME", "text": "CSC 580"}, {"userDefined": false, "text": "?"}], "isTemplate": false, "id": "83808265-40bd-4b49-ad6d-aa7dd41a2fea"}, {"count": 0, "data": [{"userDefined": false, "text": "Which classes are like "}, {"userDefined": false, "meta": "@CLASS_NAME", "alias": "CLASS_NAME", "text": "CSC 564"}, {"userDefined": false, "text": "?"}], "isTemplate": false, "id": "92d40d5d-e4bb-4bb7-8a2d-9661d43494ec"}, {"count": 0, "data": [{"userDefined": false, "text": "If I could not get "}, {"userDefined": false, "meta": "@CLASS_NAME", "alias": "CLASS_NAME", "text": "introduction-to mixed reality"}, {"userDefined": false, "text": ", which classes should I take instead?"}], "isTemplate": false, "id": "f2997abc-7928-472b-9650-56d40b74d49f"}, {"count": 0, "data": [{"userDefined": false, "text": "Which classes are most similar to "}, {"userDefined": false, "meta": "@CLASS_NAME", "alias": "CLASS_NAME", "text": "senior project-- software deployment"}, {"userDefined": false, "text": "?"}], "isTemplate": false, "id": "f7722a10-0762-45a0-b348-6b1c5663144d"}]