[{"count": 0, "data": [{"userDefined": false, "text": "Can "}, {"userDefined": false, "meta": "@CLASS_NAME", "alias": "CLASS_NAME", "text": "CSC 313"}, {"userDefined": false, "text": " also be found in "}, {"userDefined": false, "meta": "@DEPARTMENT_ABBREVIATION", "alias": "DEPARTMENT_ABBREVIATION", "text": "cpe"}, {"userDefined": false, "text": "?"}], "isTemplate": false, "id": "0f437dbf-76f8-4862-a575-e203f6eb70b1"}, {"count": 0, "data": [{"userDefined": false, "text": "May "}, {"userDefined": false, "meta": "@CLASS_NAME", "alias": "CLASS_NAME", "text": "computer architecture"}, {"userDefined": false, "text": " also be listed in "}, {"userDefined": false, "meta": "@DEPARTMENT_ABBREVIATION", "alias": "DEPARTMENT_ABBREVIATION", "text": "cpe"}, {"userDefined": false, "text": "?"}], "isTemplate": false, "id": "73f98fb7-e848-475d-a9ef-dc49765e1f1f"}, {"count": 0, "data": [{"userDefined": false, "text": "Can I also find "}, {"userDefined": false, "meta": "@CLASS_NAME", "alias": "CLASS_NAME", "text": "CSC 171"}, {"userDefined": false, "text": " in "}, {"userDefined": false, "meta": "@DEPARTMENT_ABBREVIATION", "alias": "DEPARTMENT_ABBREVIATION", "text": "csc"}, {"userDefined": false, "text": "?"}], "isTemplate": false, "id": "d16fc298-9e24-496d-8f00-b9934d3caeb0"}, {"count": 0, "data": [{"userDefined": false, "text": "Is "}, {"userDefined": false, "meta": "@CLASS_NAME", "alias": "CLASS_NAME", "text": "introduction-to computer security"}, {"userDefined": false, "text": " crosslisted in "}, {"userDefined": false, "meta": "@DEPARTMENT_ABBREVIATION", "alias": "DEPARTMENT_ABBREVIATION", "text": "cpe"}, {"userDefined": false, "text": "?"}], "isTemplate": false, "id": "2bf71300-61bd-4b52-94b6-e30cf36fe581"}]