[{"id": "2ebb8b49-6698-4dbe-b4b9-3e53f1be7696", "data": [{"text": "Can I find ", "userDefined": false}, {"meta": "@CLASS_NAME", "alias": "CLASS_NAME", "text": "CSC 303", "userDefined": false}, {"text": " listed in another department?", "userDefined": false}], "count": 0, "isTemplate": false}, {"id": "177c83b4-3507-4140-a8f0-086635e9ecee", "data": [{"text": "Can I find ", "userDefined": false}, {"meta": "@CLASS_NAME", "alias": "CLASS_NAME", "text": "CSC 422", "userDefined": false}, {"text": " listed in another department?", "userDefined": false}], "count": 0, "isTemplate": false}, {"id": "bb6a0cd9-4559-4c2e-a75f-4e23e5574383", "data": [{"text": "Can I find ", "userDefined": false}, {"meta": "@CLASS_NAME", "alias": "CLASS_NAME", "text": "CSC 448", "userDefined": false}, {"text": " listed in another department?", "userDefined": false}], "count": 0, "isTemplate": false}, {"id": "74f22971-d965-4d65-8897-dc5657ef4636", "data": [{"text": "Can I find ", "userDefined": false}, {"meta": "@CLASS_NAME", "alias": "CLASS_NAME", "text": "selected advanced topics", "userDefined": false}, {"text": " listed in another department?", "userDefined": false}], "count": 0, "isTemplate": false}, {"id": "1ab172f5-4fbf-484c-8b1e-03c7058762a2", "data": [{"text": "Can I find ", "userDefined": false}, {"meta": "@CLASS_NAME", "alias": "CLASS_NAME", "text": "CSC 483", "userDefined": false}, {"text": " listed in another department?", "userDefined": false}], "count": 0, "isTemplate": false}, {"id": "d19d177c-991b-4340-a3ef-8fdefb085ead", "data": [{"text": "Can I find ", "userDefined": false}, {"meta": "@CLASS_NAME", "alias": "CLASS_NAME", "text": "CSC 474", "userDefined": false}, {"text": " listed in another department?", "userDefined": false}], "count": 0, "isTemplate": false}, {"id": "1e64e3e2-1de1-4e10-b04f-a109fe90d340", "data": [{"text": "Can I find ", "userDefined": false}, {"meta": "@CLASS_NAME", "alias": "CLASS_NAME", "text": "introduction-to computing", "userDefined": false}, {"text": " listed in another department?", "userDefined": false}], "count": 0, "isTemplate": false}, {"id": "2c33841f-d03e-473e-ac54-e6481dc62cd2", "data": [{"text": "Can I find ", "userDefined": false}, {"meta": "@CLASS_NAME", "alias": "CLASS_NAME", "text": "interactive entertainment engineering", "userDefined": false}, {"text": " listed in another department?", "userDefined": false}], "count": 0, "isTemplate": false}, {"id": "7205d11b-a993-461f-99bd-74829b30989a", "data": [{"text": "Can I find ", "userDefined": false}, {"meta": "@CLASS_NAME", "alias": "CLASS_NAME", "text": "cooperative education experience", "userDefined": false}, {"text": " listed in another department?", "userDefined": false}], "count": 0, "isTemplate": false}, {"id": "4c3d8a36-dbeb-4f34-8cad-ee6fb2de2cd4", "data": [{"text": "Can I find ", "userDefined": false}, {"meta": "@CLASS_NAME", "alias": "CLASS_NAME", "text": "cooperative education experience", "userDefined": false}, {"text": " listed in another department?", "userDefined": false}], "count": 0, "isTemplate": false}, {"id": "3fb6e82a-4460-4804-873f-56f51f067b31", "data": [{"text": "Is there another department listing of ", "userDefined": false}, {"meta": "@CLASS_NAME", "alias": "CLASS_NAME", "text": "software engineering i", "userDefined": false}, {"text": "?", "userDefined": false}], "count": 0, "isTemplate": false}, {"id": "2503cf15-5d4e-46f7-ae75-f7039a98a889", "data": [{"text": "Is there another department listing of ", "userDefined": false}, {"meta": "@CLASS_NAME", "alias": "CLASS_NAME", "text": "senior project ii", "userDefined": false}, {"text": "?", "userDefined": false}], "count": 0, "isTemplate": false}, {"id": "d358a32b-1b0b-4384-9c37-c156eba3d3f4", "data": [{"text": "Is there another department listing of ", "userDefined": false}, {"meta": "@CLASS_NAME", "alias": "CLASS_NAME", "text": "selected advanced laboratory", "userDefined": false}, {"text": "?", "userDefined": false}], "count": 0, "isTemplate": false}, {"id": "d3de81ba-2e5c-4a44-b2b1-ac5f2c21b3d6", "data": [{"text": "Is there another department listing of ", "userDefined": false}, {"meta": "@CLASS_NAME", "alias": "CLASS_NAME", "text": "CSC 484", "userDefined": false}, {"text": "?", "userDefined": false}], "count": 0, "isTemplate": false}, {"id": "58cc6188-1dc5-415c-970f-62e9518d707d", "data": [{"text": "Is there another department listing of ", "userDefined": false}, {"meta": "@CLASS_NAME", "alias": "CLASS_NAME", "text": "CSC 313", "userDefined": false}, {"text": "?", "userDefined": false}], "count": 0, "isTemplate": false}, {"id": "8cc5e70e-1c35-4de6-87d1-a7faf550feda", "data": [{"text": "Is there another department listing of ", "userDefined": false}, {"meta": "@CLASS_NAME", "alias": "CLASS_NAME", "text": "CSC 325", "userDefined": false}, {"text": "?", "userDefined": false}], "count": 0, "isTemplate": false}, {"id": "5c581847-668b-46ad-8f29-3456e56abbff", "data": [{"text": "Is there another department listing of ", "userDefined": false}, {"meta": "@CLASS_NAME", "alias": "CLASS_NAME", "text": "senior project ii", "userDefined": false}, {"text": "?", "userDefined": false}], "count": 0, "isTemplate": false}, {"id": "8c09dc4e-eb46-4a6b-a480-ca2fe5750cf7", "data": [{"text": "Is there another department listing of ", "userDefined": false}, {"meta": "@CLASS_NAME", "alias": "CLASS_NAME", "text": "theory-of computation ii", "userDefined": false}, {"text": "?", "userDefined": false}], "count": 0, "isTemplate": false}, {"id": "e601f0f3-bd35-42ea-a075-73a23dc07175", "data": [{"text": "Is there another department listing of ", "userDefined": false}, {"meta": "@CLASS_NAME", "alias": "CLASS_NAME", "text": "CSC 493", "userDefined": false}, {"text": "?", "userDefined": false}], "count": 0, "isTemplate": false}, {"id": "dd86510f-437d-4267-b9f5-fde90fc1ea84", "data": [{"text": "Is there another department listing of ", "userDefined": false}, {"meta": "@CLASS_NAME", "alias": "CLASS_NAME", "text": "CSC 348", "userDefined": false}, {"text": "?", "userDefined": false}], "count": 0, "isTemplate": false}, {"id": "1ddcbd63-7246-46b9-baa7-97aba7100b58", "data": [{"text": "Is ", "userDefined": false}, {"meta": "@CLASS_NAME", "alias": "CLASS_NAME", "text": "CSC 580", "userDefined": false}, {"text": " crosslisted somewhere else?", "userDefined": false}], "count": 0, "isTemplate": false}, {"id": "9c59b1c1-8bd7-42c4-8800-ba321b9a2b95", "data": [{"text": "Is ", "userDefined": false}, {"meta": "@CLASS_NAME", "alias": "CLASS_NAME", "text": "software evaluation", "userDefined": false}, {"text": " crosslisted somewhere else?", "userDefined": false}], "count": 0, "isTemplate": false}, {"id": "ee719b6c-3cc4-43e0-bed3-757c909a7f30", "data": [{"text": "Is ", "userDefined": false}, {"meta": "@CLASS_NAME", "alias": "CLASS_NAME", "text": "CSC 599", "userDefined": false}, {"text": " crosslisted somewhere else?", "userDefined": false}], "count": 0, "isTemplate": false}, {"id": "5063e56a-3784-47ac-8b39-8ca441f9d717", "data": [{"text": "Is ", "userDefined": false}, {"meta": "@CLASS_NAME", "alias": "CLASS_NAME", "text": "CSC 500", "userDefined": false}, {"text": " crosslisted somewhere else?", "userDefined": false}], "count": 0, "isTemplate": false}, {"id": "35ca03de-d9e2-4878-b4b1-9571ab9b8cc3", "data": [{"text": "Is ", "userDefined": false}, {"meta": "@CLASS_NAME", "alias": "CLASS_NAME", "text": "current topics-in artificial intelligence", "userDefined": false}, {"text": " crosslisted somewhere else?", "userDefined": false}], "count": 0, "isTemplate": false}, {"id": "6b72adb3-3b6a-481f-b696-335acef0b504", "data": [{"text": "Is ", "userDefined": false}, {"meta": "@CLASS_NAME", "alias": "CLASS_NAME", "text": "teaching computer science", "userDefined": false}, {"text": " crosslisted somewhere else?", "userDefined": false}], "count": 0, "isTemplate": false}, {"id": "751883ee-3189-4ece-8f59-90923af39dcb", "data": [{"text": "Is ", "userDefined": false}, {"meta": "@CLASS_NAME", "alias": "CLASS_NAME", "text": "CSC 234", "userDefined": false}, {"text": " crosslisted somewhere else?", "userDefined": false}], "count": 0, "isTemplate": false}, {"id": "fbdf0c8e-21cb-450d-bd4f-fdd5151c54dd", "data": [{"text": "Is ", "userDefined": false}, {"meta": "@CLASS_NAME", "alias": "CLASS_NAME", "text": "CSC 323", "userDefined": false}, {"text": " crosslisted somewhere else?", "userDefined": false}], "count": 0, "isTemplate": false}, {"id": "5fa7b508-b6b9-48b3-a392-c38f2103456b", "data": [{"text": "Is ", "userDefined": false}, {"meta": "@CLASS_NAME", "alias": "CLASS_NAME", "text": "directed study", "userDefined": false}, {"text": " crosslisted somewhere else?", "userDefined": false}], "count": 0, "isTemplate": false}, {"id": "70154fb7-6779-499d-b910-52a9084551b5", "data": [{"text": "Is ", "userDefined": false}, {"meta": "@CLASS_NAME", "alias": "CLASS_NAME", "text": "human-computer interaction theory-and design", "userDefined": false}, {"text": " crosslisted somewhere else?", "userDefined": false}], "count": 0, "isTemplate": false}, {"id": "1833a03e-4bff-4c1d-ad9a-f0cd6c53fe61", "data": [{"text": "Is ", "userDefined": false}, {"meta": "@CLASS_NAME", "alias": "CLASS_NAME", "text": "introduction-to computer security", "userDefined": false}, {"text": " crosslisted in some other department?", "userDefined": false}], "count": 0, "isTemplate": false}, {"id": "c5dc8178-dc5c-44c2-8ed9-e82e920adf06", "data": [{"text": "Is ", "userDefined": false}, {"meta": "@CLASS_NAME", "alias": "CLASS_NAME", "text": "CSC 466", "userDefined": false}, {"text": " crosslisted in some other department?", "userDefined": false}], "count": 0, "isTemplate": false}, {"id": "340bcbbb-5b1a-4d21-9197-23e886acd4a8", "data": [{"text": "Is ", "userDefined": false}, {"meta": "@CLASS_NAME", "alias": "CLASS_NAME", "text": "introduction-to computer graphics", "userDefined": false}, {"text": " crosslisted in some other department?", "userDefined": false}], "count": 0, "isTemplate": false}, {"id": "6841e299-9587-4559-953c-14af76ccd3ae", "data": [{"text": "Is ", "userDefined": false}, {"meta": "@CLASS_NAME", "alias": "CLASS_NAME", "text": "CSC 530", "userDefined": false}, {"text": " crosslisted in some other department?", "userDefined": false}], "count": 0, "isTemplate": false}, {"id": "6af429be-d7d3-4daa-b870-1e06f0fbf871", "data": [{"text": "Is ", "userDefined": false}, {"meta": "@CLASS_NAME", "alias": "CLASS_NAME", "text": "introduction-to software engineering", "userDefined": false}, {"text": " crosslisted in some other department?", "userDefined": false}], "count": 0, "isTemplate": false}, {"id": "a2e446c3-7703-4eff-8f64-8910d7789780", "data": [{"text": "Is ", "userDefined": false}, {"meta": "@CLASS_NAME", "alias": "CLASS_NAME", "text": "selected topics", "userDefined": false}, {"text": " crosslisted in some other department?", "userDefined": false}], "count": 0, "isTemplate": false}, {"id": "83c8a1ce-8e60-445a-8e09-5c1bd19cfe54", "data": [{"text": "Is ", "userDefined": false}, {"meta": "@CLASS_NAME", "alias": "CLASS_NAME", "text": "database management systems implementation", "userDefined": false}, {"text": " crosslisted in some other department?", "userDefined": false}], "count": 0, "isTemplate": false}, {"id": "eef00c05-e232-4b15-91aa-9d2918db7205", "data": [{"text": "Is ", "userDefined": false}, {"meta": "@CLASS_NAME", "alias": "CLASS_NAME", "text": "selected advanced laboratory", "userDefined": false}, {"text": " crosslisted in some other department?", "userDefined": false}], "count": 0, "isTemplate": false}, {"id": "896b53c0-f2c5-4434-955d-a61930aebe09", "data": [{"text": "Is ", "userDefined": false}, {"meta": "@CLASS_NAME", "alias": "CLASS_NAME", "text": "CSC 400", "userDefined": false}, {"text": " crosslisted in some other department?", "userDefined": false}], "count": 0, "isTemplate": false}, {"id": "b29fc189-3375-4c47-a64f-51284c9e90a7", "data": [{"text": "Is ", "userDefined": false}, {"meta": "@CLASS_NAME", "alias": "CLASS_NAME", "text": "CSC 105", "userDefined": false}, {"text": " crosslisted in some other department?", "userDefined": false}], "count": 0, "isTemplate": false}, {"id": "789c2d44-4573-401f-95a3-5d82ee3b3a8d", "data": [{"text": "Is ", "userDefined": false}, {"meta": "@CLASS_NAME", "alias": "CLASS_NAME", "text": "CSC 550", "userDefined": false}, {"text": " crosslisted in another department?", "userDefined": false}], "count": 0, "isTemplate": false}, {"id": "32e52e69-f79c-485d-88a9-7b87515a21d1", "data": [{"text": "Is ", "userDefined": false}, {"meta": "@CLASS_NAME", "alias": "CLASS_NAME", "text": "CSC 478", "userDefined": false}, {"text": " crosslisted in another department?", "userDefined": false}], "count": 0, "isTemplate": false}, {"id": "fd3a43ea-9772-4893-8317-a8a76e4ebe7d", "data": [{"text": "Is ", "userDefined": false}, {"meta": "@CLASS_NAME", "alias": "CLASS_NAME", "text": "thesis", "userDefined": false}, {"text": " crosslisted in another department?", "userDefined": false}], "count": 0, "isTemplate": false}, {"id": "4cad5e70-908e-4f05-99a7-07b3e10c87af", "data": [{"text": "Is ", "userDefined": false}, {"meta": "@CLASS_NAME", "alias": "CLASS_NAME", "text": "software evaluation", "userDefined": false}, {"text": " crosslisted in another department?", "userDefined": false}], "count": 0, "isTemplate": false}, {"id": "e32332e5-72c6-4f0f-9e34-e8018678d944", "data": [{"text": "Is ", "userDefined": false}, {"meta": "@CLASS_NAME", "alias": "CLASS_NAME", "text": "CSC 232", "userDefined": false}, {"text": " crosslisted in another department?", "userDefined": false}], "count": 0, "isTemplate": false}, {"id": "8885157c-9943-4dea-bc79-67c8ef3454d6", "data": [{"text": "Is ", "userDefined": false}, {"meta": "@CLASS_NAME", "alias": "CLASS_NAME", "text": "introduction-to interactive entertainment", "userDefined": false}, {"text": " crosslisted in another department?", "userDefined": false}], "count": 0, "isTemplate": false}, {"id": "a745f960-4ea3-4a8b-b857-a0f28b03b28a", "data": [{"text": "Is ", "userDefined": false}, {"meta": "@CLASS_NAME", "alias": "CLASS_NAME", "text": "CSC 483", "userDefined": false}, {"text": " crosslisted in another department?", "userDefined": false}], "count": 0, "isTemplate": false}, {"id": "1a331334-8c51-4f09-b278-c49379800393", "data": [{"text": "Is ", "userDefined": false}, {"meta": "@CLASS_NAME", "alias": "CLASS_NAME", "text": "senior project i", "userDefined": false}, {"text": " crosslisted in another department?", "userDefined": false}], "count": 0, "isTemplate": false}, {"id": "780e1593-8625-496c-85f1-16f91d4fb2d5", "data": [{"text": "Is ", "userDefined": false}, {"meta": "@CLASS_NAME", "alias": "CLASS_NAME", "text": "fundamentals-of computer science", "userDefined": false}, {"text": " crosslisted in another department?", "userDefined": false}], "count": 0, "isTemplate": false}, {"id": "78aa7e7c-79aa-4305-aeca-aab4d4565a75", "data": [{"text": "Is ", "userDefined": false}, {"meta": "@CLASS_NAME", "alias": "CLASS_NAME", "text": "CSC 234", "userDefined": false}, {"text": " crosslisted in another department?", "userDefined": false}], "count": 0, "isTemplate": false}]