[{"count": 0, "data": [{"userDefined": false, "text": "Which courses include a lab section?"}], "isTemplate": false, "id": "158b0fd9-4df4-4487-a56b-755dfc4b7be4"}, {"count": 0, "data": [{"userDefined": false, "text": "Which classes have a lab section?"}], "isTemplate": false, "id": "44e6c196-5900-412d-bf43-f1c7b5bd62b6"}, {"count": 0, "data": [{"userDefined": false, "text": "Which classes also have a lab section?"}], "isTemplate": false, "id": "0131f5e4-8932-42d2-a0ac-7a29f2673279"}, {"count": 0, "data": [{"userDefined": false, "text": "Which classes have a lab section too?"}], "isTemplate": false, "id": "79b31679-d461-4ff6-b0b2-c57b962bedb4"}, {"count": 0, "data": [{"userDefined": false, "text": "Which classes include a lab section?"}], "isTemplate": false, "id": "c04dc52c-0b3b-43fc-adb9-79e6cedd053d"}]