[{"count": 0, "data": [{"userDefined": false, "text": "Which courses are seminars?"}], "isTemplate": false, "id": "f0f3180c-7c94-4c46-a38c-9b5c9e1ec1fa"}, {"count": 0, "data": [{"userDefined": false, "text": "What classes are considered to be seminars?"}], "isTemplate": false, "id": "31d204b0-ca36-4490-8903-e913f8259f8c"}, {"count": 0, "data": [{"userDefined": false, "text": "Which classes are taught as seminars?"}], "isTemplate": false, "id": "535893b1-21eb-4fee-97c7-d0ebd2c7574e"}, {"count": 0, "data": [{"userDefined": false, "text": "Which courses are taight like seminars?"}], "isTemplate": false, "id": "9af57ec7-8593-4992-a4b3-739c823d36b2"}, {"count": 0, "data": [{"userDefined": false, "text": "Which classes are seminars?"}], "isTemplate": false, "id": "fd282e99-b0cc-4365-be32-5fd7df92282e"}]