[{"id": "33928cf5-1965-4cc7-a065-4eb3cbc81199", "data": [{"text": "Which classes satisfy GE Area ", "userDefined": false}, {"meta": "@GE_AREA", "alias": "GE_AREA", "text": "A4", "userDefined": false}, {"text": "?", "userDefined": false}], "count": 0, "isTemplate": false}, {"id": "90f07968-cd36-4923-9b2a-5414c12faf1d", "data": [{"text": "Which classes satisfy GE Area ", "userDefined": false}, {"meta": "@GE_AREA", "alias": "GE_AREA", "text": "b4", "userDefined": false}, {"text": "?", "userDefined": false}], "count": 0, "isTemplate": false}, {"id": "a5a8a165-a13a-42f3-9a20-fa7330e2ebfd", "data": [{"text": "Which classes satisfy GE Area ", "userDefined": false}, {"meta": "@GE_AREA", "alias": "GE_AREA", "text": "c1", "userDefined": false}, {"text": "?", "userDefined": false}], "count": 0, "isTemplate": false}, {"id": "d6c4adb5-a7d0-4db8-bd5e-c11d92d3fdf9", "data": [{"text": "Which classes satisfy GE Area ", "userDefined": false}, {"meta": "@GE_AREA", "alias": "GE_AREA", "text": "b 7", "userDefined": false}, {"text": "?", "userDefined": false}], "count": 0, "isTemplate": false}, {"id": "14d1f841-bb3a-42f9-b1d4-1aef70a85ea7", "data": [{"text": "Which classes satisfy GE Area ", "userDefined": false}, {"meta": "@GE_AREA", "alias": "GE_AREA", "text": "B3", "userDefined": false}, {"text": "?", "userDefined": false}], "count": 0, "isTemplate": false}, {"id": "bceb25f1-be70-470d-8525-8e34fc6499a8", "data": [{"text": "Which classes satisfy GE Area ", "userDefined": false}, {"meta": "@GE_AREA", "alias": "GE_AREA", "text": "F", "userDefined": false}, {"text": "?", "userDefined": false}], "count": 0, "isTemplate": false}, {"id": "a858df95-48dd-413c-aa46-1f71631ee271", "data": [{"text": "Which classes satisfy GE Area ", "userDefined": false}, {"meta": "@GE_AREA", "alias": "GE_AREA", "text": "A2", "userDefined": false}, {"text": "?", "userDefined": false}], "count": 0, "isTemplate": false}, {"id": "bab4ddc7-82be-45aa-950c-69a793e79deb", "data": [{"text": "Which classes satisfy GE Area ", "userDefined": false}, {"meta": "@GE_AREA", "alias": "GE_AREA", "text": "A1", "userDefined": false}, {"text": "?", "userDefined": false}], "count": 0, "isTemplate": false}, {"id": "cb2250af-8575-48a1-b6aa-8a455ff59172", "data": [{"text": "Which classes satisfy GE Area ", "userDefined": false}, {"meta": "@GE_AREA", "alias": "GE_AREA", "text": "D1", "userDefined": false}, {"text": "?", "userDefined": false}], "count": 0, "isTemplate": false}, {"id": "648addd1-6c32-4250-96b0-53cc765bd13f", "data": [{"text": "Which classes satisfy GE Area ", "userDefined": false}, {"meta": "@GE_AREA", "alias": "GE_AREA", "text": "D2", "userDefined": false}, {"text": "?", "userDefined": false}], "count": 0, "isTemplate": false}, {"id": "fa810042-0d6a-4b71-8c57-699ee5966a8d", "data": [{"text": "Which courses satisfy GE Area ", "userDefined": false}, {"meta": "@GE_AREA", "alias": "GE_AREA", "text": "f", "userDefined": false}, {"text": "?", "userDefined": false}], "count": 0, "isTemplate": false}, {"id": "f590acb0-638c-4d34-a404-f1e38d9171e2", "data": [{"text": "Which courses satisfy GE Area ", "userDefined": false}, {"meta": "@GE_AREA", "alias": "GE_AREA", "text": "D4", "userDefined": false}, {"text": "?", "userDefined": false}], "count": 0, "isTemplate": false}, {"id": "6ce6eb04-f251-4c64-b85e-a60a65f9102b", "data": [{"text": "Which courses satisfy GE Area ", "userDefined": false}, {"meta": "@GE_AREA", "alias": "GE_AREA", "text": "a3", "userDefined": false}, {"text": "?", "userDefined": false}], "count": 0, "isTemplate": false}, {"id": "eb3891aa-081b-4470-939b-5499a45a0f27", "data": [{"text": "Which courses satisfy GE Area ", "userDefined": false}, {"meta": "@GE_AREA", "alias": "GE_AREA", "text": "c4", "userDefined": false}, {"text": "?", "userDefined": false}], "count": 0, "isTemplate": false}, {"id": "02a346e0-73e8-4401-a877-466e14e9800d", "data": [{"text": "Which courses satisfy GE Area ", "userDefined": false}, {"meta": "@GE_AREA", "alias": "GE_AREA", "text": "a4", "userDefined": false}, {"text": "?", "userDefined": false}], "count": 0, "isTemplate": false}, {"id": "a5bfa600-6950-4263-b381-82fa750a50c9", "data": [{"text": "Which courses satisfy GE Area ", "userDefined": false}, {"meta": "@GE_AREA", "alias": "GE_AREA", "text": "c1", "userDefined": false}, {"text": "?", "userDefined": false}], "count": 0, "isTemplate": false}, {"id": "008aca26-82f3-423a-9f3b-2440c19cf654", "data": [{"text": "Which courses satisfy GE Area ", "userDefined": false}, {"meta": "@GE_AREA", "alias": "GE_AREA", "text": "F", "userDefined": false}, {"text": "?", "userDefined": false}], "count": 0, "isTemplate": false}, {"id": "d31b8c28-d24a-4b47-8069-032c8a82046e", "data": [{"text": "Which courses satisfy GE Area ", "userDefined": false}, {"meta": "@GE_AREA", "alias": "GE_AREA", "text": "A1", "userDefined": false}, {"text": "?", "userDefined": false}], "count": 0, "isTemplate": false}, {"id": "0ef91eab-2d48-40d8-a8ba-a7f9c319005d", "data": [{"text": "Which courses satisfy GE Area ", "userDefined": false}, {"meta": "@GE_AREA", "alias": "GE_AREA", "text": "b 7", "userDefined": false}, {"text": "?", "userDefined": false}], "count": 0, "isTemplate": false}, {"id": "49ff91a2-31cb-4ccd-bf82-d51910deb063", "data": [{"text": "Which courses satisfy GE Area ", "userDefined": false}, {"meta": "@GE_AREA", "alias": "GE_AREA", "text": "D2", "userDefined": false}, {"text": "?", "userDefined": false}], "count": 0, "isTemplate": false}, {"id": "241fe8b1-cc11-44b7-827d-cb82638687fb", "data": [{"text": "Which classes can I satisfy my ", "userDefined": false}, {"meta": "@GE_AREA", "alias": "GE_AREA", "text": "d1", "userDefined": false}, {"text": " with?", "userDefined": false}], "count": 0, "isTemplate": false}, {"id": "d06ad24d-f5ef-4916-9397-df31921f15cd", "data": [{"text": "Which classes can I satisfy my ", "userDefined": false}, {"meta": "@GE_AREA", "alias": "GE_AREA", "text": "D1", "userDefined": false}, {"text": " with?", "userDefined": false}], "count": 0, "isTemplate": false}, {"id": "48b5a243-499c-4834-a7d4-e27e3c616332", "data": [{"text": "Which classes can I satisfy my ", "userDefined": false}, {"meta": "@GE_AREA", "alias": "GE_AREA", "text": "b3", "userDefined": false}, {"text": " with?", "userDefined": false}], "count": 0, "isTemplate": false}, {"id": "c13d99d1-c8f1-4077-bae9-a11005a8330f", "data": [{"text": "Which classes can I satisfy my ", "userDefined": false}, {"meta": "@GE_AREA", "alias": "GE_AREA", "text": "A4", "userDefined": false}, {"text": " with?", "userDefined": false}], "count": 0, "isTemplate": false}, {"id": "b7260626-f34f-4883-9a6f-659581cbe76b", "data": [{"text": "Which classes can I satisfy my ", "userDefined": false}, {"meta": "@GE_AREA", "alias": "GE_AREA", "text": "A3", "userDefined": false}, {"text": " with?", "userDefined": false}], "count": 0, "isTemplate": false}, {"id": "f3053eee-4454-465e-89e2-d29351a50426", "data": [{"text": "Which classes can I satisfy my ", "userDefined": false}, {"meta": "@GE_AREA", "alias": "GE_AREA", "text": "C2", "userDefined": false}, {"text": " with?", "userDefined": false}], "count": 0, "isTemplate": false}, {"id": "fc4b3eb4-4199-4336-9a4e-4f283368552e", "data": [{"text": "Which classes can I satisfy my ", "userDefined": false}, {"meta": "@GE_AREA", "alias": "GE_AREA", "text": "D1", "userDefined": false}, {"text": " with?", "userDefined": false}], "count": 0, "isTemplate": false}, {"id": "00e1d65c-550a-4c44-b10e-711237a67d67", "data": [{"text": "Which classes can I satisfy my ", "userDefined": false}, {"meta": "@GE_AREA", "alias": "GE_AREA", "text": "C4", "userDefined": false}, {"text": " with?", "userDefined": false}], "count": 0, "isTemplate": false}, {"id": "d2d9ff12-388e-4577-909e-40bb3b41d976", "data": [{"text": "Which classes can I satisfy my ", "userDefined": false}, {"meta": "@GE_AREA", "alias": "GE_AREA", "text": "a2", "userDefined": false}, {"text": " with?", "userDefined": false}], "count": 0, "isTemplate": false}, {"id": "71fb6c90-92c4-4bc5-9d91-6fa94e0e07bd", "data": [{"text": "Which classes can I satisfy my ", "userDefined": false}, {"meta": "@GE_AREA", "alias": "GE_AREA", "text": "c2", "userDefined": false}, {"text": " with?", "userDefined": false}], "count": 0, "isTemplate": false}, {"id": "0fb6138d-10f8-4f4b-851a-79077c556caa", "data": [{"text": "Which courses fulfill GE Area ", "userDefined": false}, {"meta": "@GE_AREA", "alias": "GE_AREA", "text": "B4", "userDefined": false}, {"text": "?", "userDefined": false}], "count": 0, "isTemplate": false}, {"id": "ef12809d-ad6c-4b6d-9bd8-477eacbd7816", "data": [{"text": "Which courses fulfill GE Area ", "userDefined": false}, {"meta": "@GE_AREA", "alias": "GE_AREA", "text": "C2", "userDefined": false}, {"text": "?", "userDefined": false}], "count": 0, "isTemplate": false}, {"id": "daeb804b-4e3e-4df8-a1a7-ca8b039855d3", "data": [{"text": "Which courses fulfill GE Area ", "userDefined": false}, {"meta": "@GE_AREA", "alias": "GE_AREA", "text": "B1", "userDefined": false}, {"text": "?", "userDefined": false}], "count": 0, "isTemplate": false}, {"id": "87b07091-e008-4bdf-b579-98716a3c92fc", "data": [{"text": "Which courses fulfill GE Area ", "userDefined": false}, {"meta": "@GE_AREA", "alias": "GE_AREA", "text": "d1", "userDefined": false}, {"text": "?", "userDefined": false}], "count": 0, "isTemplate": false}, {"id": "b934fe29-bc7f-468b-813b-091354e7de73", "data": [{"text": "Which courses fulfill GE Area ", "userDefined": false}, {"meta": "@GE_AREA", "alias": "GE_AREA", "text": "d1", "userDefined": false}, {"text": "?", "userDefined": false}], "count": 0, "isTemplate": false}, {"id": "6138aed2-8630-437e-ac5c-34b7c1503d60", "data": [{"text": "Which courses fulfill GE Area ", "userDefined": false}, {"meta": "@GE_AREA", "alias": "GE_AREA", "text": "d1", "userDefined": false}, {"text": "?", "userDefined": false}], "count": 0, "isTemplate": false}, {"id": "9227a244-1d69-46d5-9532-26f3bc85fade", "data": [{"text": "Which courses fulfill GE Area ", "userDefined": false}, {"meta": "@GE_AREA", "alias": "GE_AREA", "text": "C2", "userDefined": false}, {"text": "?", "userDefined": false}], "count": 0, "isTemplate": false}, {"id": "7895d6be-437c-4aec-bd9d-ec27299ab676", "data": [{"text": "Which courses fulfill GE Area ", "userDefined": false}, {"meta": "@GE_AREA", "alias": "GE_AREA", "text": "c2", "userDefined": false}, {"text": "?", "userDefined": false}], "count": 0, "isTemplate": false}, {"id": "5da765f0-2cdc-4004-80a5-b7e21f378315", "data": [{"text": "Which courses fulfill GE Area ", "userDefined": false}, {"meta": "@GE_AREA", "alias": "GE_AREA", "text": "B1", "userDefined": false}, {"text": "?", "userDefined": false}], "count": 0, "isTemplate": false}, {"id": "fb266e4c-2e79-4a0d-8ef4-792a82bb8502", "data": [{"text": "Which courses fulfill GE Area ", "userDefined": false}, {"meta": "@GE_AREA", "alias": "GE_AREA", "text": "a1", "userDefined": false}, {"text": "?", "userDefined": false}], "count": 0, "isTemplate": false}, {"id": "b7c13145-a8b6-4f5f-bc7e-262520130fe8", "data": [{"text": "Which classes can I fulfill my ", "userDefined": false}, {"meta": "@GE_AREA", "alias": "GE_AREA", "text": "B4", "userDefined": false}, {"text": " with?", "userDefined": false}], "count": 0, "isTemplate": false}, {"id": "60d76451-985c-4b82-9e52-ccae7772ab72", "data": [{"text": "Which classes can I fulfill my ", "userDefined": false}, {"meta": "@GE_AREA", "alias": "GE_AREA", "text": "C1", "userDefined": false}, {"text": " with?", "userDefined": false}], "count": 0, "isTemplate": false}, {"id": "ed728c84-8df9-43ac-8db7-8215fddeba7b", "data": [{"text": "Which classes can I fulfill my ", "userDefined": false}, {"meta": "@GE_AREA", "alias": "GE_AREA", "text": "c1", "userDefined": false}, {"text": " with?", "userDefined": false}], "count": 0, "isTemplate": false}, {"id": "52258ebe-69ae-4fb3-9a03-a0221f186896", "data": [{"text": "Which classes can I fulfill my ", "userDefined": false}, {"meta": "@GE_AREA", "alias": "GE_AREA", "text": "D2", "userDefined": false}, {"text": " with?", "userDefined": false}], "count": 0, "isTemplate": false}, {"id": "ca0f9ba2-6813-41e8-b9de-08dd11b3b271", "data": [{"text": "Which classes can I fulfill my ", "userDefined": false}, {"meta": "@GE_AREA", "alias": "GE_AREA", "text": "C3", "userDefined": false}, {"text": " with?", "userDefined": false}], "count": 0, "isTemplate": false}, {"id": "c7b0e074-0e09-4f47-9b76-7cf8db2bfb83", "data": [{"text": "Which classes can I fulfill my ", "userDefined": false}, {"meta": "@GE_AREA", "alias": "GE_AREA", "text": "A1", "userDefined": false}, {"text": " with?", "userDefined": false}], "count": 0, "isTemplate": false}, {"id": "8e6afe97-931a-4bff-b4e8-27cbae88e528", "data": [{"text": "Which classes can I fulfill my ", "userDefined": false}, {"meta": "@GE_AREA", "alias": "GE_AREA", "text": "d2", "userDefined": false}, {"text": " with?", "userDefined": false}], "count": 0, "isTemplate": false}, {"id": "e20bd1a6-d70d-49b2-8ff2-ca4473a2d394", "data": [{"text": "Which classes can I fulfill my ", "userDefined": false}, {"meta": "@GE_AREA", "alias": "GE_AREA", "text": "b 7", "userDefined": false}, {"text": " with?", "userDefined": false}], "count": 0, "isTemplate": false}, {"id": "37faad27-1829-48f1-b61f-c06804248b0a", "data": [{"text": "Which classes can I fulfill my ", "userDefined": false}, {"meta": "@GE_AREA", "alias": "GE_AREA", "text": "b 7", "userDefined": false}, {"text": " with?", "userDefined": false}], "count": 0, "isTemplate": false}, {"id": "e2d51ef7-4a12-466c-bfe4-a1d41e7bbc91", "data": [{"text": "Which classes can I fulfill my ", "userDefined": false}, {"meta": "@GE_AREA", "alias": "GE_AREA", "text": "d3", "userDefined": false}, {"text": " with?", "userDefined": false}], "count": 0, "isTemplate": false}, {"id": "4f81e797-71ce-4feb-9007-1ece42d3c005", "data": [{"text": "Which classes can I get credits for GE Area ", "userDefined": false}, {"meta": "@GE_AREA", "alias": "GE_AREA", "text": "B3", "userDefined": false}, {"text": " with?", "userDefined": false}], "count": 0, "isTemplate": false}, {"id": "75418d6d-290d-440f-b4cd-61e6639878ae", "data": [{"text": "Which classes can I get credits for GE Area ", "userDefined": false}, {"meta": "@GE_AREA", "alias": "GE_AREA", "text": "D2", "userDefined": false}, {"text": " with?", "userDefined": false}], "count": 0, "isTemplate": false}, {"id": "9de5ee18-6550-4631-8c87-40bf10e8837f", "data": [{"text": "Which classes can I get credits for GE Area ", "userDefined": false}, {"meta": "@GE_AREA", "alias": "GE_AREA", "text": "F", "userDefined": false}, {"text": " with?", "userDefined": false}], "count": 0, "isTemplate": false}, {"id": "2c057305-dde4-41bb-9e9e-b54243edacd3", "data": [{"text": "Which classes can I get credits for GE Area ", "userDefined": false}, {"meta": "@GE_AREA", "alias": "GE_AREA", "text": "C1", "userDefined": false}, {"text": " with?", "userDefined": false}], "count": 0, "isTemplate": false}, {"id": "5303df1e-c9dc-49ec-b72e-23f98573708a", "data": [{"text": "Which classes can I get credits for GE Area ", "userDefined": false}, {"meta": "@GE_AREA", "alias": "GE_AREA", "text": "A1", "userDefined": false}, {"text": " with?", "userDefined": false}], "count": 0, "isTemplate": false}, {"id": "67a468a1-573a-4b4c-951b-640451e751de", "data": [{"text": "Which classes can I get credits for GE Area ", "userDefined": false}, {"meta": "@GE_AREA", "alias": "GE_AREA", "text": "c2", "userDefined": false}, {"text": " with?", "userDefined": false}], "count": 0, "isTemplate": false}, {"id": "4200e752-6fe0-4130-9e73-d82362d8121f", "data": [{"text": "Which classes can I get credits for GE Area ", "userDefined": false}, {"meta": "@GE_AREA", "alias": "GE_AREA", "text": "F", "userDefined": false}, {"text": " with?", "userDefined": false}], "count": 0, "isTemplate": false}, {"id": "a8511b86-7805-414d-8fc0-ad6ec537faf6", "data": [{"text": "Which classes can I get credits for GE Area ", "userDefined": false}, {"meta": "@GE_AREA", "alias": "GE_AREA", "text": "B7", "userDefined": false}, {"text": " with?", "userDefined": false}], "count": 0, "isTemplate": false}, {"id": "662906fa-a3e2-4e76-8a67-dd27db49fffd", "data": [{"text": "Which classes can I get credits for GE Area ", "userDefined": false}, {"meta": "@GE_AREA", "alias": "GE_AREA", "text": "d1", "userDefined": false}, {"text": " with?", "userDefined": false}], "count": 0, "isTemplate": false}, {"id": "e8de065e-91ef-4c78-a3b2-e21cf24348f1", "data": [{"text": "Which classes can I get credits for GE Area ", "userDefined": false}, {"meta": "@GE_AREA", "alias": "GE_AREA", "text": "a2", "userDefined": false}, {"text": " with?", "userDefined": false}], "count": 0, "isTemplate": false}, {"id": "5f152c71-fdf0-4930-a503-63ab379e2ab5", "data": [{"text": "Which classes give me credits for ", "userDefined": false}, {"meta": "@GE_AREA", "alias": "GE_AREA", "text": "a4", "userDefined": false}, {"text": "?", "userDefined": false}], "count": 0, "isTemplate": false}, {"id": "b8880bf8-5220-405b-b9c4-5b8c02b3a23f", "data": [{"text": "Which classes give me credits for ", "userDefined": false}, {"meta": "@GE_AREA", "alias": "GE_AREA", "text": "D3", "userDefined": false}, {"text": "?", "userDefined": false}], "count": 0, "isTemplate": false}, {"id": "f13db7f4-7277-4930-aa53-716860d182de", "data": [{"text": "Which classes give me credits for ", "userDefined": false}, {"meta": "@GE_AREA", "alias": "GE_AREA", "text": "C3", "userDefined": false}, {"text": "?", "userDefined": false}], "count": 0, "isTemplate": false}, {"id": "37ee3ae7-0277-4251-ad00-5af50546c1dd", "data": [{"text": "Which classes give me credits for ", "userDefined": false}, {"meta": "@GE_AREA", "alias": "GE_AREA", "text": "D1", "userDefined": false}, {"text": "?", "userDefined": false}], "count": 0, "isTemplate": false}, {"id": "afbefc51-b54e-4422-9a69-ac19ece71045", "data": [{"text": "Which classes give me credits for ", "userDefined": false}, {"meta": "@GE_AREA", "alias": "GE_AREA", "text": "f", "userDefined": false}, {"text": "?", "userDefined": false}], "count": 0, "isTemplate": false}, {"id": "042b6276-da99-4a8f-ae9f-c21d2958c59d", "data": [{"text": "Which classes give me credits for ", "userDefined": false}, {"meta": "@GE_AREA", "alias": "GE_AREA", "text": "b3", "userDefined": false}, {"text": "?", "userDefined": false}], "count": 0, "isTemplate": false}, {"id": "f1c255eb-3723-4e62-ac1a-4165dfca5916", "data": [{"text": "Which classes give me credits for ", "userDefined": false}, {"meta": "@GE_AREA", "alias": "GE_AREA", "text": "A3", "userDefined": false}, {"text": "?", "userDefined": false}], "count": 0, "isTemplate": false}, {"id": "b83d9edd-f5df-4ed1-b13e-87579230b2c9", "data": [{"text": "Which classes give me credits for ", "userDefined": false}, {"meta": "@GE_AREA", "alias": "GE_AREA", "text": "c1", "userDefined": false}, {"text": "?", "userDefined": false}], "count": 0, "isTemplate": false}, {"id": "d78e852d-31a3-4b96-9e52-6836278064ca", "data": [{"text": "Which classes give me credits for ", "userDefined": false}, {"meta": "@GE_AREA", "alias": "GE_AREA", "text": "f", "userDefined": false}, {"text": "?", "userDefined": false}], "count": 0, "isTemplate": false}, {"id": "c0d439d9-927d-4095-9043-03b916b41c08", "data": [{"text": "Which classes give me credits for ", "userDefined": false}, {"meta": "@GE_AREA", "alias": "GE_AREA", "text": "d4", "userDefined": false}, {"text": "?", "userDefined": false}], "count": 0, "isTemplate": false}, {"id": "3ade1697-2586-4f0b-8105-50074e7106fd", "data": [{"text": "Which classes are possible to get credits for GE Area ", "userDefined": false}, {"meta": "@GE_AREA", "alias": "GE_AREA", "text": "C1", "userDefined": false}, {"text": "?", "userDefined": false}], "count": 0, "isTemplate": false}, {"id": "f3260d4d-aba3-4050-afd4-e631f674fe7c", "data": [{"text": "Which classes are possible to get credits for GE Area ", "userDefined": false}, {"meta": "@GE_AREA", "alias": "GE_AREA", "text": "f", "userDefined": false}, {"text": "?", "userDefined": false}], "count": 0, "isTemplate": false}, {"id": "10acdfc2-619f-497a-a4cf-c72a31567cdf", "data": [{"text": "Which classes are possible to get credits for GE Area ", "userDefined": false}, {"meta": "@GE_AREA", "alias": "GE_AREA", "text": "C4", "userDefined": false}, {"text": "?", "userDefined": false}], "count": 0, "isTemplate": false}, {"id": "fca6258b-5d43-464d-9d1f-1243393cec3d", "data": [{"text": "Which classes are possible to get credits for GE Area ", "userDefined": false}, {"meta": "@GE_AREA", "alias": "GE_AREA", "text": "A4", "userDefined": false}, {"text": "?", "userDefined": false}], "count": 0, "isTemplate": false}, {"id": "6e83317a-6460-4fd8-b937-19cf3c6d56e7", "data": [{"text": "Which classes are possible to get credits for GE Area ", "userDefined": false}, {"meta": "@GE_AREA", "alias": "GE_AREA", "text": "c2", "userDefined": false}, {"text": "?", "userDefined": false}], "count": 0, "isTemplate": false}, {"id": "08d51d4e-b9dc-4ee3-ae26-ec1be07ef8a3", "data": [{"text": "Which classes are possible to get credits for GE Area ", "userDefined": false}, {"meta": "@GE_AREA", "alias": "GE_AREA", "text": "b4", "userDefined": false}, {"text": "?", "userDefined": false}], "count": 0, "isTemplate": false}, {"id": "21e8c31d-d12e-4bc9-a980-d513acc16b29", "data": [{"text": "Which classes are possible to get credits for GE Area ", "userDefined": false}, {"meta": "@GE_AREA", "alias": "GE_AREA", "text": "d4", "userDefined": false}, {"text": "?", "userDefined": false}], "count": 0, "isTemplate": false}, {"id": "f9f7e5ce-e179-44dd-bca6-40c39c9aecce", "data": [{"text": "Which classes are possible to get credits for GE Area ", "userDefined": false}, {"meta": "@GE_AREA", "alias": "GE_AREA", "text": "f", "userDefined": false}, {"text": "?", "userDefined": false}], "count": 0, "isTemplate": false}, {"id": "b2109449-f602-42f8-8980-89a02c5630aa", "data": [{"text": "Which classes are possible to get credits for GE Area ", "userDefined": false}, {"meta": "@GE_AREA", "alias": "GE_AREA", "text": "A1", "userDefined": false}, {"text": "?", "userDefined": false}], "count": 0, "isTemplate": false}, {"id": "b74b9163-5ce6-480e-ac0d-bc6843c0726c", "data": [{"text": "Which classes are possible to get credits for GE Area ", "userDefined": false}, {"meta": "@GE_AREA", "alias": "GE_AREA", "text": "B4", "userDefined": false}, {"text": "?", "userDefined": false}], "count": 0, "isTemplate": false}, {"id": "c4de06cf-1a8a-41a8-b110-765a65cc1769", "data": [{"text": "Which classes fulfill GE Area ", "userDefined": false}, {"meta": "@GE_AREA", "alias": "GE_AREA", "text": "D2", "userDefined": false}, {"text": "?", "userDefined": false}], "count": 0, "isTemplate": false}, {"id": "9d835f87-de22-4223-b545-151cfa86d281", "data": [{"text": "Which classes fulfill GE Area ", "userDefined": false}, {"meta": "@GE_AREA", "alias": "GE_AREA", "text": "A2", "userDefined": false}, {"text": "?", "userDefined": false}], "count": 0, "isTemplate": false}, {"id": "58d536d3-de39-42c8-933e-b3a1a597672a", "data": [{"text": "Which classes fulfill GE Area ", "userDefined": false}, {"meta": "@GE_AREA", "alias": "GE_AREA", "text": "d1", "userDefined": false}, {"text": "?", "userDefined": false}], "count": 0, "isTemplate": false}, {"id": "f0f0741d-1270-4b70-a99f-d65b107e7858", "data": [{"text": "Which classes fulfill GE Area ", "userDefined": false}, {"meta": "@GE_AREA", "alias": "GE_AREA", "text": "D4", "userDefined": false}, {"text": "?", "userDefined": false}], "count": 0, "isTemplate": false}, {"id": "3e77508b-aa5a-42d6-807f-caf43b0d702a", "data": [{"text": "Which classes fulfill GE Area ", "userDefined": false}, {"meta": "@GE_AREA", "alias": "GE_AREA", "text": "D1", "userDefined": false}, {"text": "?", "userDefined": false}], "count": 0, "isTemplate": false}, {"id": "7a073dd9-ad3c-43bb-b111-06f22470da93", "data": [{"text": "Which classes fulfill GE Area ", "userDefined": false}, {"meta": "@GE_AREA", "alias": "GE_AREA", "text": "c1", "userDefined": false}, {"text": "?", "userDefined": false}], "count": 0, "isTemplate": false}, {"id": "1599e9b6-4691-4de0-9329-ac7cf4478abb", "data": [{"text": "Which classes fulfill GE Area ", "userDefined": false}, {"meta": "@GE_AREA", "alias": "GE_AREA", "text": "D4", "userDefined": false}, {"text": "?", "userDefined": false}], "count": 0, "isTemplate": false}, {"id": "f04cb06c-897d-409b-9240-1fea98bbd540", "data": [{"text": "Which classes fulfill GE Area ", "userDefined": false}, {"meta": "@GE_AREA", "alias": "GE_AREA", "text": "d4", "userDefined": false}, {"text": "?", "userDefined": false}], "count": 0, "isTemplate": false}, {"id": "acccbba3-7810-4fb4-b8d7-3e83506358ad", "data": [{"text": "Which classes fulfill GE Area ", "userDefined": false}, {"meta": "@GE_AREA", "alias": "GE_AREA", "text": "d4", "userDefined": false}, {"text": "?", "userDefined": false}], "count": 0, "isTemplate": false}, {"id": "524fd0e1-7c3d-42ef-9c51-881f35516f5d", "data": [{"text": "Which classes fulfill GE Area ", "userDefined": false}, {"meta": "@GE_AREA", "alias": "GE_AREA", "text": "b3", "userDefined": false}, {"text": "?", "userDefined": false}], "count": 0, "isTemplate": false}]