[{"count": 0, "data": [{"userDefined": false, "text": "Which courses include lecture only?"}], "isTemplate": false, "id": "bd2a41e8-760a-481f-b617-89f6d3e739f2"}, {"count": 0, "data": [{"userDefined": false, "text": "Which classes are considered lecture only?"}], "isTemplate": false, "id": "eee11d27-6ba3-4ba8-89ea-a7a0b73251b9"}, {"count": 0, "data": [{"userDefined": false, "text": "Which classes would be considered lecture only?"}], "isTemplate": false, "id": "d0a47b17-3c23-4bb5-a3c8-2407d48c9b2d"}, {"count": 0, "data": [{"userDefined": false, "text": "Which classes are taught only in lecture?"}], "isTemplate": false, "id": "dcaf449e-eda6-407f-9e1e-2ffb2df175cc"}, {"count": 0, "data": [{"userDefined": false, "text": "Which classes are taught by lecture only?"}], "isTemplate": false, "id": "89cb4b9d-72cb-42b8-a6dc-6021bcc12d25"}, {"count": 0, "data": [{"userDefined": false, "text": "Which classes include lecture only?"}], "isTemplate": false, "id": "868643ba-39d3-4a45-98e6-879bc77404c0"}]