[{"id": "0a7d7d7d-5b12-4301-bf82-d6236dc326be", "data": [{"text": "Which courses are ", "userDefined": false}, {"meta": "@sys.number", "alias": "number", "text": "three", "userDefined": false}, {"text": " units?", "userDefined": false}], "count": 0, "isTemplate": false}, {"id": "da611c83-b3c4-4675-b4b6-b0a408ca3980", "data": [{"text": "Which courses are ", "userDefined": false}, {"meta": "@sys.number", "alias": "number", "text": "two", "userDefined": false}, {"text": " units?", "userDefined": false}], "count": 0, "isTemplate": false}, {"id": "ad3f3b6f-f0dd-4b8c-8410-94d264b4aa58", "data": [{"text": "Which courses are ", "userDefined": false}, {"meta": "@sys.number", "alias": "number", "text": "4", "userDefined": false}, {"text": " units?", "userDefined": false}], "count": 0, "isTemplate": false}, {"id": "67cfd487-695a-4e1e-bea3-e4aad094204a", "data": [{"text": "Which courses are ", "userDefined": false}, {"meta": "@sys.number", "alias": "number", "text": "one", "userDefined": false}, {"text": " units?", "userDefined": false}], "count": 0, "isTemplate": false}, {"id": "e2ed6514-50cd-4f9a-b059-39ee14624fcb", "data": [{"text": "Which courses are ", "userDefined": false}, {"meta": "@sys.number", "alias": "number", "text": "3", "userDefined": false}, {"text": " units?", "userDefined": false}], "count": 0, "isTemplate": false}, {"id": "7815e98e-e941-4d64-b567-78090ba5a43e", "data": [{"text": "Which courses are ", "userDefined": false}, {"meta": "@sys.number", "alias": "number", "text": "two", "userDefined": false}, {"text": " units?", "userDefined": false}], "count": 0, "isTemplate": false}, {"id": "da42dc0b-43a1-47eb-a8df-912060e4fc24", "data": [{"text": "Which courses are ", "userDefined": false}, {"meta": "@sys.number", "alias": "number", "text": "one", "userDefined": false}, {"text": " units?", "userDefined": false}], "count": 0, "isTemplate": false}, {"id": "bfb89e18-6d86-442e-8401-99c29c10d078", "data": [{"text": "Which courses are ", "userDefined": false}, {"meta": "@sys.number", "alias": "number", "text": "three", "userDefined": false}, {"text": " units?", "userDefined": false}], "count": 0, "isTemplate": false}, {"id": "f93c45ae-8b3d-4360-aabf-4e8922b06508", "data": [{"text": "Which courses are ", "userDefined": false}, {"meta": "@sys.number", "alias": "number", "text": "1", "userDefined": false}, {"text": " units?", "userDefined": false}], "count": 0, "isTemplate": false}, {"id": "bb7bb504-2204-4461-b83f-8425804f103f", "data": [{"text": "Which courses are ", "userDefined": false}, {"meta": "@sys.number", "alias": "number", "text": "4", "userDefined": false}, {"text": " units?", "userDefined": false}], "count": 0, "isTemplate": false}, {"id": "7c2664f5-3f0e-45f8-bedf-203c470a6579", "data": [{"text": "Which classes count for ", "userDefined": false}, {"meta": "@sys.number", "alias": "number", "text": "two", "userDefined": false}, {"text": " units?", "userDefined": false}], "count": 0, "isTemplate": false}, {"id": "1d627522-9adc-4398-b530-6c0580a00b62", "data": [{"text": "Which classes count for ", "userDefined": false}, {"meta": "@sys.number", "alias": "number", "text": "three", "userDefined": false}, {"text": " units?", "userDefined": false}], "count": 0, "isTemplate": false}, {"id": "3d044aa9-f0d0-4419-8135-0cb97f4a11f1", "data": [{"text": "Which classes count for ", "userDefined": false}, {"meta": "@sys.number", "alias": "number", "text": "two", "userDefined": false}, {"text": " units?", "userDefined": false}], "count": 0, "isTemplate": false}, {"id": "9b3b87b4-6ff7-4e94-b1ae-7bd78d50781a", "data": [{"text": "Which classes count for ", "userDefined": false}, {"meta": "@sys.number", "alias": "number", "text": "three", "userDefined": false}, {"text": " units?", "userDefined": false}], "count": 0, "isTemplate": false}, {"id": "3175999c-3a57-4b4a-85a0-8ec79970dbab", "data": [{"text": "Which classes count for ", "userDefined": false}, {"meta": "@sys.number", "alias": "number", "text": "four", "userDefined": false}, {"text": " units?", "userDefined": false}], "count": 0, "isTemplate": false}, {"id": "ffc6b79b-3c82-42d1-a03f-1b16e4110052", "data": [{"text": "Which classes count for ", "userDefined": false}, {"meta": "@sys.number", "alias": "number", "text": "one", "userDefined": false}, {"text": " units?", "userDefined": false}], "count": 0, "isTemplate": false}, {"id": "54962bc4-5271-4d71-ad7c-3047dafbbe86", "data": [{"text": "Which classes count for ", "userDefined": false}, {"meta": "@sys.number", "alias": "number", "text": "one", "userDefined": false}, {"text": " units?", "userDefined": false}], "count": 0, "isTemplate": false}, {"id": "aa0a793a-b7db-4ec7-8d3f-5bf4a6dedb49", "data": [{"text": "Which classes count for ", "userDefined": false}, {"meta": "@sys.number", "alias": "number", "text": "3", "userDefined": false}, {"text": " units?", "userDefined": false}], "count": 0, "isTemplate": false}, {"id": "476d3588-4108-41cc-afff-5cbdd86294cb", "data": [{"text": "Which classes count for ", "userDefined": false}, {"meta": "@sys.number", "alias": "number", "text": "two", "userDefined": false}, {"text": " units?", "userDefined": false}], "count": 0, "isTemplate": false}, {"id": "b11ce3b6-a974-4ce8-af3c-9a0e57d0350b", "data": [{"text": "Which classes count for ", "userDefined": false}, {"meta": "@sys.number", "alias": "number", "text": "4", "userDefined": false}, {"text": " units?", "userDefined": false}], "count": 0, "isTemplate": false}, {"id": "2bc61e76-abe8-4983-979f-44925d9ed171", "data": [{"text": "Which classes are worth ", "userDefined": false}, {"meta": "@sys.number", "alias": "number", "text": "one", "userDefined": false}, {"text": " units?", "userDefined": false}], "count": 0, "isTemplate": false}, {"id": "47847082-47ae-411c-8854-70fd9e37237f", "data": [{"text": "Which classes are worth ", "userDefined": false}, {"meta": "@sys.number", "alias": "number", "text": "4", "userDefined": false}, {"text": " units?", "userDefined": false}], "count": 0, "isTemplate": false}, {"id": "30344cfd-b830-4d22-803c-564c1c228d0d", "data": [{"text": "Which classes are worth ", "userDefined": false}, {"meta": "@sys.number", "alias": "number", "text": "four", "userDefined": false}, {"text": " units?", "userDefined": false}], "count": 0, "isTemplate": false}, {"id": "df6e6701-fcb6-40ab-9d11-25b100299730", "data": [{"text": "Which classes are worth ", "userDefined": false}, {"meta": "@sys.number", "alias": "number", "text": "1", "userDefined": false}, {"text": " units?", "userDefined": false}], "count": 0, "isTemplate": false}, {"id": "d0c64bda-4a73-459d-a9ec-c3a5fea9ed07", "data": [{"text": "Which classes are worth ", "userDefined": false}, {"meta": "@sys.number", "alias": "number", "text": "1", "userDefined": false}, {"text": " units?", "userDefined": false}], "count": 0, "isTemplate": false}, {"id": "f7f58945-9bf8-4ffa-a80c-f6378cd72393", "data": [{"text": "Which classes are worth ", "userDefined": false}, {"meta": "@sys.number", "alias": "number", "text": "3", "userDefined": false}, {"text": " units?", "userDefined": false}], "count": 0, "isTemplate": false}, {"id": "cf268f7e-dfb1-440e-b13c-e332d9e78ce6", "data": [{"text": "Which classes are worth ", "userDefined": false}, {"meta": "@sys.number", "alias": "number", "text": "three", "userDefined": false}, {"text": " units?", "userDefined": false}], "count": 0, "isTemplate": false}, {"id": "a6814745-45dd-4bf1-82f2-3d17995797bf", "data": [{"text": "Which classes are worth ", "userDefined": false}, {"meta": "@sys.number", "alias": "number", "text": "1", "userDefined": false}, {"text": " units?", "userDefined": false}], "count": 0, "isTemplate": false}, {"id": "42081b39-d40e-4810-b78f-d28d526867eb", "data": [{"text": "Which classes are worth ", "userDefined": false}, {"meta": "@sys.number", "alias": "number", "text": "1", "userDefined": false}, {"text": " units?", "userDefined": false}], "count": 0, "isTemplate": false}, {"id": "3ae725b6-ad5f-44ce-8b99-f85998fafdc5", "data": [{"text": "Which classes are worth ", "userDefined": false}, {"meta": "@sys.number", "alias": "number", "text": "3", "userDefined": false}, {"text": " units?", "userDefined": false}], "count": 0, "isTemplate": false}, {"id": "ae3049e5-65e9-433f-8bd0-4c2f8ecfd8ff", "data": [{"text": "What are all ", "userDefined": false}, {"meta": "@sys.number", "alias": "number", "text": "2", "userDefined": false}, {"text": " unit classes?", "userDefined": false}], "count": 0, "isTemplate": false}, {"id": "2f21ae0d-ff19-4b53-a3b3-62d9e3d1eef2", "data": [{"text": "What are all ", "userDefined": false}, {"meta": "@sys.number", "alias": "number", "text": "2", "userDefined": false}, {"text": " unit classes?", "userDefined": false}], "count": 0, "isTemplate": false}, {"id": "714769c4-685f-40ed-8ae5-100c45cee035", "data": [{"text": "What are all ", "userDefined": false}, {"meta": "@sys.number", "alias": "number", "text": "4", "userDefined": false}, {"text": " unit classes?", "userDefined": false}], "count": 0, "isTemplate": false}, {"id": "223468a6-9e4b-4aa3-ab45-030d902f370b", "data": [{"text": "What are all ", "userDefined": false}, {"meta": "@sys.number", "alias": "number", "text": "4", "userDefined": false}, {"text": " unit classes?", "userDefined": false}], "count": 0, "isTemplate": false}, {"id": "b1c459d9-30c5-45bd-8287-9467368f42d2", "data": [{"text": "What are all ", "userDefined": false}, {"meta": "@sys.number", "alias": "number", "text": "four", "userDefined": false}, {"text": " unit classes?", "userDefined": false}], "count": 0, "isTemplate": false}, {"id": "2328eb97-1f3e-479f-94a8-2211b96e42fc", "data": [{"text": "What are all ", "userDefined": false}, {"meta": "@sys.number", "alias": "number", "text": "two", "userDefined": false}, {"text": " unit classes?", "userDefined": false}], "count": 0, "isTemplate": false}, {"id": "53fc627a-42b8-43bf-a2ce-c0b3b0abb94e", "data": [{"text": "What are all ", "userDefined": false}, {"meta": "@sys.number", "alias": "number", "text": "4", "userDefined": false}, {"text": " unit classes?", "userDefined": false}], "count": 0, "isTemplate": false}, {"id": "974833bf-50ab-4d92-b8ee-1a26f8b217cc", "data": [{"text": "What are all ", "userDefined": false}, {"meta": "@sys.number", "alias": "number", "text": "1", "userDefined": false}, {"text": " unit classes?", "userDefined": false}], "count": 0, "isTemplate": false}, {"id": "c55c5d7a-05e5-4f78-bd52-b2bcd65d8b2f", "data": [{"text": "What are all ", "userDefined": false}, {"meta": "@sys.number", "alias": "number", "text": "four", "userDefined": false}, {"text": " unit classes?", "userDefined": false}], "count": 0, "isTemplate": false}, {"id": "10731eca-6fec-4498-81e4-4999240abd6f", "data": [{"text": "What are all ", "userDefined": false}, {"meta": "@sys.number", "alias": "number", "text": "four", "userDefined": false}, {"text": " unit classes?", "userDefined": false}], "count": 0, "isTemplate": false}, {"id": "06706441-d4ab-44b9-8660-f49cfd0f1bee", "data": [{"text": "Which classes are ", "userDefined": false}, {"meta": "@sys.number", "alias": "number", "text": "1", "userDefined": false}, {"text": " units?", "userDefined": false}], "count": 0, "isTemplate": false}, {"id": "5666ce3e-9ef1-4961-8ba9-8554bc5f9564", "data": [{"text": "Which classes are ", "userDefined": false}, {"meta": "@sys.number", "alias": "number", "text": "three", "userDefined": false}, {"text": " units?", "userDefined": false}], "count": 0, "isTemplate": false}, {"id": "4bbc35b6-4c40-4d3c-8c0a-22f6239f37d8", "data": [{"text": "Which classes are ", "userDefined": false}, {"meta": "@sys.number", "alias": "number", "text": "4", "userDefined": false}, {"text": " units?", "userDefined": false}], "count": 0, "isTemplate": false}, {"id": "d57614cd-d7fa-40a2-afa4-3ef98bc8dc0f", "data": [{"text": "Which classes are ", "userDefined": false}, {"meta": "@sys.number", "alias": "number", "text": "1", "userDefined": false}, {"text": " units?", "userDefined": false}], "count": 0, "isTemplate": false}, {"id": "6aacfbc4-9f79-4e25-bd3e-d9870101507a", "data": [{"text": "Which classes are ", "userDefined": false}, {"meta": "@sys.number", "alias": "number", "text": "1", "userDefined": false}, {"text": " units?", "userDefined": false}], "count": 0, "isTemplate": false}, {"id": "1d22f55c-ff59-4007-83da-0e20b183600a", "data": [{"text": "Which classes are ", "userDefined": false}, {"meta": "@sys.number", "alias": "number", "text": "three", "userDefined": false}, {"text": " units?", "userDefined": false}], "count": 0, "isTemplate": false}, {"id": "1308648a-3b15-43ca-bb04-de3838f7414e", "data": [{"text": "Which classes are ", "userDefined": false}, {"meta": "@sys.number", "alias": "number", "text": "2", "userDefined": false}, {"text": " units?", "userDefined": false}], "count": 0, "isTemplate": false}, {"id": "32f70140-bd75-45cd-b611-910a7dce425f", "data": [{"text": "Which classes are ", "userDefined": false}, {"meta": "@sys.number", "alias": "number", "text": "one", "userDefined": false}, {"text": " units?", "userDefined": false}], "count": 0, "isTemplate": false}, {"id": "1d53e383-e132-49f3-9a07-bb71989aac91", "data": [{"text": "Which classes are ", "userDefined": false}, {"meta": "@sys.number", "alias": "number", "text": "three", "userDefined": false}, {"text": " units?", "userDefined": false}], "count": 0, "isTemplate": false}, {"id": "d25609ad-9470-4890-b8ec-83cc65e62f9f", "data": [{"text": "Which classes are ", "userDefined": false}, {"meta": "@sys.number", "alias": "number", "text": "one", "userDefined": false}, {"text": " units?", "userDefined": false}], "count": 0, "isTemplate": false}]