[{"count": 0, "data": [{"userDefined": false, "text": "What courses should I take with "}, {"userDefined": false, "meta": "@CLASS_NAME", "alias": "CLASS_NAME", "text": "thesis seminar"}, {"userDefined": false, "text": "?"}], "isTemplate": false, "id": "13604af1-f93f-4bbf-8292-4a1c68c47d5b"}, {"count": 0, "data": [{"userDefined": false, "text": "What are good classes that I should take with "}, {"userDefined": false, "meta": "@CLASS_NAME", "alias": "CLASS_NAME", "text": "CSC 400"}, {"userDefined": false, "text": "?"}], "isTemplate": false, "id": "9755abe8-d222-4fd8-91da-d488cef1b15f"}, {"count": 0, "data": [{"userDefined": false, "text": "What classes would people recommend taking "}, {"userDefined": false, "meta": "@CLASS_NAME", "alias": "CLASS_NAME", "text": "game design"}, {"userDefined": false, "text": " with?"}], "isTemplate": false, "id": "32c050aa-e37a-422d-ac38-4efad4b43e2d"}, {"count": 0, "data": [{"userDefined": false, "text": "Which classes would students recommend taking "}, {"userDefined": false, "meta": "@CLASS_NAME", "alias": "CLASS_NAME", "text": "accelerated introduction-to computer science"}, {"userDefined": false, "text": " alongside?"}], "isTemplate": false, "id": "6b0710c5-651f-4669-a891-bf7b8cbbcb7b"}, {"count": 0, "data": [{"userDefined": false, "text": "Which courses would be good for me to take with "}, {"userDefined": false, "meta": "@CLASS_NAME", "alias": "CLASS_NAME", "text": "CSC 430"}, {"userDefined": false, "text": "?"}], "isTemplate": false, "id": "caf5ac34-802a-47d7-8912-77c19bb87295"}, {"count": 0, "data": [{"userDefined": false, "text": "What classes should I take with "}, {"userDefined": false, "meta": "@CLASS_NAME", "alias": "CLASS_NAME", "text": "CSC 572"}, {"userDefined": false, "text": "?"}], "isTemplate": false, "id": "fa703c0c-95b7-4188-bb24-910388c35557"}]