[{"count": 0, "data": [{"userDefined": false, "text": "What course should I take after "}, {"userDefined": false, "meta": "@CLASS_NAME", "alias": "CLASS_NAME", "text": "software construction"}, {"userDefined": false, "text": "?"}], "isTemplate": false, "id": "52bc53b8-38e0-446b-98fb-756235bf92fa"}, {"count": 0, "data": [{"userDefined": false, "text": "What classes build off "}, {"userDefined": false, "meta": "@CLASS_NAME", "alias": "CLASS_NAME", "text": "CSC 402"}, {"userDefined": false, "text": "?"}], "isTemplate": false, "id": "dea0dfd7-7c68-4d1f-945c-232e15e2b963"}, {"count": 0, "data": [{"userDefined": false, "text": "Which course should I take following "}, {"userDefined": false, "meta": "@CLASS_NAME", "alias": "CLASS_NAME", "text": "introduction-to computer graphics"}, {"userDefined": false, "text": "?"}], "isTemplate": false, "id": "4d000d3b-8138-4fdb-90fc-b6b4daf6422a"}, {"count": 0, "data": [{"userDefined": false, "text": "What class do students typically take after "}, {"userDefined": false, "meta": "@CLASS_NAME", "alias": "CLASS_NAME", "text": "senior project ii"}, {"userDefined": false, "text": "?"}], "isTemplate": false, "id": "86737ae3-5cd4-47eb-ba5e-a0adf96148d8"}, {"count": 0, "data": [{"userDefined": false, "text": "After "}, {"userDefined": false, "meta": "@CLASS_NAME", "alias": "CLASS_NAME", "text": "CSC 498"}, {"userDefined": false, "text": ", what course should I take?"}], "isTemplate": false, "id": "ab41446d-4b4b-4db9-9f03-68128e748229"}, {"count": 0, "data": [{"userDefined": false, "text": "What class should I take next after "}, {"userDefined": false, "meta": "@CLASS_NAME", "alias": "CLASS_NAME", "text": "CSC 476"}, {"userDefined": false, "text": "?"}], "isTemplate": false, "id": "ad2a98b1-3b67-4f9a-a375-883b222be767"}, {"count": 0, "data": [{"userDefined": false, "text": "What class should I take after "}, {"userDefined": false, "meta": "@CLASS_NAME", "alias": "CLASS_NAME", "text": "programming-for engineering students"}, {"userDefined": false, "text": "?"}], "isTemplate": false, "id": "9545d798-5819-4384-a161-4344efbf513f"}]