[{"count": 0, "data": [{"userDefined": false, "text": "Can I fulfill my "}, {"userDefined": false, "meta": "@GE_AREA", "alias": "GE_AREA", "text": "a1"}, {"userDefined": false, "text": " with "}, {"userDefined": false, "meta": "@CLASS_NAME", "alias": "CLASS_NAME", "text": "CSC 422"}, {"userDefined": false, "text": "?"}], "isTemplate": false, "id": "1c174b12-11f7-4435-baf3-16b0d7e1941f"}, {"count": 0, "data": [{"userDefined": false, "text": "Can I get credits for GE Area "}, {"userDefined": false, "meta": "@GE_AREA", "alias": "GE_AREA", "text": "D3"}, {"userDefined": false, "text": " with "}, {"userDefined": false, "meta": "@CLASS_NAME", "alias": "CLASS_NAME", "text": "CSC 422"}, {"userDefined": false, "text": "?"}], "isTemplate": false, "id": "cda4559d-8b3f-47e7-bc0c-fe26e3cc2015"}, {"count": 0, "data": [{"userDefined": false, "text": "Can I get credits for "}, {"userDefined": false, "meta": "@GE_AREA", "alias": "GE_AREA", "text": "c3"}, {"userDefined": false, "text": " with "}, {"userDefined": false, "meta": "@CLASS_NAME", "alias": "CLASS_NAME", "text": "CSC 400"}, {"userDefined": false, "text": "?"}], "isTemplate": false, "id": "2daa2abf-6868-4b4f-9673-daac10e3a55a"}, {"count": 0, "data": [{"userDefined": false, "text": "Is it possible to get credits for GE Area "}, {"userDefined": false, "meta": "@GE_AREA", "alias": "GE_AREA", "text": "b1"}, {"userDefined": false, "text": " with "}, {"userDefined": false, "meta": "@CLASS_NAME", "alias": "CLASS_NAME", "text": "network-and web security"}, {"userDefined": false, "text": "?"}], "isTemplate": false, "id": "1469c629-8e44-4080-b53a-ea9bb6857611"}, {"count": 0, "data": [{"userDefined": false, "text": "Does "}, {"userDefined": false, "meta": "@CLASS_NAME", "alias": "CLASS_NAME", "text": "user-centered interface design-and development"}, {"userDefined": false, "text": " fulfill GE Area "}, {"userDefined": false, "meta": "@GE_AREA", "alias": "GE_AREA", "text": "d3"}, {"userDefined": false, "text": "?"}], "isTemplate": false, "id": "627380d2-dd4e-445c-afdc-3de328bfbf9e"}]