[{"count": 0, "data": [{"userDefined": false, "text": "Do I need at least a C- or better in "}, {"userDefined": false, "meta": "@CLASS_NAME", "alias": "CLASS_NAME", "text": "fundamentals-of computer science i supplemental instruction"}, {"userDefined": false, "text": " to take "}, {"userDefined": false, "meta": "@CLASS_NAME", "alias": "CLASS_NAME", "text": "advanced rendering techniques"}, {"userDefined": false, "text": "?"}], "isTemplate": false, "id": "0a10af54-2348-4ef9-9057-6456d9119f2b"}, {"count": 0, "data": [{"userDefined": false, "text": "Do I need at least a C or better in "}, {"userDefined": false, "meta": "@CLASS_NAME", "alias": "CLASS_NAME", "text": "CSC 453"}, {"userDefined": false, "text": " for "}, {"userDefined": false, "meta": "@CLASS_NAME", "alias": "CLASS_NAME", "text": "cooperative education experience"}, {"userDefined": false, "text": "?"}], "isTemplate": false, "id": "dcf1b4f9-e029-472f-a846-b69e6d4581e5"}, {"count": 0, "data": [{"userDefined": false, "text": "Is a C- needed in "}, {"userDefined": false, "meta": "@CLASS_NAME", "alias": "CLASS_NAME", "text": "current topics-in human-computer interaction"}, {"userDefined": false, "text": " to take "}, {"userDefined": false, "meta": "@CLASS_NAME", "alias": "CLASS_NAME", "text": "CSC 480"}, {"userDefined": false, "text": "?"}], "isTemplate": false, "id": "c5b45155-415c-4616-b7ce-1ca219209488"}, {"count": 0, "data": [{"userDefined": false, "text": "Is a C needed in "}, {"userDefined": false, "meta": "@CLASS_NAME", "alias": "CLASS_NAME", "text": "selected advanced laboratory"}, {"userDefined": false, "text": " to take "}, {"userDefined": false, "meta": "@CLASS_NAME", "alias": "CLASS_NAME", "text": "CSC 429"}, {"userDefined": false, "text": "?"}], "isTemplate": false, "id": "5f83d9ca-040d-4ed1-9edf-a18c458bd881"}, {"count": 0, "data": [{"userDefined": false, "text": "Does "}, {"userDefined": false, "meta": "@CLASS_NAME", "alias": "CLASS_NAME", "text": "introduction-to database systems"}, {"userDefined": false, "text": " require a C- or better in "}, {"userDefined": false, "meta": "@CLASS_NAME", "alias": "CLASS_NAME", "text": "software engineering i"}, {"userDefined": false, "text": "?"}], "isTemplate": false, "id": "b64d1ff8-b389-412a-990a-77e2a85d8fee"}]