[{"count": 0, "data": [{"userDefined": false, "text": "Which courses have more than "}, {"userDefined": false, "meta": "@sys.number", "alias": "number", "text": "two"}, {"userDefined": false, "text": " prerequisites?"}], "isTemplate": false, "id": "4bd3f221-42ef-4c5b-a0cc-86f7bdab12db"}, {"count": 0, "data": [{"userDefined": false, "text": "Which classes have more than "}, {"userDefined": false, "meta": "@sys.number", "alias": "number", "text": "four"}, {"userDefined": false, "text": " prereqs?"}], "isTemplate": false, "id": "07e9591d-1c8c-42f9-8780-19271ea4c4cd"}, {"count": 0, "data": [{"userDefined": false, "text": "What classes have more than "}, {"userDefined": false, "meta": "@sys.number", "alias": "number", "text": "one"}, {"userDefined": false, "text": " prerequisites?"}], "isTemplate": false, "id": "a458ad21-779a-4fc2-bba6-d1b90f36b98e"}, {"count": 0, "data": [{"userDefined": false, "text": "Which classes have greater than "}, {"userDefined": false, "meta": "@sys.number", "alias": "number", "text": "1"}, {"userDefined": false, "text": " prerequisites?"}], "isTemplate": false, "id": "927348d7-30bf-4570-b5c7-92780ab302af"}, {"count": 0, "data": [{"userDefined": false, "text": "Which classes have more than "}, {"userDefined": false, "meta": "@sys.number", "alias": "number", "text": "four"}, {"userDefined": false, "text": " prerequisites?"}], "isTemplate": false, "id": "3b4efd33-258b-4326-a455-ebcc0515ff53"}]