[{"count": 0, "data": [{"userDefined": false, "text": "Can I find "}, {"userDefined": false, "meta": "@CLASS_NAME", "alias": "CLASS_NAME", "text": "CSC 321"}, {"userDefined": false, "text": " listed in another department?"}], "isTemplate": false, "id": "a5e70448-3fe9-4809-9045-bc714fc8e521"}, {"count": 0, "data": [{"userDefined": false, "text": "Is there another department listing of "}, {"userDefined": false, "meta": "@CLASS_NAME", "alias": "CLASS_NAME", "text": "senior project ii"}, {"userDefined": false, "text": "?"}], "isTemplate": false, "id": "a5f3cd56-4776-4227-b19a-611e8a895dc7"}, {"count": 0, "data": [{"userDefined": false, "text": "Is "}, {"userDefined": false, "meta": "@CLASS_NAME", "alias": "CLASS_NAME", "text": "computer networks: research topics"}, {"userDefined": false, "text": " crosslisted somewhere else?"}], "isTemplate": false, "id": "d61be42c-f66e-485c-a08a-a5386604b00b"}, {"count": 0, "data": [{"userDefined": false, "text": "Is "}, {"userDefined": false, "meta": "@CLASS_NAME", "alias": "CLASS_NAME", "text": "human-computer interaction theory-and design"}, {"userDefined": false, "text": " crosslisted in some other department?"}], "isTemplate": false, "id": "8dc7e4c2-48a0-4a05-84d6-1241101c7d59"}, {"count": 0, "data": [{"userDefined": false, "text": "Is "}, {"userDefined": false, "meta": "@CLASS_NAME", "alias": "CLASS_NAME", "text": "teaching computing"}, {"userDefined": false, "text": " crosslisted in another department?"}], "isTemplate": false, "id": "20b2c665-779f-49a3-ac2b-a0244ec65767"}]