[{"count": 0, "data": [{"userDefined": false, "text": "Can "}, {"userDefined": false, "meta": "@CLASS_NAME", "alias": "CLASS_NAME", "text": "CSC 369"}, {"userDefined": false, "text": " only be taken as credit or no credit?"}], "isTemplate": false, "id": "d3add610-22b9-4b20-b52a-a497789ea395"}, {"count": 0, "data": [{"userDefined": false, "text": "Can you only take "}, {"userDefined": false, "meta": "@CLASS_NAME", "alias": "CLASS_NAME", "text": "CSC 348"}, {"userDefined": false, "text": " as credit or no credit?"}], "isTemplate": false, "id": "e72ad521-3d28-4c73-840b-4f1f7fb3f814"}, {"count": 0, "data": [{"userDefined": false, "text": "Is "}, {"userDefined": false, "meta": "@CLASS_NAME", "alias": "CLASS_NAME", "text": "computer security"}, {"userDefined": false, "text": " credit or no credit only?"}], "isTemplate": false, "id": "5531aeb2-7f3b-439a-8f52-c121704b281b"}, {"count": 0, "data": [{"userDefined": false, "text": "Is "}, {"userDefined": false, "meta": "@CLASS_NAME", "alias": "CLASS_NAME", "text": "CSC 406"}, {"userDefined": false, "text": " credit or no credit grading only?"}], "isTemplate": false, "id": "a7e28e57-2455-4014-bb40-d64f0d0257fd"}, {"count": 0, "data": [{"userDefined": false, "text": "Is "}, {"userDefined": false, "meta": "@CLASS_NAME", "alias": "CLASS_NAME", "text": "data structures"}, {"userDefined": false, "text": " credit/no credit grading only?"}], "isTemplate": false, "id": "9012f384-2ac4-44e9-a0b7-954fe87b1f40"}]