[{"count": 0, "data": [{"userDefined": false, "text": "Which courses require "}, {"userDefined": false, "meta": "@CLASS_QUALIFICATION", "alias": "CLASS_QUALIFICATION", "text": "senior"}, {"userDefined": false, "text": " standing?"}], "isTemplate": false, "id": "687cc613-fb2a-442b-a71a-dba8d6a542db"}, {"count": 0, "data": [{"userDefined": false, "text": "Which classes require me to be a "}, {"userDefined": false, "meta": "@CLASS_QUALIFICATION", "alias": "CLASS_QUALIFICATION", "text": "freshman"}, {"userDefined": false, "text": "?"}], "isTemplate": false, "id": "9c626838-6e11-4f6a-a8ef-60e4da8416eb"}, {"count": 0, "data": [{"userDefined": false, "text": "Which courses do I need to be a "}, {"userDefined": false, "meta": "@CLASS_QUALIFICATION", "alias": "CLASS_QUALIFICATION", "text": "freshman"}, {"userDefined": false, "text": " to take?"}], "isTemplate": false, "id": "82ac47a9-2fe3-4bbb-919a-dcd9de7fe812"}, {"count": 0, "data": [{"userDefined": false, "text": "Which classes need "}, {"userDefined": false, "meta": "@CLASS_QUALIFICATION", "alias": "CLASS_QUALIFICATION", "text": "sophomore"}, {"userDefined": false, "text": " standing?"}], "isTemplate": false, "id": "381d6783-ce11-483f-8935-7c4d146d318c"}, {"count": 0, "data": [{"userDefined": false, "text": "Which classes need "}, {"userDefined": false, "meta": "@CLASS_QUALIFICATION", "alias": "CLASS_QUALIFICATION", "text": "sophomore"}, {"userDefined": false, "text": " in order to take them?"}], "isTemplate": false, "id": "df94e909-977b-43c5-949d-81b34cead2b3"}, {"count": 0, "data": [{"userDefined": false, "text": "Which classes require "}, {"userDefined": false, "meta": "@CLASS_QUALIFICATION", "alias": "CLASS_QUALIFICATION", "text": "freshman"}, {"userDefined": false, "text": " standing?"}], "isTemplate": false, "id": "3f08d277-f32f-48e7-a3a9-966d0d72ef77"}]