[{"count": 0, "data": [{"userDefined": false, "text": "Which courses do not require "}, {"userDefined": false, "meta": "@CLASS_QUALIFICATION", "alias": "CLASS_QUALIFICATION", "text": "junior"}, {"userDefined": false, "text": " standing?"}], "isTemplate": false, "id": "5889b116-4891-4f55-8f14-21cea42a86b1"}, {"count": 0, "data": [{"userDefined": false, "text": "Which courses do not require me to be a "}, {"userDefined": false, "meta": "@CLASS_QUALIFICATION", "alias": "CLASS_QUALIFICATION", "text": "senior"}, {"userDefined": false, "text": "?"}], "isTemplate": false, "id": "9090dcde-fbab-44b9-acad-593dd0cc5f22"}, {"count": 0, "data": [{"userDefined": false, "text": "Which classes is "}, {"userDefined": false, "meta": "@CLASS_QUALIFICATION", "alias": "CLASS_QUALIFICATION", "text": "junior"}, {"userDefined": false, "text": " standing not required?"}], "isTemplate": false, "id": "ff5618c8-d496-494f-a637-cbd5ecd8f838"}, {"count": 0, "data": [{"userDefined": false, "text": "For what courses is "}, {"userDefined": false, "meta": "@CLASS_QUALIFICATION", "alias": "CLASS_QUALIFICATION", "text": "junior"}, {"userDefined": false, "text": " standing not necessary?"}], "isTemplate": false, "id": "5f1b0124-ba2a-4e47-bd32-95747089e6aa"}, {"count": 0, "data": [{"userDefined": false, "text": "For which courses is "}, {"userDefined": false, "meta": "@CLASS_QUALIFICATION", "alias": "CLASS_QUALIFICATION", "text": "freshman"}, {"userDefined": false, "text": " standing not needed?"}], "isTemplate": false, "id": "d5e157e7-1c0f-4e44-8b64-f050acbf2602"}, {"count": 0, "data": [{"userDefined": false, "text": "Which classes do not require "}, {"userDefined": false, "meta": "@CLASS_QUALIFICATION", "alias": "CLASS_QUALIFICATION", "text": "sophomore"}, {"userDefined": false, "text": " standing?"}], "isTemplate": false, "id": "243f1b42-a6f3-427b-a2c7-1ea939cba773"}]