[{"count": 0, "data": [{"userDefined": false, "text": "Which courses are "}, {"userDefined": false, "meta": "@sys.number", "alias": "number", "text": "one"}, {"userDefined": false, "text": " units?"}], "isTemplate": false, "id": "cf2b47e9-1bc8-4c89-b759-04702af57679"}, {"count": 0, "data": [{"userDefined": false, "text": "Which classes count for "}, {"userDefined": false, "meta": "@sys.number", "alias": "number", "text": "1"}, {"userDefined": false, "text": " units?"}], "isTemplate": false, "id": "00c697e7-5adf-442f-aa9f-2d00db42d4c5"}, {"count": 0, "data": [{"userDefined": false, "text": "Which classes are worth "}, {"userDefined": false, "meta": "@sys.number", "alias": "number", "text": "three"}, {"userDefined": false, "text": " units?"}], "isTemplate": false, "id": "ba8572eb-330d-4734-bb70-96077fa6a69b"}, {"count": 0, "data": [{"userDefined": false, "text": "What are all "}, {"userDefined": false, "meta": "@sys.number", "alias": "number", "text": "3"}, {"userDefined": false, "text": " unit classes?"}], "isTemplate": false, "id": "1562f342-2a05-42a1-87dd-4b7d24f071b2"}, {"count": 0, "data": [{"userDefined": false, "text": "Which classes are "}, {"userDefined": false, "meta": "@sys.number", "alias": "number", "text": "3"}, {"userDefined": false, "text": " units?"}], "isTemplate": false, "id": "bdb959c3-4cf0-4cb5-8923-eaf31b29377d"}]