[{"id": "6d2f22f4-0a15-4de3-b6d3-17f9be6cc6f1", "data": [{"text": "What classes are only offered in the ", "userDefined": false}, {"meta": "@QUARTER", "alias": "QUARTER", "text": "Autumn", "userDefined": false}, {"text": "?", "userDefined": false}], "count": 0, "isTemplate": false}, {"id": "a6ce1a12-8ded-4393-8389-e37adb3dc195", "data": [{"text": "What classes are only offered in the ", "userDefined": false}, {"meta": "@QUARTER", "alias": "QUARTER", "text": "Autumn", "userDefined": false}, {"text": "?", "userDefined": false}], "count": 0, "isTemplate": false}, {"id": "81314268-c01d-4d47-ad07-0f314820c732", "data": [{"text": "What classes are only offered in the ", "userDefined": false}, {"meta": "@QUARTER", "alias": "QUARTER", "text": "Summer", "userDefined": false}, {"text": "?", "userDefined": false}], "count": 0, "isTemplate": false}, {"id": "bfc40c9e-88f5-4171-b47a-0ec8d887d10b", "data": [{"text": "What classes are only offered in the ", "userDefined": false}, {"meta": "@QUARTER", "alias": "QUARTER", "text": "Winter", "userDefined": false}, {"text": "?", "userDefined": false}], "count": 0, "isTemplate": false}, {"id": "a851ecf1-da5d-4c26-b5fb-6d31995a18c2", "data": [{"text": "What classes are only offered in the ", "userDefined": false}, {"meta": "@QUARTER", "alias": "QUARTER", "text": "Spring", "userDefined": false}, {"text": "?", "userDefined": false}], "count": 0, "isTemplate": false}, {"id": "d59a6458-3c45-410b-a8f4-13152eb931e5", "data": [{"text": "What classes are only offered in the ", "userDefined": false}, {"meta": "@QUARTER", "alias": "QUARTER", "text": "Winter", "userDefined": false}, {"text": "?", "userDefined": false}], "count": 0, "isTemplate": false}, {"id": "6febb669-e093-4073-819d-82ef4153e893", "data": [{"text": "What classes are only offered in the ", "userDefined": false}, {"meta": "@QUARTER", "alias": "QUARTER", "text": "Spring", "userDefined": false}, {"text": "?", "userDefined": false}], "count": 0, "isTemplate": false}, {"id": "2405b137-e72c-4316-9135-5ee34fe12e45", "data": [{"text": "What classes are only offered in the ", "userDefined": false}, {"meta": "@QUARTER", "alias": "QUARTER", "text": "Winter", "userDefined": false}, {"text": "?", "userDefined": false}], "count": 0, "isTemplate": false}, {"id": "db7552d5-d104-460a-b055-e1f217061580", "data": [{"text": "What classes are only offered in the ", "userDefined": false}, {"meta": "@QUARTER", "alias": "QUARTER", "text": "Winter", "userDefined": false}, {"text": "?", "userDefined": false}], "count": 0, "isTemplate": false}, {"id": "86eb2d46-81b6-406e-aa68-56cfe5a26a33", "data": [{"text": "What classes are only offered in the ", "userDefined": false}, {"meta": "@QUARTER", "alias": "QUARTER", "text": "Winter", "userDefined": false}, {"text": "?", "userDefined": false}], "count": 0, "isTemplate": false}, {"id": "cf868cc6-5e27-41a6-a93e-9eecac33709c", "data": [{"text": "Which classes are only taught during the ", "userDefined": false}, {"meta": "@QUARTER", "alias": "QUARTER", "text": "Spring", "userDefined": false}, {"text": "?", "userDefined": false}], "count": 0, "isTemplate": false}, {"id": "da9f6446-f73a-4bd0-a57b-041e5ad09921", "data": [{"text": "Which classes are only taught during the ", "userDefined": false}, {"meta": "@QUARTER", "alias": "QUARTER", "text": "Winter", "userDefined": false}, {"text": "?", "userDefined": false}], "count": 0, "isTemplate": false}, {"id": "c3ec7560-7369-421e-a451-8129d2ecd43e", "data": [{"text": "Which classes are only taught during the ", "userDefined": false}, {"meta": "@QUARTER", "alias": "QUARTER", "text": "Fall", "userDefined": false}, {"text": "?", "userDefined": false}], "count": 0, "isTemplate": false}, {"id": "3124235c-c74c-42d9-ae4e-28d6f27483c7", "data": [{"text": "Which classes are only taught during the ", "userDefined": false}, {"meta": "@QUARTER", "alias": "QUARTER", "text": "Spring", "userDefined": false}, {"text": "?", "userDefined": false}], "count": 0, "isTemplate": false}, {"id": "f0de53e5-3a5f-403c-9744-268a737b95bf", "data": [{"text": "Which classes are only taught during the ", "userDefined": false}, {"meta": "@QUARTER", "alias": "QUARTER", "text": "Fall", "userDefined": false}, {"text": "?", "userDefined": false}], "count": 0, "isTemplate": false}, {"id": "98c9a036-fb5c-4208-8bbc-193d3620f9b8", "data": [{"text": "Which classes are only taught during the ", "userDefined": false}, {"meta": "@QUARTER", "alias": "QUARTER", "text": "Summer", "userDefined": false}, {"text": "?", "userDefined": false}], "count": 0, "isTemplate": false}, {"id": "2d2df39a-3e00-491b-ba0d-9bf64804296a", "data": [{"text": "Which classes are only taught during the ", "userDefined": false}, {"meta": "@QUARTER", "alias": "QUARTER", "text": "Spring", "userDefined": false}, {"text": "?", "userDefined": false}], "count": 0, "isTemplate": false}, {"id": "15c389e7-1319-4091-81a0-deebffd4e44f", "data": [{"text": "Which classes are only taught during the ", "userDefined": false}, {"meta": "@QUARTER", "alias": "QUARTER", "text": "Winter", "userDefined": false}, {"text": "?", "userDefined": false}], "count": 0, "isTemplate": false}, {"id": "1441d2df-8858-49b0-bc03-e98eb541cd70", "data": [{"text": "Which classes are only taught during the ", "userDefined": false}, {"meta": "@QUARTER", "alias": "QUARTER", "text": "Fall", "userDefined": false}, {"text": "?", "userDefined": false}], "count": 0, "isTemplate": false}, {"id": "3306beb5-a9bb-47b1-8e25-9b763a2b605e", "data": [{"text": "Which classes are only taught during the ", "userDefined": false}, {"meta": "@QUARTER", "alias": "QUARTER", "text": "Winter", "userDefined": false}, {"text": "?", "userDefined": false}], "count": 0, "isTemplate": false}, {"id": "895c4b93-b278-41f4-84bf-d7cf8e9f73cb", "data": [{"text": "Which courses are only taught in the ", "userDefined": false}, {"meta": "@QUARTER", "alias": "QUARTER", "text": "Winter", "userDefined": false}, {"text": "?", "userDefined": false}], "count": 0, "isTemplate": false}, {"id": "d276ed4f-f05e-4cb4-bc5a-462017145ef4", "data": [{"text": "Which courses are only taught in the ", "userDefined": false}, {"meta": "@QUARTER", "alias": "QUARTER", "text": "Winter", "userDefined": false}, {"text": "?", "userDefined": false}], "count": 0, "isTemplate": false}, {"id": "8a59c65d-241b-4ee5-a812-f7d9a46084d9", "data": [{"text": "Which courses are only taught in the ", "userDefined": false}, {"meta": "@QUARTER", "alias": "QUARTER", "text": "Autumn", "userDefined": false}, {"text": "?", "userDefined": false}], "count": 0, "isTemplate": false}, {"id": "e3ff20c3-c9de-4871-8825-f21d3c02c45b", "data": [{"text": "Which courses are only taught in the ", "userDefined": false}, {"meta": "@QUARTER", "alias": "QUARTER", "text": "Fall", "userDefined": false}, {"text": "?", "userDefined": false}], "count": 0, "isTemplate": false}, {"id": "702f2c3c-8ad3-42b7-889c-bf2d91fa0f1c", "data": [{"text": "Which courses are only taught in the ", "userDefined": false}, {"meta": "@QUARTER", "alias": "QUARTER", "text": "Winter", "userDefined": false}, {"text": "?", "userDefined": false}], "count": 0, "isTemplate": false}, {"id": "c1d0a2e0-8f8e-4ff5-b204-ba6bdc6fbaf0", "data": [{"text": "Which courses are only taught in the ", "userDefined": false}, {"meta": "@QUARTER", "alias": "QUARTER", "text": "Spring", "userDefined": false}, {"text": "?", "userDefined": false}], "count": 0, "isTemplate": false}, {"id": "0942cd8c-6887-4c28-a9c2-7df733f1d1c8", "data": [{"text": "Which courses are only taught in the ", "userDefined": false}, {"meta": "@QUARTER", "alias": "QUARTER", "text": "Autumn", "userDefined": false}, {"text": "?", "userDefined": false}], "count": 0, "isTemplate": false}, {"id": "aab16858-f295-45c3-ae22-58928897fa63", "data": [{"text": "Which courses are only taught in the ", "userDefined": false}, {"meta": "@QUARTER", "alias": "QUARTER", "text": "Winter", "userDefined": false}, {"text": "?", "userDefined": false}], "count": 0, "isTemplate": false}, {"id": "9704d035-1ca8-4a01-92d8-e23e4fa57504", "data": [{"text": "Which courses are only taught in the ", "userDefined": false}, {"meta": "@QUARTER", "alias": "QUARTER", "text": "Winter", "userDefined": false}, {"text": "?", "userDefined": false}], "count": 0, "isTemplate": false}, {"id": "2ee0e31e-78e1-4709-aba8-9628ab01555c", "data": [{"text": "Which courses are only taught in the ", "userDefined": false}, {"meta": "@QUARTER", "alias": "QUARTER", "text": "Autumn", "userDefined": false}, {"text": "?", "userDefined": false}], "count": 0, "isTemplate": false}, {"id": "b0ac6f0d-5ef1-4cf7-8a1e-0dcd42895823", "data": [{"text": "Which classes are only taught during ", "userDefined": false}, {"meta": "@QUARTER", "alias": "QUARTER", "text": "Spring", "userDefined": false}, {"text": " quarter?", "userDefined": false}], "count": 0, "isTemplate": false}, {"id": "e0f6fc71-7c7b-4a55-a95a-68167bedc1ea", "data": [{"text": "Which classes are only taught during ", "userDefined": false}, {"meta": "@QUARTER", "alias": "QUARTER", "text": "Spring", "userDefined": false}, {"text": " quarter?", "userDefined": false}], "count": 0, "isTemplate": false}, {"id": "eeff7d3a-7218-47c8-b439-c43475cc4a6b", "data": [{"text": "Which classes are only taught during ", "userDefined": false}, {"meta": "@QUARTER", "alias": "QUARTER", "text": "Summer", "userDefined": false}, {"text": " quarter?", "userDefined": false}], "count": 0, "isTemplate": false}, {"id": "2ecd7e89-4526-4854-85a3-726a12c22174", "data": [{"text": "Which classes are only taught during ", "userDefined": false}, {"meta": "@QUARTER", "alias": "QUARTER", "text": "Summer", "userDefined": false}, {"text": " quarter?", "userDefined": false}], "count": 0, "isTemplate": false}, {"id": "8bd39506-98a7-4e3a-9088-1040ba57cb5c", "data": [{"text": "Which classes are only taught during ", "userDefined": false}, {"meta": "@QUARTER", "alias": "QUARTER", "text": "Summer", "userDefined": false}, {"text": " quarter?", "userDefined": false}], "count": 0, "isTemplate": false}, {"id": "75b6a003-60fc-44c7-8631-b52cec6031f8", "data": [{"text": "Which classes are only taught during ", "userDefined": false}, {"meta": "@QUARTER", "alias": "QUARTER", "text": "Spring", "userDefined": false}, {"text": " quarter?", "userDefined": false}], "count": 0, "isTemplate": false}, {"id": "a4cffe8b-5b06-4a82-85c1-8005aae64910", "data": [{"text": "Which classes are only taught during ", "userDefined": false}, {"meta": "@QUARTER", "alias": "QUARTER", "text": "Summer", "userDefined": false}, {"text": " quarter?", "userDefined": false}], "count": 0, "isTemplate": false}, {"id": "1d44ea61-5453-48b6-b6c4-cfed0665f6ec", "data": [{"text": "Which classes are only taught during ", "userDefined": false}, {"meta": "@QUARTER", "alias": "QUARTER", "text": "Summer", "userDefined": false}, {"text": " quarter?", "userDefined": false}], "count": 0, "isTemplate": false}, {"id": "bffbb882-a6d0-4681-85ee-bc597216c50f", "data": [{"text": "Which classes are only taught during ", "userDefined": false}, {"meta": "@QUARTER", "alias": "QUARTER", "text": "Fall", "userDefined": false}, {"text": " quarter?", "userDefined": false}], "count": 0, "isTemplate": false}, {"id": "6d613722-6cf9-40e3-b162-d010d82cc80a", "data": [{"text": "Which classes are only taught during ", "userDefined": false}, {"meta": "@QUARTER", "alias": "QUARTER", "text": "Summer", "userDefined": false}, {"text": " quarter?", "userDefined": false}], "count": 0, "isTemplate": false}, {"id": "c7a2fa62-93ff-4e2e-9a39-be18a25e3b5a", "data": [{"text": "Which courses are only taught in ", "userDefined": false}, {"meta": "@QUARTER", "alias": "QUARTER", "text": "Fall", "userDefined": false}, {"text": "?", "userDefined": false}], "count": 0, "isTemplate": false}, {"id": "5689997d-362c-4137-989d-57c29a182f77", "data": [{"text": "Which courses are only taught in ", "userDefined": false}, {"meta": "@QUARTER", "alias": "QUARTER", "text": "Summer", "userDefined": false}, {"text": "?", "userDefined": false}], "count": 0, "isTemplate": false}, {"id": "09fa5157-0cad-412c-b999-9c2e403cef29", "data": [{"text": "Which courses are only taught in ", "userDefined": false}, {"meta": "@QUARTER", "alias": "QUARTER", "text": "Spring", "userDefined": false}, {"text": "?", "userDefined": false}], "count": 0, "isTemplate": false}, {"id": "db619751-8c35-4988-bb4d-22d48a97efe8", "data": [{"text": "Which courses are only taught in ", "userDefined": false}, {"meta": "@QUARTER", "alias": "QUARTER", "text": "Spring", "userDefined": false}, {"text": "?", "userDefined": false}], "count": 0, "isTemplate": false}, {"id": "24203145-63ce-4851-ae44-a632aa4c9939", "data": [{"text": "Which courses are only taught in ", "userDefined": false}, {"meta": "@QUARTER", "alias": "QUARTER", "text": "Winter", "userDefined": false}, {"text": "?", "userDefined": false}], "count": 0, "isTemplate": false}, {"id": "3172b1a2-e542-4249-9421-d18baeeab80f", "data": [{"text": "Which courses are only taught in ", "userDefined": false}, {"meta": "@QUARTER", "alias": "QUARTER", "text": "Winter", "userDefined": false}, {"text": "?", "userDefined": false}], "count": 0, "isTemplate": false}, {"id": "253880c4-5f86-48e2-8059-cf300f87ffa8", "data": [{"text": "Which courses are only taught in ", "userDefined": false}, {"meta": "@QUARTER", "alias": "QUARTER", "text": "Autumn", "userDefined": false}, {"text": "?", "userDefined": false}], "count": 0, "isTemplate": false}, {"id": "7a41d57c-eb0f-45b3-931a-43fa831b475a", "data": [{"text": "Which courses are only taught in ", "userDefined": false}, {"meta": "@QUARTER", "alias": "QUARTER", "text": "Spring", "userDefined": false}, {"text": "?", "userDefined": false}], "count": 0, "isTemplate": false}, {"id": "a966c3eb-33d8-4f1f-ae6a-f2e00f3e13e7", "data": [{"text": "Which courses are only taught in ", "userDefined": false}, {"meta": "@QUARTER", "alias": "QUARTER", "text": "Spring", "userDefined": false}, {"text": "?", "userDefined": false}], "count": 0, "isTemplate": false}, {"id": "54e9abc7-142a-4fef-a0cd-3842838a96fb", "data": [{"text": "Which courses are only taught in ", "userDefined": false}, {"meta": "@QUARTER", "alias": "QUARTER", "text": "Autumn", "userDefined": false}, {"text": "?", "userDefined": false}], "count": 0, "isTemplate": false}, {"id": "94897e4c-32d7-40a2-abb9-475c0683ea3d", "data": [{"text": "What courses are only offered in the ", "userDefined": false}, {"meta": "@QUARTER", "alias": "QUARTER", "text": "Fall", "userDefined": false}, {"text": "?", "userDefined": false}], "count": 0, "isTemplate": false}, {"id": "39bcc5c4-28df-4eff-9958-77b948be4126", "data": [{"text": "What courses are only offered in the ", "userDefined": false}, {"meta": "@QUARTER", "alias": "QUARTER", "text": "Winter", "userDefined": false}, {"text": "?", "userDefined": false}], "count": 0, "isTemplate": false}, {"id": "572a0a43-4664-47eb-a624-1460fd1bca8d", "data": [{"text": "What courses are only offered in the ", "userDefined": false}, {"meta": "@QUARTER", "alias": "QUARTER", "text": "Summer", "userDefined": false}, {"text": "?", "userDefined": false}], "count": 0, "isTemplate": false}, {"id": "042633aa-a14e-4489-8ae6-53419d946694", "data": [{"text": "What courses are only offered in the ", "userDefined": false}, {"meta": "@QUARTER", "alias": "QUARTER", "text": "Spring", "userDefined": false}, {"text": "?", "userDefined": false}], "count": 0, "isTemplate": false}, {"id": "372d846d-b394-41cb-8e80-181c882e25b2", "data": [{"text": "What courses are only offered in the ", "userDefined": false}, {"meta": "@QUARTER", "alias": "QUARTER", "text": "Spring", "userDefined": false}, {"text": "?", "userDefined": false}], "count": 0, "isTemplate": false}, {"id": "6b482b71-ebab-458c-9725-924542d8a281", "data": [{"text": "What courses are only offered in the ", "userDefined": false}, {"meta": "@QUARTER", "alias": "QUARTER", "text": "Winter", "userDefined": false}, {"text": "?", "userDefined": false}], "count": 0, "isTemplate": false}, {"id": "4e7ec5cd-56ba-404b-ad43-9d4b78a38d70", "data": [{"text": "What courses are only offered in the ", "userDefined": false}, {"meta": "@QUARTER", "alias": "QUARTER", "text": "Spring", "userDefined": false}, {"text": "?", "userDefined": false}], "count": 0, "isTemplate": false}, {"id": "a74191c2-6884-4196-b30a-6a70b7668676", "data": [{"text": "What courses are only offered in the ", "userDefined": false}, {"meta": "@QUARTER", "alias": "QUARTER", "text": "Summer", "userDefined": false}, {"text": "?", "userDefined": false}], "count": 0, "isTemplate": false}, {"id": "6c1ade09-68cb-4ebd-8ac4-48299e2e61ff", "data": [{"text": "What courses are only offered in the ", "userDefined": false}, {"meta": "@QUARTER", "alias": "QUARTER", "text": "Winter", "userDefined": false}, {"text": "?", "userDefined": false}], "count": 0, "isTemplate": false}, {"id": "0ebab0d5-c3a6-4cd8-bd00-b5847146b030", "data": [{"text": "What courses are only offered in the ", "userDefined": false}, {"meta": "@QUARTER", "alias": "QUARTER", "text": "Spring", "userDefined": false}, {"text": "?", "userDefined": false}], "count": 0, "isTemplate": false}, {"id": "5bd9049e-cca8-4aa0-8a8e-0bab03f453a0", "data": [{"text": "Which courses are only taught during the ", "userDefined": false}, {"meta": "@QUARTER", "alias": "QUARTER", "text": "Autumn", "userDefined": false}, {"text": "?", "userDefined": false}], "count": 0, "isTemplate": false}, {"id": "87bc56ec-86fd-44af-9454-eba028dc0523", "data": [{"text": "Which courses are only taught during the ", "userDefined": false}, {"meta": "@QUARTER", "alias": "QUARTER", "text": "Spring", "userDefined": false}, {"text": "?", "userDefined": false}], "count": 0, "isTemplate": false}, {"id": "f286ae7c-982b-423f-8325-df97b6e48cd8", "data": [{"text": "Which courses are only taught during the ", "userDefined": false}, {"meta": "@QUARTER", "alias": "QUARTER", "text": "Fall", "userDefined": false}, {"text": "?", "userDefined": false}], "count": 0, "isTemplate": false}, {"id": "dbcf81e0-3351-4668-8c29-346957fcbf48", "data": [{"text": "Which courses are only taught during the ", "userDefined": false}, {"meta": "@QUARTER", "alias": "QUARTER", "text": "Fall", "userDefined": false}, {"text": "?", "userDefined": false}], "count": 0, "isTemplate": false}, {"id": "a68c18b7-fb9b-4f5a-b008-02ed42727748", "data": [{"text": "Which courses are only taught during the ", "userDefined": false}, {"meta": "@QUARTER", "alias": "QUARTER", "text": "Autumn", "userDefined": false}, {"text": "?", "userDefined": false}], "count": 0, "isTemplate": false}, {"id": "b942cccf-3a4b-4171-a971-27349539b8d6", "data": [{"text": "Which courses are only taught during the ", "userDefined": false}, {"meta": "@QUARTER", "alias": "QUARTER", "text": "Winter", "userDefined": false}, {"text": "?", "userDefined": false}], "count": 0, "isTemplate": false}, {"id": "bf3e297f-490c-4f38-b8b1-54ff6c30d4c9", "data": [{"text": "Which courses are only taught during the ", "userDefined": false}, {"meta": "@QUARTER", "alias": "QUARTER", "text": "Summer", "userDefined": false}, {"text": "?", "userDefined": false}], "count": 0, "isTemplate": false}, {"id": "a435f5a7-80e1-4ddf-b04c-09c8c551859a", "data": [{"text": "Which courses are only taught during the ", "userDefined": false}, {"meta": "@QUARTER", "alias": "QUARTER", "text": "Summer", "userDefined": false}, {"text": "?", "userDefined": false}], "count": 0, "isTemplate": false}, {"id": "276eebe7-aa60-415a-8a42-e0d090397f4a", "data": [{"text": "Which courses are only taught during the ", "userDefined": false}, {"meta": "@QUARTER", "alias": "QUARTER", "text": "Spring", "userDefined": false}, {"text": "?", "userDefined": false}], "count": 0, "isTemplate": false}, {"id": "707fee2c-fdfc-419e-b572-c638361c9f1a", "data": [{"text": "Which courses are only taught during the ", "userDefined": false}, {"meta": "@QUARTER", "alias": "QUARTER", "text": "Summer", "userDefined": false}, {"text": "?", "userDefined": false}], "count": 0, "isTemplate": false}, {"id": "0ac0365f-87c1-43db-a524-fa70fd24dc2f", "data": [{"text": "Which classes are only taught in the ", "userDefined": false}, {"meta": "@QUARTER", "alias": "QUARTER", "text": "Winter", "userDefined": false}, {"text": "?", "userDefined": false}], "count": 0, "isTemplate": false}, {"id": "8c2a4697-40c1-4ab0-ab71-f476edfe638d", "data": [{"text": "Which classes are only taught in the ", "userDefined": false}, {"meta": "@QUARTER", "alias": "QUARTER", "text": "Spring", "userDefined": false}, {"text": "?", "userDefined": false}], "count": 0, "isTemplate": false}, {"id": "30b63da3-cbd7-4188-9c9a-805895b6a240", "data": [{"text": "Which classes are only taught in the ", "userDefined": false}, {"meta": "@QUARTER", "alias": "QUARTER", "text": "Summer", "userDefined": false}, {"text": "?", "userDefined": false}], "count": 0, "isTemplate": false}, {"id": "eb048239-5355-4157-86ae-a5e82a3699e1", "data": [{"text": "Which classes are only taught in the ", "userDefined": false}, {"meta": "@QUARTER", "alias": "QUARTER", "text": "Fall", "userDefined": false}, {"text": "?", "userDefined": false}], "count": 0, "isTemplate": false}, {"id": "0716fa08-7862-4629-8856-c7752a5be6e3", "data": [{"text": "Which classes are only taught in the ", "userDefined": false}, {"meta": "@QUARTER", "alias": "QUARTER", "text": "Winter", "userDefined": false}, {"text": "?", "userDefined": false}], "count": 0, "isTemplate": false}, {"id": "e07692cd-9831-494d-90aa-7b7fb0b56aae", "data": [{"text": "Which classes are only taught in the ", "userDefined": false}, {"meta": "@QUARTER", "alias": "QUARTER", "text": "Winter", "userDefined": false}, {"text": "?", "userDefined": false}], "count": 0, "isTemplate": false}, {"id": "cb6824a6-264e-4657-8159-e66c22b815e2", "data": [{"text": "Which classes are only taught in the ", "userDefined": false}, {"meta": "@QUARTER", "alias": "QUARTER", "text": "Winter", "userDefined": false}, {"text": "?", "userDefined": false}], "count": 0, "isTemplate": false}, {"id": "c0fa989e-b63d-4f71-a89d-c510af6162cf", "data": [{"text": "Which classes are only taught in the ", "userDefined": false}, {"meta": "@QUARTER", "alias": "QUARTER", "text": "Summer", "userDefined": false}, {"text": "?", "userDefined": false}], "count": 0, "isTemplate": false}, {"id": "0bbc8389-0b95-4934-ac06-d014c1fcf2d0", "data": [{"text": "Which classes are only taught in the ", "userDefined": false}, {"meta": "@QUARTER", "alias": "QUARTER", "text": "Winter", "userDefined": false}, {"text": "?", "userDefined": false}], "count": 0, "isTemplate": false}, {"id": "3c485903-5e21-4cbd-97e8-644a9badf2fa", "data": [{"text": "Which classes are only taught in the ", "userDefined": false}, {"meta": "@QUARTER", "alias": "QUARTER", "text": "Fall", "userDefined": false}, {"text": "?", "userDefined": false}], "count": 0, "isTemplate": false}]