[{"id": "38ac815a-20be-4a63-87fa-752be7abc9ce", "data": [{"text": "Which courses are crosslisted in ", "userDefined": false}, {"meta": "@DEPARTMENT_ABBREVIATION", "alias": "DEPARTMENT_ABBREVIATION", "text": "CSC", "userDefined": false}, {"text": "?", "userDefined": false}], "count": 0, "isTemplate": false}, {"id": "0a042fca-2e6d-4761-9ee1-966ab1fe0a9c", "data": [{"text": "Which courses are crosslisted in ", "userDefined": false}, {"meta": "@DEPARTMENT_ABBREVIATION", "alias": "DEPARTMENT_ABBREVIATION", "text": "cpe", "userDefined": false}, {"text": "?", "userDefined": false}], "count": 0, "isTemplate": false}, {"id": "e3f2547f-03bc-4021-95bd-8fdd42ab1471", "data": [{"text": "Which courses are crosslisted in ", "userDefined": false}, {"meta": "@DEPARTMENT_ABBREVIATION", "alias": "DEPARTMENT_ABBREVIATION", "text": "csc", "userDefined": false}, {"text": "?", "userDefined": false}], "count": 0, "isTemplate": false}, {"id": "8739cb13-bb62-4eb9-97af-4f1e8dbcca5f", "data": [{"text": "Which courses are crosslisted in ", "userDefined": false}, {"meta": "@DEPARTMENT_ABBREVIATION", "alias": "DEPARTMENT_ABBREVIATION", "text": "csc", "userDefined": false}, {"text": "?", "userDefined": false}], "count": 0, "isTemplate": false}, {"id": "3937b28a-575d-4aa2-9c56-84d61fc2a5d9", "data": [{"text": "Which courses are crosslisted in ", "userDefined": false}, {"meta": "@DEPARTMENT_ABBREVIATION", "alias": "DEPARTMENT_ABBREVIATION", "text": "csc", "userDefined": false}, {"text": "?", "userDefined": false}], "count": 0, "isTemplate": false}, {"id": "23bdc868-8eff-476d-9fe9-aa1fd9b13d33", "data": [{"text": "Which courses are crosslisted in ", "userDefined": false}, {"meta": "@DEPARTMENT_ABBREVIATION", "alias": "DEPARTMENT_ABBREVIATION", "text": "csc", "userDefined": false}, {"text": "?", "userDefined": false}], "count": 0, "isTemplate": false}, {"id": "bfe2c700-3f5b-4404-8ec8-efb281775936", "data": [{"text": "Which courses are crosslisted in ", "userDefined": false}, {"meta": "@DEPARTMENT_ABBREVIATION", "alias": "DEPARTMENT_ABBREVIATION", "text": "cpe", "userDefined": false}, {"text": "?", "userDefined": false}], "count": 0, "isTemplate": false}, {"id": "92188e05-b021-4735-822f-c0ea5e743d85", "data": [{"text": "Which courses are crosslisted in ", "userDefined": false}, {"meta": "@DEPARTMENT_ABBREVIATION", "alias": "DEPARTMENT_ABBREVIATION", "text": "CPE", "userDefined": false}, {"text": "?", "userDefined": false}], "count": 0, "isTemplate": false}, {"id": "daf49552-9b05-4d67-8228-4d28c878892f", "data": [{"text": "Which courses are crosslisted in ", "userDefined": false}, {"meta": "@DEPARTMENT_ABBREVIATION", "alias": "DEPARTMENT_ABBREVIATION", "text": "csc", "userDefined": false}, {"text": "?", "userDefined": false}], "count": 0, "isTemplate": false}, {"id": "0341a6df-966c-4d7a-8184-342bd6a513f5", "data": [{"text": "Which courses are crosslisted in ", "userDefined": false}, {"meta": "@DEPARTMENT_ABBREVIATION", "alias": "DEPARTMENT_ABBREVIATION", "text": "CPE", "userDefined": false}, {"text": "?", "userDefined": false}], "count": 0, "isTemplate": false}, {"id": "f744ffe6-6262-4880-ba80-23910ef9d071", "data": [{"text": "What classes are crosslisted in ", "userDefined": false}, {"meta": "@DEPARTMENT_ABBREVIATION", "alias": "DEPARTMENT_ABBREVIATION", "text": "cpe", "userDefined": false}, {"text": "?", "userDefined": false}], "count": 0, "isTemplate": false}, {"id": "6c0fe6cb-6f81-4900-8f2b-10e604a1f2c4", "data": [{"text": "What classes are crosslisted in ", "userDefined": false}, {"meta": "@DEPARTMENT_ABBREVIATION", "alias": "DEPARTMENT_ABBREVIATION", "text": "CPE", "userDefined": false}, {"text": "?", "userDefined": false}], "count": 0, "isTemplate": false}, {"id": "b10fda32-4c08-4b80-b679-5b63b8327608", "data": [{"text": "What classes are crosslisted in ", "userDefined": false}, {"meta": "@DEPARTMENT_ABBREVIATION", "alias": "DEPARTMENT_ABBREVIATION", "text": "CSC", "userDefined": false}, {"text": "?", "userDefined": false}], "count": 0, "isTemplate": false}, {"id": "d5c8bb5a-7c37-42b5-b319-eb55f4935359", "data": [{"text": "What classes are crosslisted in ", "userDefined": false}, {"meta": "@DEPARTMENT_ABBREVIATION", "alias": "DEPARTMENT_ABBREVIATION", "text": "CPE", "userDefined": false}, {"text": "?", "userDefined": false}], "count": 0, "isTemplate": false}, {"id": "4f95f0f9-7467-4bca-ba4b-7bc89638a0e7", "data": [{"text": "What classes are crosslisted in ", "userDefined": false}, {"meta": "@DEPARTMENT_ABBREVIATION", "alias": "DEPARTMENT_ABBREVIATION", "text": "CSC", "userDefined": false}, {"text": "?", "userDefined": false}], "count": 0, "isTemplate": false}, {"id": "356dcb83-fee0-4cb7-b47f-b4007429b98a", "data": [{"text": "What classes are crosslisted in ", "userDefined": false}, {"meta": "@DEPARTMENT_ABBREVIATION", "alias": "DEPARTMENT_ABBREVIATION", "text": "CPE", "userDefined": false}, {"text": "?", "userDefined": false}], "count": 0, "isTemplate": false}, {"id": "19a84cc5-78c3-4cc4-8bb4-774145b9b374", "data": [{"text": "What classes are crosslisted in ", "userDefined": false}, {"meta": "@DEPARTMENT_ABBREVIATION", "alias": "DEPARTMENT_ABBREVIATION", "text": "CSC", "userDefined": false}, {"text": "?", "userDefined": false}], "count": 0, "isTemplate": false}, {"id": "38d4a087-31a1-45dc-80db-e4da3300d040", "data": [{"text": "What classes are crosslisted in ", "userDefined": false}, {"meta": "@DEPARTMENT_ABBREVIATION", "alias": "DEPARTMENT_ABBREVIATION", "text": "csc", "userDefined": false}, {"text": "?", "userDefined": false}], "count": 0, "isTemplate": false}, {"id": "ba691c80-f929-4eb9-b9fc-541835b6a474", "data": [{"text": "What classes are crosslisted in ", "userDefined": false}, {"meta": "@DEPARTMENT_ABBREVIATION", "alias": "DEPARTMENT_ABBREVIATION", "text": "CSC", "userDefined": false}, {"text": "?", "userDefined": false}], "count": 0, "isTemplate": false}, {"id": "3a2519f6-969d-4900-8976-a835d0378bbe", "data": [{"text": "What classes are crosslisted in ", "userDefined": false}, {"meta": "@DEPARTMENT_ABBREVIATION", "alias": "DEPARTMENT_ABBREVIATION", "text": "csc", "userDefined": false}, {"text": "?", "userDefined": false}], "count": 0, "isTemplate": false}, {"id": "83e70c15-1c56-4e60-afb4-ee4847bdec1f", "data": [{"text": "In ", "userDefined": false}, {"meta": "@DEPARTMENT_ABBREVIATION", "alias": "DEPARTMENT_ABBREVIATION", "text": "CSC", "userDefined": false}, {"text": ", which classes are crosslisted?", "userDefined": false}], "count": 0, "isTemplate": false}, {"id": "f094ae78-8d3d-4ab9-87a4-b464a6276204", "data": [{"text": "In ", "userDefined": false}, {"meta": "@DEPARTMENT_ABBREVIATION", "alias": "DEPARTMENT_ABBREVIATION", "text": "CPE", "userDefined": false}, {"text": ", which classes are crosslisted?", "userDefined": false}], "count": 0, "isTemplate": false}, {"id": "6b70dc7f-1e82-4757-80df-d414da07c287", "data": [{"text": "In ", "userDefined": false}, {"meta": "@DEPARTMENT_ABBREVIATION", "alias": "DEPARTMENT_ABBREVIATION", "text": "CSC", "userDefined": false}, {"text": ", which classes are crosslisted?", "userDefined": false}], "count": 0, "isTemplate": false}, {"id": "c3c43d92-30a2-4eb7-acbf-899aeca6865a", "data": [{"text": "In ", "userDefined": false}, {"meta": "@DEPARTMENT_ABBREVIATION", "alias": "DEPARTMENT_ABBREVIATION", "text": "CPE", "userDefined": false}, {"text": ", which classes are crosslisted?", "userDefined": false}], "count": 0, "isTemplate": false}, {"id": "603be6b0-8fbb-4ef6-b113-1f840c22079a", "data": [{"text": "In ", "userDefined": false}, {"meta": "@DEPARTMENT_ABBREVIATION", "alias": "DEPARTMENT_ABBREVIATION", "text": "csc", "userDefined": false}, {"text": ", which classes are crosslisted?", "userDefined": false}], "count": 0, "isTemplate": false}, {"id": "8b4fa2d7-dfb7-402d-b6a7-82e833635cfd", "data": [{"text": "In ", "userDefined": false}, {"meta": "@DEPARTMENT_ABBREVIATION", "alias": "DEPARTMENT_ABBREVIATION", "text": "CSC", "userDefined": false}, {"text": ", which classes are crosslisted?", "userDefined": false}], "count": 0, "isTemplate": false}, {"id": "47a3d3a9-d385-4e84-83ba-d53a7af2f300", "data": [{"text": "In ", "userDefined": false}, {"meta": "@DEPARTMENT_ABBREVIATION", "alias": "DEPARTMENT_ABBREVIATION", "text": "csc", "userDefined": false}, {"text": ", which classes are crosslisted?", "userDefined": false}], "count": 0, "isTemplate": false}, {"id": "f7d4d23e-be6d-417a-a70d-2b0e52203910", "data": [{"text": "In ", "userDefined": false}, {"meta": "@DEPARTMENT_ABBREVIATION", "alias": "DEPARTMENT_ABBREVIATION", "text": "csc", "userDefined": false}, {"text": ", which classes are crosslisted?", "userDefined": false}], "count": 0, "isTemplate": false}, {"id": "65377197-d76f-4d63-8bb0-88fbef09e74e", "data": [{"text": "In ", "userDefined": false}, {"meta": "@DEPARTMENT_ABBREVIATION", "alias": "DEPARTMENT_ABBREVIATION", "text": "CSC", "userDefined": false}, {"text": ", which classes are crosslisted?", "userDefined": false}], "count": 0, "isTemplate": false}, {"id": "8f22a3bf-2901-465c-8835-dd643a959560", "data": [{"text": "In ", "userDefined": false}, {"meta": "@DEPARTMENT_ABBREVIATION", "alias": "DEPARTMENT_ABBREVIATION", "text": "cpe", "userDefined": false}, {"text": ", which classes are crosslisted?", "userDefined": false}], "count": 0, "isTemplate": false}, {"id": "7bdcbcc9-9689-41e4-9202-8fb021ca8142", "data": [{"text": "Which classes can also be found in ", "userDefined": false}, {"meta": "@DEPARTMENT_ABBREVIATION", "alias": "DEPARTMENT_ABBREVIATION", "text": "CSC", "userDefined": false}, {"text": "?", "userDefined": false}], "count": 0, "isTemplate": false}, {"id": "598e5161-cfa8-45b3-808d-4b28e453eace", "data": [{"text": "Which classes can also be found in ", "userDefined": false}, {"meta": "@DEPARTMENT_ABBREVIATION", "alias": "DEPARTMENT_ABBREVIATION", "text": "csc", "userDefined": false}, {"text": "?", "userDefined": false}], "count": 0, "isTemplate": false}, {"id": "2fb38c4c-e17e-4fdf-a098-26e93f8481d6", "data": [{"text": "Which classes can also be found in ", "userDefined": false}, {"meta": "@DEPARTMENT_ABBREVIATION", "alias": "DEPARTMENT_ABBREVIATION", "text": "CPE", "userDefined": false}, {"text": "?", "userDefined": false}], "count": 0, "isTemplate": false}, {"id": "97f781cd-0e90-4c5f-8acf-b2df4ad2f1bd", "data": [{"text": "Which classes can also be found in ", "userDefined": false}, {"meta": "@DEPARTMENT_ABBREVIATION", "alias": "DEPARTMENT_ABBREVIATION", "text": "cpe", "userDefined": false}, {"text": "?", "userDefined": false}], "count": 0, "isTemplate": false}, {"id": "8e4f16dd-aaf2-4df0-aef3-2f48fb5421b3", "data": [{"text": "Which classes can also be found in ", "userDefined": false}, {"meta": "@DEPARTMENT_ABBREVIATION", "alias": "DEPARTMENT_ABBREVIATION", "text": "CSC", "userDefined": false}, {"text": "?", "userDefined": false}], "count": 0, "isTemplate": false}, {"id": "2a37b49a-b7bf-4d73-8567-0a1f55ac7d28", "data": [{"text": "Which classes can also be found in ", "userDefined": false}, {"meta": "@DEPARTMENT_ABBREVIATION", "alias": "DEPARTMENT_ABBREVIATION", "text": "CSC", "userDefined": false}, {"text": "?", "userDefined": false}], "count": 0, "isTemplate": false}, {"id": "ab3e7225-910a-4960-930b-1eefcace93fb", "data": [{"text": "Which classes can also be found in ", "userDefined": false}, {"meta": "@DEPARTMENT_ABBREVIATION", "alias": "DEPARTMENT_ABBREVIATION", "text": "cpe", "userDefined": false}, {"text": "?", "userDefined": false}], "count": 0, "isTemplate": false}, {"id": "1ed99ca9-2fdd-49dc-9149-a7433a4e02e3", "data": [{"text": "Which classes can also be found in ", "userDefined": false}, {"meta": "@DEPARTMENT_ABBREVIATION", "alias": "DEPARTMENT_ABBREVIATION", "text": "CPE", "userDefined": false}, {"text": "?", "userDefined": false}], "count": 0, "isTemplate": false}, {"id": "e0e7b674-df4d-429e-bb28-02159b2a7e01", "data": [{"text": "Which classes can also be found in ", "userDefined": false}, {"meta": "@DEPARTMENT_ABBREVIATION", "alias": "DEPARTMENT_ABBREVIATION", "text": "csc", "userDefined": false}, {"text": "?", "userDefined": false}], "count": 0, "isTemplate": false}, {"id": "3855fc04-ba34-4011-af56-55b901972f22", "data": [{"text": "Which classes can also be found in ", "userDefined": false}, {"meta": "@DEPARTMENT_ABBREVIATION", "alias": "DEPARTMENT_ABBREVIATION", "text": "CSC", "userDefined": false}, {"text": "?", "userDefined": false}], "count": 0, "isTemplate": false}, {"id": "314bfb34-aa5a-4e2a-aeb9-fdd12669ca89", "data": [{"text": "Which classes are crosslisted in ", "userDefined": false}, {"meta": "@DEPARTMENT_ABBREVIATION", "alias": "DEPARTMENT_ABBREVIATION", "text": "cpe", "userDefined": false}, {"text": "?", "userDefined": false}], "count": 0, "isTemplate": false}, {"id": "9c3dc4d3-9733-4281-97d7-812f8b4a113d", "data": [{"text": "Which classes are crosslisted in ", "userDefined": false}, {"meta": "@DEPARTMENT_ABBREVIATION", "alias": "DEPARTMENT_ABBREVIATION", "text": "cpe", "userDefined": false}, {"text": "?", "userDefined": false}], "count": 0, "isTemplate": false}, {"id": "83340fa5-b625-4fc1-ab01-db48e2e9f810", "data": [{"text": "Which classes are crosslisted in ", "userDefined": false}, {"meta": "@DEPARTMENT_ABBREVIATION", "alias": "DEPARTMENT_ABBREVIATION", "text": "CPE", "userDefined": false}, {"text": "?", "userDefined": false}], "count": 0, "isTemplate": false}, {"id": "a68c57a1-5b03-4944-9054-4dde455bb516", "data": [{"text": "Which classes are crosslisted in ", "userDefined": false}, {"meta": "@DEPARTMENT_ABBREVIATION", "alias": "DEPARTMENT_ABBREVIATION", "text": "cpe", "userDefined": false}, {"text": "?", "userDefined": false}], "count": 0, "isTemplate": false}, {"id": "34cc198a-5833-47e2-8a78-558aa470a6b4", "data": [{"text": "Which classes are crosslisted in ", "userDefined": false}, {"meta": "@DEPARTMENT_ABBREVIATION", "alias": "DEPARTMENT_ABBREVIATION", "text": "CSC", "userDefined": false}, {"text": "?", "userDefined": false}], "count": 0, "isTemplate": false}, {"id": "9ad0aff1-5bae-455c-a327-ec61c31ef782", "data": [{"text": "Which classes are crosslisted in ", "userDefined": false}, {"meta": "@DEPARTMENT_ABBREVIATION", "alias": "DEPARTMENT_ABBREVIATION", "text": "cpe", "userDefined": false}, {"text": "?", "userDefined": false}], "count": 0, "isTemplate": false}, {"id": "10aba1f0-c32b-40b7-b233-7524e45fab98", "data": [{"text": "Which classes are crosslisted in ", "userDefined": false}, {"meta": "@DEPARTMENT_ABBREVIATION", "alias": "DEPARTMENT_ABBREVIATION", "text": "CSC", "userDefined": false}, {"text": "?", "userDefined": false}], "count": 0, "isTemplate": false}, {"id": "394c2810-a7f5-4b84-9ef4-c3ab093370bb", "data": [{"text": "Which classes are crosslisted in ", "userDefined": false}, {"meta": "@DEPARTMENT_ABBREVIATION", "alias": "DEPARTMENT_ABBREVIATION", "text": "cpe", "userDefined": false}, {"text": "?", "userDefined": false}], "count": 0, "isTemplate": false}, {"id": "c08a4682-7f02-420c-bdb6-56aced2c6087", "data": [{"text": "Which classes are crosslisted in ", "userDefined": false}, {"meta": "@DEPARTMENT_ABBREVIATION", "alias": "DEPARTMENT_ABBREVIATION", "text": "csc", "userDefined": false}, {"text": "?", "userDefined": false}], "count": 0, "isTemplate": false}, {"id": "85592f71-1c0d-4409-b4b9-6e04916ce820", "data": [{"text": "Which classes are crosslisted in ", "userDefined": false}, {"meta": "@DEPARTMENT_ABBREVIATION", "alias": "DEPARTMENT_ABBREVIATION", "text": "cpe", "userDefined": false}, {"text": "?", "userDefined": false}], "count": 0, "isTemplate": false}]