[{"count": 0, "data": [{"userDefined": false, "text": "Which classes have upper divisional prereqs?"}], "isTemplate": false, "id": "a141eafd-4b2e-4707-aaff-d1998b5b7f94"}, {"count": 0, "data": [{"userDefined": false, "text": "Which courses have upper divisional prerequisite?"}], "isTemplate": false, "id": "106a4674-ddd7-430d-9a7c-72407ac603e9"}, {"count": 0, "data": [{"userDefined": false, "text": "Which classes require upper division prerequisites?"}], "isTemplate": false, "id": "526005f7-a919-430b-ab12-3b586448989e"}, {"count": 0, "data": [{"userDefined": false, "text": "Which classes require upper division prereqs?"}], "isTemplate": false, "id": "98095067-34a8-4536-853b-3ef4d0db68fb"}, {"count": 0, "data": [{"userDefined": false, "text": "Which classes have an upper divisional prerequisite?"}], "isTemplate": false, "id": "af37c6a3-388b-46df-a709-c028791dfc94"}]