[{"count": 0, "data": [{"userDefined": false, "text": "Which courses require a C- or better in another course?"}], "isTemplate": false, "id": "348d16b0-1a1d-4885-8360-6639bc10142d"}, {"count": 0, "data": [{"userDefined": false, "text": "Which classes require a C- or better in another class?"}], "isTemplate": false, "id": "c3a9085a-5438-4be9-b601-9a76f500e06e"}, {"count": 0, "data": [{"userDefined": false, "text": "Which classes do I need a C- or better in another course?"}], "isTemplate": false, "id": "824ef4f2-b27f-4a1d-a2d9-c967477c540b"}, {"count": 0, "data": [{"userDefined": false, "text": "Which classes is there a C- or better required in another course?"}], "isTemplate": false, "id": "215d031b-b6b5-4b66-845b-e98423fbf667"}, {"count": 0, "data": [{"userDefined": false, "text": "Which classes require a C- or better in another course?"}], "isTemplate": false, "id": "f922d27a-45e3-4f97-92bd-baa5883fe85a"}]