[{"count": 0, "data": [{"userDefined": false, "text": "Can I take "}, {"userDefined": false, "meta": "@CLASS_NAME", "alias": "CLASS_NAME", "text": "cooperative education experience"}, {"userDefined": false, "text": " as a tech elective?"}], "isTemplate": false, "id": "9b77b50d-1279-4b3c-8bd8-49984df472ea"}, {"count": 0, "data": [{"userDefined": false, "text": "Would "}, {"userDefined": false, "meta": "@CLASS_NAME", "alias": "CLASS_NAME", "text": "CSC 310"}, {"userDefined": false, "text": " count as a tech elective?"}], "isTemplate": false, "id": "563b8978-cc89-474f-9369-1c58d394c784"}, {"count": 0, "data": [{"userDefined": false, "text": "Can I count "}, {"userDefined": false, "meta": "@CLASS_NAME", "alias": "CLASS_NAME", "text": "cooperative education experience"}, {"userDefined": false, "text": " as a tech elective?"}], "isTemplate": false, "id": "f588fdbe-f322-4600-bf4c-96a8e9f13f8c"}, {"count": 0, "data": [{"userDefined": false, "text": "Can I count "}, {"userDefined": false, "meta": "@CLASS_NAME", "alias": "CLASS_NAME", "text": "CSC 305"}, {"userDefined": false, "text": " for a tech elective?"}], "isTemplate": false, "id": "6054d152-5a19-4fe3-bd06-7ac060f76b8e"}, {"count": 0, "data": [{"userDefined": false, "text": "Can I take "}, {"userDefined": false, "meta": "@CLASS_NAME", "alias": "CLASS_NAME", "text": "CSC 123"}, {"userDefined": false, "text": " towards a tech elective?"}], "isTemplate": false, "id": "50a1d7e5-71a2-47fb-85f1-ef96c2b98572"}, {"count": 0, "data": [{"userDefined": false, "text": "Can I select "}, {"userDefined": false, "meta": "@CLASS_NAME", "alias": "CLASS_NAME", "text": "personal software process"}, {"userDefined": false, "text": " as a tech elective?"}], "isTemplate": false, "id": "5941047b-72aa-40ef-8743-889e49baf843"}]