[{"count": 0, "data": [{"userDefined": false, "text": "Which classes have no upper divisional prereqs?"}], "isTemplate": false, "id": "b0412a06-dd35-416e-b686-0a4dcdbf1544"}, {"count": 0, "data": [{"userDefined": false, "text": "Which courses have no upper divisional prerequisite?"}], "isTemplate": false, "id": "d347ca52-ae23-4f38-a0c6-b333a9a27813"}, {"count": 0, "data": [{"userDefined": false, "text": "Which classes do not have upper division prerequisites?"}], "isTemplate": false, "id": "06558a39-7326-49cf-a05b-5ad5786496a3"}, {"count": 0, "data": [{"userDefined": false, "text": "Which classes don't have upper division prereqs?"}], "isTemplate": false, "id": "afb5e42a-b962-4218-ae59-7c80a4b8c605"}, {"count": 0, "data": [{"userDefined": false, "text": "Which classes have no upper divisional prerequisite?"}], "isTemplate": false, "id": "272d4426-89c2-4f23-8e84-cb91616a321c"}]