[{"count": 0, "data": [{"userDefined": false, "text": "Does "}, {"userDefined": false, "meta": "@CLASS_NAME", "alias": "CLASS_NAME", "text": "scientific-and information visualization"}, {"userDefined": false, "text": " have an upper division prerequisite?"}], "isTemplate": false, "id": "47da6707-e546-4a06-8348-8c783e60c1db"}, {"count": 0, "data": [{"userDefined": false, "text": "Is there an upper division prerequisite for "}, {"userDefined": false, "meta": "@CLASS_NAME", "alias": "CLASS_NAME", "text": "CSC 497"}, {"userDefined": false, "text": "?"}], "isTemplate": false, "id": "2dea68d2-7a7b-4ca6-8c19-6e2b4f02d7c5"}, {"count": 0, "data": [{"userDefined": false, "text": "Are there upper division prerequisites for "}, {"userDefined": false, "meta": "@CLASS_NAME", "alias": "CLASS_NAME", "text": "CSC 508"}, {"userDefined": false, "text": "?"}], "isTemplate": false, "id": "70d864b5-b7cf-4492-883d-c809c96b5955"}, {"count": 0, "data": [{"userDefined": false, "text": "Does "}, {"userDefined": false, "meta": "@CLASS_NAME", "alias": "CLASS_NAME", "text": "CSC 487"}, {"userDefined": false, "text": " have an upper division prereq?"}], "isTemplate": false, "id": "78244bdc-c06d-4710-98cf-750e10d6e096"}, {"count": 0, "data": [{"userDefined": false, "text": "Is there an upper division prereq for "}, {"userDefined": false, "meta": "@CLASS_NAME", "alias": "CLASS_NAME", "text": "artificial intelligence"}, {"userDefined": false, "text": "?"}], "isTemplate": false, "id": "1f3f5748-2ba9-480f-ab68-8bbd18356924"}, {"count": 0, "data": [{"userDefined": false, "text": "Are there upper division prereqs for "}, {"userDefined": false, "meta": "@CLASS_NAME", "alias": "CLASS_NAME", "text": "directed study"}, {"userDefined": false, "text": "?"}], "isTemplate": false, "id": "0b63ee61-05f5-44e1-8852-16a6a45c3e36"}, {"count": 0, "data": [{"userDefined": false, "text": "Does "}, {"userDefined": false, "meta": "@CLASS_NAME", "alias": "CLASS_NAME", "text": "topics-in advanced data mining"}, {"userDefined": false, "text": " have an upper divisional prerequisite?"}], "isTemplate": false, "id": "80f5047c-fc45-4c84-850f-639a75c840f0"}]