[{"count": 0, "data": [{"userDefined": false, "text": "What is the class title for "}, {"userDefined": false, "meta": "@CLASS_NAME", "alias": "CLASS_NAME", "text": "interactive entertainment engineering"}, {"userDefined": false, "text": "?"}], "isTemplate": false, "id": "b7984dfc-3eb9-402e-8022-42e96d39598f"}, {"count": 0, "data": [{"userDefined": false, "text": "What class title is given to "}, {"userDefined": false, "meta": "@CLASS_NAME", "alias": "CLASS_NAME", "text": "introduction-to computer security"}, {"userDefined": false, "text": "?"}], "isTemplate": false, "id": "68dc2035-f578-4ddd-973e-c3bb0405ef10"}, {"count": 0, "data": [{"userDefined": false, "text": "What class title is "}, {"userDefined": false, "meta": "@CLASS_NAME", "alias": "CLASS_NAME", "text": "CSC 469"}, {"userDefined": false, "text": " listed as?"}], "isTemplate": false, "id": "ccad9bf3-cf21-4d07-8b28-617374bc480e"}, {"count": 0, "data": [{"userDefined": false, "text": "Which course title is "}, {"userDefined": false, "meta": "@CLASS_NAME", "alias": "CLASS_NAME", "text": "data structures"}, {"userDefined": false, "text": "?"}], "isTemplate": false, "id": "def3cd8b-3e8a-4bba-acbc-37f87e7aa9fd"}, {"count": 0, "data": [{"userDefined": false, "text": "What is the course title for "}, {"userDefined": false, "meta": "@CLASS_NAME", "alias": "CLASS_NAME", "text": "CSC 560"}, {"userDefined": false, "text": "?"}], "isTemplate": false, "id": "222e413f-5107-40c7-9604-98b3461504fd"}]