[{"count": 0, "data": [{"userDefined": false, "text": "Which courses include group work?"}], "isTemplate": false, "id": "8db8c395-454c-4c82-896b-7c5d5cb9b456"}, {"count": 0, "data": [{"userDefined": false, "text": "Which classes have a lot of group work?"}], "isTemplate": false, "id": "30ca6067-09d9-43e1-a6e7-12fd2988d696"}, {"count": 0, "data": [{"userDefined": false, "text": "What classes can I take that has group work?"}], "isTemplate": false, "id": "db3962d2-d094-4a19-bf5a-28feba1dd109"}, {"count": 0, "data": [{"userDefined": false, "text": "What courses consist of mostly group work?"}], "isTemplate": false, "id": "2f19c17d-43b3-418e-9379-6bb37b868328"}, {"count": 0, "data": [{"userDefined": false, "text": "Which classes include group work?"}], "isTemplate": false, "id": "8e3624c1-9236-4948-833d-46b0eaeb2ce8"}]