[{"count": 0, "data": [{"userDefined": false, "text": "What are prerequisites for taking "}, {"userDefined": false, "meta": "@CLASS_NAME", "alias": "CLASS_NAME", "text": "CSC 496"}, {"userDefined": false, "text": "?"}], "isTemplate": false, "id": "3cd8ba7c-93de-4547-a6c1-e9eff3526cc5"}, {"count": 0, "data": [{"userDefined": false, "text": "What are some prereqs for "}, {"userDefined": false, "meta": "@CLASS_NAME", "alias": "CLASS_NAME", "text": "CSC 236"}, {"userDefined": false, "text": "?"}], "isTemplate": false, "id": "6044e708-9a8e-4ba6-9972-6795c933e6c9"}, {"count": 0, "data": [{"userDefined": false, "text": "What are the prerequisites to take "}, {"userDefined": false, "meta": "@CLASS_NAME", "alias": "CLASS_NAME", "text": "CSC 566"}, {"userDefined": false, "text": "?"}], "isTemplate": false, "id": "36cdc2c9-017d-4ec9-93b6-4b10f40b33d6"}, {"count": 0, "data": [{"userDefined": false, "text": "What are the prereqs to take "}, {"userDefined": false, "meta": "@CLASS_NAME", "alias": "CLASS_NAME", "text": "CSC 509"}, {"userDefined": false, "text": "?"}], "isTemplate": false, "id": "202ca7bb-ca1c-41d9-955a-472966b0208f"}, {"count": 0, "data": [{"userDefined": false, "text": "What are the prerequisites for "}, {"userDefined": false, "meta": "@CLASS_NAME", "alias": "CLASS_NAME", "text": "real-time-3d computer graphics software"}, {"userDefined": false, "text": "?"}], "isTemplate": false, "id": "77a1c9d9-2c3e-4cae-8afb-dd8ad880e956"}]