[{"id": "ca6368f3-3203-4784-8a9b-fc9f67db23d3", "data": [{"text": "Is ", "userDefined": false}, {"meta": "@CLASS_NAME", "alias": "CLASS_NAME", "text": "CSC 323", "userDefined": false}, {"text": " lecture only?", "userDefined": false}], "count": 0, "isTemplate": false}, {"id": "0deb4327-bee2-499c-be86-35157d95896e", "data": [{"text": "Is ", "userDefined": false}, {"meta": "@CLASS_NAME", "alias": "CLASS_NAME", "text": "current topics-in human-computer interaction", "userDefined": false}, {"text": " lecture only?", "userDefined": false}], "count": 0, "isTemplate": false}, {"id": "3fd05235-fe3d-40ca-8d77-0dd0d3c7377b", "data": [{"text": "Is ", "userDefined": false}, {"meta": "@CLASS_NAME", "alias": "CLASS_NAME", "text": "introduction-to computing", "userDefined": false}, {"text": " lecture only?", "userDefined": false}], "count": 0, "isTemplate": false}, {"id": "f5c0d573-b017-48e0-bf3b-f969a4c03c8f", "data": [{"text": "Is ", "userDefined": false}, {"meta": "@CLASS_NAME", "alias": "CLASS_NAME", "text": "software security", "userDefined": false}, {"text": " lecture only?", "userDefined": false}], "count": 0, "isTemplate": false}, {"id": "e3370437-67dc-4cac-8250-af4dcb524e06", "data": [{"text": "Is ", "userDefined": false}, {"meta": "@CLASS_NAME", "alias": "CLASS_NAME", "text": "computers-for poets", "userDefined": false}, {"text": " lecture only?", "userDefined": false}], "count": 0, "isTemplate": false}, {"id": "ff116445-9aa3-481d-9707-1a9937a9f6a5", "data": [{"text": "Is ", "userDefined": false}, {"meta": "@CLASS_NAME", "alias": "CLASS_NAME", "text": "implementation-of operating systems", "userDefined": false}, {"text": " lecture only?", "userDefined": false}], "count": 0, "isTemplate": false}, {"id": "d3ca63e2-2096-4187-b967-a188b1b3c273", "data": [{"text": "Is ", "userDefined": false}, {"meta": "@CLASS_NAME", "alias": "CLASS_NAME", "text": "languages-and translators", "userDefined": false}, {"text": " lecture only?", "userDefined": false}], "count": 0, "isTemplate": false}, {"id": "cf6999e6-954c-450f-8fbd-214248269c20", "data": [{"text": "Is ", "userDefined": false}, {"meta": "@CLASS_NAME", "alias": "CLASS_NAME", "text": "cooperative education experience", "userDefined": false}, {"text": " lecture only?", "userDefined": false}], "count": 0, "isTemplate": false}, {"id": "711c68c4-df09-4eb4-b4af-1acbde6e3202", "data": [{"text": "Is ", "userDefined": false}, {"meta": "@CLASS_NAME", "alias": "CLASS_NAME", "text": "deep learning", "userDefined": false}, {"text": " lecture only?", "userDefined": false}], "count": 0, "isTemplate": false}, {"id": "8f73c9b6-aa7a-49f1-9301-8b3afb52ad1d", "data": [{"text": "Is ", "userDefined": false}, {"meta": "@CLASS_NAME", "alias": "CLASS_NAME", "text": "introduction-to computer organization", "userDefined": false}, {"text": " lecture only?", "userDefined": false}], "count": 0, "isTemplate": false}, {"id": "e7ba0f08-6774-4eac-9ec8-386d3b13732a", "data": [{"text": "Does ", "userDefined": false}, {"meta": "@CLASS_NAME", "alias": "CLASS_NAME", "text": "CSC 445", "userDefined": false}, {"text": " have a lab section?", "userDefined": false}], "count": 0, "isTemplate": false}, {"id": "6c95b905-cac0-4159-84a0-fbce9a6bb04b", "data": [{"text": "Does ", "userDefined": false}, {"meta": "@CLASS_NAME", "alias": "CLASS_NAME", "text": "CSC 599", "userDefined": false}, {"text": " have a lab section?", "userDefined": false}], "count": 0, "isTemplate": false}, {"id": "9b5d94f5-8b67-4544-a146-c346d0785437", "data": [{"text": "Does ", "userDefined": false}, {"meta": "@CLASS_NAME", "alias": "CLASS_NAME", "text": "CSC 436", "userDefined": false}, {"text": " have a lab section?", "userDefined": false}], "count": 0, "isTemplate": false}, {"id": "4155699c-dc1d-49dd-9fc6-31e91a50e769", "data": [{"text": "Does ", "userDefined": false}, {"meta": "@CLASS_NAME", "alias": "CLASS_NAME", "text": "CSC 469", "userDefined": false}, {"text": " have a lab section?", "userDefined": false}], "count": 0, "isTemplate": false}, {"id": "8eaa97e7-028a-4716-80a3-777eaf95d769", "data": [{"text": "Does ", "userDefined": false}, {"meta": "@CLASS_NAME", "alias": "CLASS_NAME", "text": "CSC 540", "userDefined": false}, {"text": " have a lab section?", "userDefined": false}], "count": 0, "isTemplate": false}, {"id": "b3f0f60b-7b39-494e-837f-3a8e00ec3ca7", "data": [{"text": "Does ", "userDefined": false}, {"meta": "@CLASS_NAME", "alias": "CLASS_NAME", "text": "languages-and translators", "userDefined": false}, {"text": " have a lab section?", "userDefined": false}], "count": 0, "isTemplate": false}, {"id": "b522e53e-0999-4b84-b422-aef8f2b524f0", "data": [{"text": "Does ", "userDefined": false}, {"meta": "@CLASS_NAME", "alias": "CLASS_NAME", "text": "knowledge discovery-from data", "userDefined": false}, {"text": " have a lab section?", "userDefined": false}], "count": 0, "isTemplate": false}, {"id": "95c625d3-c910-41dd-9c83-78663709b927", "data": [{"text": "Does ", "userDefined": false}, {"meta": "@CLASS_NAME", "alias": "CLASS_NAME", "text": "programming languages", "userDefined": false}, {"text": " have a lab section?", "userDefined": false}], "count": 0, "isTemplate": false}, {"id": "fd4d9380-57ac-4bfe-97cc-e0b499841032", "data": [{"text": "Does ", "userDefined": false}, {"meta": "@CLASS_NAME", "alias": "CLASS_NAME", "text": "theory-of computation ii", "userDefined": false}, {"text": " have a lab section?", "userDefined": false}], "count": 0, "isTemplate": false}, {"id": "d754dcea-bc1d-4115-a034-d48c71a85dfe", "data": [{"text": "Does ", "userDefined": false}, {"meta": "@CLASS_NAME", "alias": "CLASS_NAME", "text": "CSC 483", "userDefined": false}, {"text": " have a lab section?", "userDefined": false}], "count": 0, "isTemplate": false}]