[{"count": 0, "data": [{"userDefined": false, "text": "Which courses fulfill GE Area "}, {"userDefined": false, "meta": "@GE_AREA", "alias": "GE_AREA", "text": "D1"}, {"userDefined": false, "text": "?"}], "isTemplate": false, "id": "d144b52f-37b0-4cae-8b2d-67d1a63d55c5"}, {"count": 0, "data": [{"userDefined": false, "text": "Which classes can I fulfill my "}, {"userDefined": false, "meta": "@GE_AREA", "alias": "GE_AREA", "text": "A3"}, {"userDefined": false, "text": " with?"}], "isTemplate": false, "id": "5f8b975e-4fc0-4d46-b142-b120bd8096e7"}, {"count": 0, "data": [{"userDefined": false, "text": "Which classes can I get credits for GE Area "}, {"userDefined": false, "meta": "@GE_AREA", "alias": "GE_AREA", "text": "a4"}, {"userDefined": false, "text": " with?"}], "isTemplate": false, "id": "63571c8c-6b76-4a36-a3a3-29777042af9a"}, {"count": 0, "data": [{"userDefined": false, "text": "Which classes give me credits for "}, {"userDefined": false, "meta": "@GE_AREA", "alias": "GE_AREA", "text": "a1"}, {"userDefined": false, "text": "?"}], "isTemplate": false, "id": "b0da9c64-53fb-49e8-b772-97f74455ac96"}, {"count": 0, "data": [{"userDefined": false, "text": "Which classes are possible to get credits for GE Area "}, {"userDefined": false, "meta": "@GE_AREA", "alias": "GE_AREA", "text": "b3"}, {"userDefined": false, "text": "?"}], "isTemplate": false, "id": "e4e901fb-0f4f-4a31-9ea5-c4758daa3a96"}, {"count": 0, "data": [{"userDefined": false, "text": "Which classes fulfill GE Area "}, {"userDefined": false, "meta": "@GE_AREA", "alias": "GE_AREA", "text": "a3"}, {"userDefined": false, "text": "?"}], "isTemplate": false, "id": "3cb44fe0-e447-4c0d-97a8-313dfa5b070e"}]