[{"count": 0, "data": [{"userDefined": false, "text": "Does "}, {"userDefined": false, "meta": "@CLASS_NAME", "alias": "CLASS_NAME", "text": "CSC 491"}, {"userDefined": false, "text": " count for more units than "}, {"userDefined": false, "meta": "@CLASS_NAME", "alias": "CLASS_NAME", "text": "computers-for poets"}, {"userDefined": false, "text": "?"}], "isTemplate": false, "id": "dd882005-a449-47a1-a4d2-92ffc0e86aec"}, {"count": 0, "data": [{"userDefined": false, "text": "Can I get more units taking "}, {"userDefined": false, "meta": "@CLASS_NAME", "alias": "CLASS_NAME", "text": "CSC 486"}, {"userDefined": false, "text": " than "}, {"userDefined": false, "meta": "@CLASS_NAME", "alias": "CLASS_NAME", "text": "database modeling, design-and implementation"}, {"userDefined": false, "text": "?"}], "isTemplate": false, "id": "d9e688be-f2a4-4eb5-bb30-2c63c948237e"}, {"count": 0, "data": [{"userDefined": false, "text": "Is "}, {"userDefined": false, "meta": "@CLASS_NAME", "alias": "CLASS_NAME", "text": "design-and analysis-of algorithms"}, {"userDefined": false, "text": " listed for more units than "}, {"userDefined": false, "meta": "@CLASS_NAME", "alias": "CLASS_NAME", "text": "CSC 530"}, {"userDefined": false, "text": "?"}], "isTemplate": false, "id": "7dda2bc1-1f3c-4a03-a317-e11668fd46db"}, {"count": 0, "data": [{"userDefined": false, "text": "Is "}, {"userDefined": false, "meta": "@CLASS_NAME", "alias": "CLASS_NAME", "text": "interactive entertainment engineering"}, {"userDefined": false, "text": " worth more credits than "}, {"userDefined": false, "meta": "@CLASS_NAME", "alias": "CLASS_NAME", "text": "CSC 596"}, {"userDefined": false, "text": "?"}], "isTemplate": false, "id": "2d08c718-9615-43cc-9e88-80eb7ea34ae0"}, {"count": 0, "data": [{"userDefined": false, "text": "Is "}, {"userDefined": false, "meta": "@CLASS_NAME", "alias": "CLASS_NAME", "text": "CSC 489"}, {"userDefined": false, "text": " worth more units than "}, {"userDefined": false, "meta": "@CLASS_NAME", "alias": "CLASS_NAME", "text": "knowledge discovery-from data"}, {"userDefined": false, "text": "?"}], "isTemplate": false, "id": "db3093bc-95d4-4bb3-88d8-c09805edf5ce"}]