[{"count": 0, "data": [{"userDefined": false, "text": "What classes are only offered in the "}, {"userDefined": false, "meta": "@QUARTER", "alias": "QUARTER", "text": "Winter"}, {"userDefined": false, "text": "?"}], "isTemplate": false, "id": "4b2cf74c-3e89-4530-a848-f17e9d05c0df"}, {"count": 0, "data": [{"userDefined": false, "text": "Which classes are only taught during the "}, {"userDefined": false, "meta": "@QUARTER", "alias": "QUARTER", "text": "Summer"}, {"userDefined": false, "text": "?"}], "isTemplate": false, "id": "ce92d4ac-e404-451f-84cb-ccb043e4b80d"}, {"count": 0, "data": [{"userDefined": false, "text": "Which courses are only taught in the "}, {"userDefined": false, "meta": "@QUARTER", "alias": "QUARTER", "text": "Fall"}, {"userDefined": false, "text": "?"}], "isTemplate": false, "id": "7126cce8-6b44-476c-a8c9-a3a9732cc3fc"}, {"count": 0, "data": [{"userDefined": false, "text": "Which classes are only taught during "}, {"userDefined": false, "meta": "@QUARTER", "alias": "QUARTER", "text": "Fall"}, {"userDefined": false, "text": " quarter?"}], "isTemplate": false, "id": "281ef509-0a25-47aa-9721-8b29688fed9a"}, {"count": 0, "data": [{"userDefined": false, "text": "Which courses are only taught in "}, {"userDefined": false, "meta": "@QUARTER", "alias": "QUARTER", "text": "Winter"}, {"userDefined": false, "text": "?"}], "isTemplate": false, "id": "7da0d103-b170-4d73-b115-1bbc0595afed"}, {"count": 0, "data": [{"userDefined": false, "text": "What courses are only offered in the "}, {"userDefined": false, "meta": "@QUARTER", "alias": "QUARTER", "text": "Fall"}, {"userDefined": false, "text": "?"}], "isTemplate": false, "id": "597577c1-9d23-4b64-9e35-eb996c14b483"}, {"count": 0, "data": [{"userDefined": false, "text": "Which courses are only taught during the "}, {"userDefined": false, "meta": "@QUARTER", "alias": "QUARTER", "text": "Fall"}, {"userDefined": false, "text": "?"}], "isTemplate": false, "id": "a5cb4a78-41fb-4ec0-9432-9b7ae4aac70a"}, {"count": 0, "data": [{"userDefined": false, "text": "Which classes are only taught in the "}, {"userDefined": false, "meta": "@QUARTER", "alias": "QUARTER", "text": "Winter"}, {"userDefined": false, "text": "?"}], "isTemplate": false, "id": "5993efa7-e1ed-454c-81f0-a245a4584022"}]