[{"count": 0, "data": [{"userDefined": false, "text": "Which courses are project based?"}], "isTemplate": false, "id": "c25843c0-6833-4a01-b5fb-26bd78a8c4af"}, {"count": 0, "data": [{"userDefined": false, "text": "Which classes have a lot of projects?"}], "isTemplate": false, "id": "fa30637b-e71d-445b-9abc-25927b3302f5"}, {"count": 0, "data": [{"userDefined": false, "text": "What classes can I take that have a lot of projects?"}], "isTemplate": false, "id": "e2a7bfb6-d65c-4f76-b7a2-836906e1d0f9"}, {"count": 0, "data": [{"userDefined": false, "text": "What courses consist of mostly projects?"}], "isTemplate": false, "id": "6f577cda-4d79-46bc-a06e-ba36e93222e2"}, {"count": 0, "data": [{"userDefined": false, "text": "Which classes are project based?"}], "isTemplate": false, "id": "d3d3924f-f775-4fef-9c34-61dde1f567d1"}]