[{"count": 0, "data": [{"userDefined": false, "text": "Would "}, {"userDefined": false, "meta": "@CLASS_NAME", "alias": "CLASS_NAME", "text": "computing-for interactive arts capstone i"}, {"userDefined": false, "text": " include "}, {"userDefined": false, "meta": "@SUBJECT_MATTER", "alias": "SUBJECT_MATTER", "text": "browser"}, {"userDefined": false, "text": "?"}], "isTemplate": false, "id": "fc029433-d2ab-4c6c-a1f1-9962b41ebe94"}, {"count": 0, "data": [{"userDefined": false, "text": "Does "}, {"userDefined": false, "meta": "@CLASS_NAME", "alias": "CLASS_NAME", "text": "CSC 325"}, {"userDefined": false, "text": " consist of "}, {"userDefined": false, "meta": "@SUBJECT_MATTER", "alias": "SUBJECT_MATTER", "text": "scheduling"}, {"userDefined": false, "text": "?"}], "isTemplate": false, "id": "4046ed5e-8a27-4d53-ba36-7ab639cf59aa"}, {"count": 0, "data": [{"userDefined": false, "text": "Is "}, {"userDefined": false, "meta": "@SUBJECT_MATTER", "alias": "SUBJECT_MATTER", "text": "theory"}, {"userDefined": false, "text": " included in "}, {"userDefined": false, "meta": "@CLASS_NAME", "alias": "CLASS_NAME", "text": "introduction-to operating systems"}, {"userDefined": false, "text": "?"}], "isTemplate": false, "id": "48e98aa0-24a9-4d29-95ea-d5f351577c25"}, {"count": 0, "data": [{"userDefined": false, "text": "Is "}, {"userDefined": false, "meta": "@SUBJECT_MATTER", "alias": "SUBJECT_MATTER", "text": "expression"}, {"userDefined": false, "text": "? taught in "}, {"userDefined": false, "meta": "@CLASS_NAME", "alias": "CLASS_NAME", "text": "CSC 458"}, {"userDefined": false, "text": "?"}], "isTemplate": false, "id": "b660ef37-03e2-4db8-8019-cc01823305d4"}, {"count": 0, "data": [{"userDefined": false, "text": "Does "}, {"userDefined": false, "meta": "@CLASS_NAME", "alias": "CLASS_NAME", "text": "CSC 234"}, {"userDefined": false, "text": " include "}, {"userDefined": false, "meta": "@SUBJECT_MATTER", "alias": "SUBJECT_MATTER", "text": "individual investigation"}, {"userDefined": false, "text": "?"}], "isTemplate": false, "id": "c626dcb7-9168-4e8b-9248-3ac8a7218f61"}]