[{"id": "3c95c443-702c-4871-86c3-992f16c8fa53", "data": [{"text": "What are prerequisites for taking ", "userDefined": false}, {"meta": "@CLASS_NAME", "alias": "CLASS_NAME", "text": "CSC 572", "userDefined": false}, {"text": "?", "userDefined": false}], "count": 0, "isTemplate": false}, {"id": "7f186704-cab8-418e-a462-ca030bb0e135", "data": [{"text": "What are prerequisites for taking ", "userDefined": false}, {"meta": "@CLASS_NAME", "alias": "CLASS_NAME", "text": "CSC 593", "userDefined": false}, {"text": "?", "userDefined": false}], "count": 0, "isTemplate": false}, {"id": "ab1155cb-4a02-471f-a4d5-1f1ae12bd09d", "data": [{"text": "What are prerequisites for taking ", "userDefined": false}, {"meta": "@CLASS_NAME", "alias": "CLASS_NAME", "text": "cooperative education experience", "userDefined": false}, {"text": "?", "userDefined": false}], "count": 0, "isTemplate": false}, {"id": "2ace67e7-207b-40b2-9df2-007ef30e3a6b", "data": [{"text": "What are prerequisites for taking ", "userDefined": false}, {"meta": "@CLASS_NAME", "alias": "CLASS_NAME", "text": "CSC 580", "userDefined": false}, {"text": "?", "userDefined": false}], "count": 0, "isTemplate": false}, {"id": "8f85ff7e-dc6f-4258-a364-8c7efb376a82", "data": [{"text": "What are prerequisites for taking ", "userDefined": false}, {"meta": "@CLASS_NAME", "alias": "CLASS_NAME", "text": "project-based object-oriented programming-and design", "userDefined": false}, {"text": "?", "userDefined": false}], "count": 0, "isTemplate": false}, {"id": "bcbe36ed-ce19-4625-bad5-5feb21fa2837", "data": [{"text": "What are prerequisites for taking ", "userDefined": false}, {"meta": "@CLASS_NAME", "alias": "CLASS_NAME", "text": "CSC 448", "userDefined": false}, {"text": "?", "userDefined": false}], "count": 0, "isTemplate": false}, {"id": "6d48df44-6843-4145-b753-893b1059b07f", "data": [{"text": "What are prerequisites for taking ", "userDefined": false}, {"meta": "@CLASS_NAME", "alias": "CLASS_NAME", "text": "cooperative education experience", "userDefined": false}, {"text": "?", "userDefined": false}], "count": 0, "isTemplate": false}, {"id": "1ae93724-f275-49e6-93aa-7507303a3fa1", "data": [{"text": "What are prerequisites for taking ", "userDefined": false}, {"meta": "@CLASS_NAME", "alias": "CLASS_NAME", "text": "CSC 490", "userDefined": false}, {"text": "?", "userDefined": false}], "count": 0, "isTemplate": false}, {"id": "54bd1b2c-05ee-4698-8d66-d510dae15866", "data": [{"text": "What are prerequisites for taking ", "userDefined": false}, {"meta": "@CLASS_NAME", "alias": "CLASS_NAME", "text": "computer animation", "userDefined": false}, {"text": "?", "userDefined": false}], "count": 0, "isTemplate": false}, {"id": "e63532e7-174c-43dc-bf46-4be64bb477e5", "data": [{"text": "What are prerequisites for taking ", "userDefined": false}, {"meta": "@CLASS_NAME", "alias": "CLASS_NAME", "text": "CSC 378", "userDefined": false}, {"text": "?", "userDefined": false}], "count": 0, "isTemplate": false}, {"id": "f22f5462-1a68-415c-8b05-9c808862df90", "data": [{"text": "What are some prereqs for ", "userDefined": false}, {"meta": "@CLASS_NAME", "alias": "CLASS_NAME", "text": "CSC 597", "userDefined": false}, {"text": "?", "userDefined": false}], "count": 0, "isTemplate": false}, {"id": "4c312f52-849b-4649-a642-8eee1d3300c2", "data": [{"text": "What are some prereqs for ", "userDefined": false}, {"meta": "@CLASS_NAME", "alias": "CLASS_NAME", "text": "CSC 308", "userDefined": false}, {"text": "?", "userDefined": false}], "count": 0, "isTemplate": false}, {"id": "e0aac42b-7307-4a74-82ae-0be245961e2c", "data": [{"text": "What are some prereqs for ", "userDefined": false}, {"meta": "@CLASS_NAME", "alias": "CLASS_NAME", "text": "languages-and translators", "userDefined": false}, {"text": "?", "userDefined": false}], "count": 0, "isTemplate": false}, {"id": "3d46e0f4-97de-4d28-b973-f64779164e3d", "data": [{"text": "What are some prereqs for ", "userDefined": false}, {"meta": "@CLASS_NAME", "alias": "CLASS_NAME", "text": "project-based object-oriented programming-and design", "userDefined": false}, {"text": "?", "userDefined": false}], "count": 0, "isTemplate": false}, {"id": "4cba8142-00c0-4c1c-a6bd-f7a782668ec9", "data": [{"text": "What are some prereqs for ", "userDefined": false}, {"meta": "@CLASS_NAME", "alias": "CLASS_NAME", "text": "teaching computing", "userDefined": false}, {"text": "?", "userDefined": false}], "count": 0, "isTemplate": false}, {"id": "28d3dda3-ca07-4f3f-b407-e3a572b09b7c", "data": [{"text": "What are some prereqs for ", "userDefined": false}, {"meta": "@CLASS_NAME", "alias": "CLASS_NAME", "text": "senior project-- software deployment", "userDefined": false}, {"text": "?", "userDefined": false}], "count": 0, "isTemplate": false}, {"id": "f7bdf7a8-a1a5-424a-ac34-93f2cd6fb67c", "data": [{"text": "What are some prereqs for ", "userDefined": false}, {"meta": "@CLASS_NAME", "alias": "CLASS_NAME", "text": "special problems", "userDefined": false}, {"text": "?", "userDefined": false}], "count": 0, "isTemplate": false}, {"id": "986e741f-021b-4061-8e0c-e3c2108ea192", "data": [{"text": "What are some prereqs for ", "userDefined": false}, {"meta": "@CLASS_NAME", "alias": "CLASS_NAME", "text": "CSC 496", "userDefined": false}, {"text": "?", "userDefined": false}], "count": 0, "isTemplate": false}, {"id": "e5054cac-d7a5-4d6e-872c-df8d5e57bd23", "data": [{"text": "What are some prereqs for ", "userDefined": false}, {"meta": "@CLASS_NAME", "alias": "CLASS_NAME", "text": "CSC 308", "userDefined": false}, {"text": "?", "userDefined": false}], "count": 0, "isTemplate": false}, {"id": "d22c16c8-5cd0-480b-ba7c-c577c6aadd93", "data": [{"text": "What are some prereqs for ", "userDefined": false}, {"meta": "@CLASS_NAME", "alias": "CLASS_NAME", "text": "introduction-to mixed reality", "userDefined": false}, {"text": "?", "userDefined": false}], "count": 0, "isTemplate": false}, {"id": "2d532baa-7544-4725-b459-4b6f2c83c827", "data": [{"text": "What are the prerequisites to take ", "userDefined": false}, {"meta": "@CLASS_NAME", "alias": "CLASS_NAME", "text": "CSC 308", "userDefined": false}, {"text": "?", "userDefined": false}], "count": 0, "isTemplate": false}, {"id": "c3d60d6b-07b0-41d0-8093-c989d6156ec1", "data": [{"text": "What are the prerequisites to take ", "userDefined": false}, {"meta": "@CLASS_NAME", "alias": "CLASS_NAME", "text": "CSC 234", "userDefined": false}, {"text": "?", "userDefined": false}], "count": 0, "isTemplate": false}, {"id": "98695997-a0fb-44ff-90e5-b56bf8bcc31a", "data": [{"text": "What are the prerequisites to take ", "userDefined": false}, {"meta": "@CLASS_NAME", "alias": "CLASS_NAME", "text": "computer security", "userDefined": false}, {"text": "?", "userDefined": false}], "count": 0, "isTemplate": false}, {"id": "8a264a30-2be2-4ed7-9f2b-673d851c512b", "data": [{"text": "What are the prerequisites to take ", "userDefined": false}, {"meta": "@CLASS_NAME", "alias": "CLASS_NAME", "text": "computer support-for knowledge management", "userDefined": false}, {"text": "?", "userDefined": false}], "count": 0, "isTemplate": false}, {"id": "46c991ac-cc43-42bf-8bf6-d537de084eaa", "data": [{"text": "What are the prerequisites to take ", "userDefined": false}, {"meta": "@CLASS_NAME", "alias": "CLASS_NAME", "text": "CSC 202", "userDefined": false}, {"text": "?", "userDefined": false}], "count": 0, "isTemplate": false}, {"id": "fc12ff4c-efd1-4833-bca5-04a381d5475f", "data": [{"text": "What are the prerequisites to take ", "userDefined": false}, {"meta": "@CLASS_NAME", "alias": "CLASS_NAME", "text": "CSC 231", "userDefined": false}, {"text": "?", "userDefined": false}], "count": 0, "isTemplate": false}, {"id": "dee65204-07ef-4aeb-87c8-635ca7ac9e31", "data": [{"text": "What are the prerequisites to take ", "userDefined": false}, {"meta": "@CLASS_NAME", "alias": "CLASS_NAME", "text": "software evaluation", "userDefined": false}, {"text": "?", "userDefined": false}], "count": 0, "isTemplate": false}, {"id": "40f67ec8-081a-402d-b8a4-eb957648e0a5", "data": [{"text": "What are the prerequisites to take ", "userDefined": false}, {"meta": "@CLASS_NAME", "alias": "CLASS_NAME", "text": "senior project i", "userDefined": false}, {"text": "?", "userDefined": false}], "count": 0, "isTemplate": false}, {"id": "57c0254a-20b6-4c97-974d-d780b811b72c", "data": [{"text": "What are the prerequisites to take ", "userDefined": false}, {"meta": "@CLASS_NAME", "alias": "CLASS_NAME", "text": "special problems", "userDefined": false}, {"text": "?", "userDefined": false}], "count": 0, "isTemplate": false}, {"id": "558a034c-293b-4b5a-aba0-d49d6af90588", "data": [{"text": "What are the prerequisites to take ", "userDefined": false}, {"meta": "@CLASS_NAME", "alias": "CLASS_NAME", "text": "computer security", "userDefined": false}, {"text": "?", "userDefined": false}], "count": 0, "isTemplate": false}, {"id": "c359d1d8-8366-4676-9ebf-508e716b6611", "data": [{"text": "What are the prereqs to take ", "userDefined": false}, {"meta": "@CLASS_NAME", "alias": "CLASS_NAME", "text": "software construction", "userDefined": false}, {"text": "?", "userDefined": false}], "count": 0, "isTemplate": false}, {"id": "59c23b04-2b76-4e82-9483-f039913a76f2", "data": [{"text": "What are the prereqs to take ", "userDefined": false}, {"meta": "@CLASS_NAME", "alias": "CLASS_NAME", "text": "CSC 481", "userDefined": false}, {"text": "?", "userDefined": false}], "count": 0, "isTemplate": false}, {"id": "147260d0-2846-4f2e-a6b9-b1eb2b0a8bae", "data": [{"text": "What are the prereqs to take ", "userDefined": false}, {"meta": "@CLASS_NAME", "alias": "CLASS_NAME", "text": "CSC 550", "userDefined": false}, {"text": "?", "userDefined": false}], "count": 0, "isTemplate": false}, {"id": "a9a14f4a-3fc2-4b3d-83ef-03dfc04076a2", "data": [{"text": "What are the prereqs to take ", "userDefined": false}, {"meta": "@CLASS_NAME", "alias": "CLASS_NAME", "text": "CSC 105", "userDefined": false}, {"text": "?", "userDefined": false}], "count": 0, "isTemplate": false}, {"id": "07b59394-7c09-4d48-abb7-5582f67f9287", "data": [{"text": "What are the prereqs to take ", "userDefined": false}, {"meta": "@CLASS_NAME", "alias": "CLASS_NAME", "text": "computer architecture", "userDefined": false}, {"text": "?", "userDefined": false}], "count": 0, "isTemplate": false}, {"id": "42de34b6-a90e-4542-aff3-0482c6ed4478", "data": [{"text": "What are the prereqs to take ", "userDefined": false}, {"meta": "@CLASS_NAME", "alias": "CLASS_NAME", "text": "software engineering ii", "userDefined": false}, {"text": "?", "userDefined": false}], "count": 0, "isTemplate": false}, {"id": "00066590-2069-47ca-832d-abe379e01f76", "data": [{"text": "What are the prereqs to take ", "userDefined": false}, {"meta": "@CLASS_NAME", "alias": "CLASS_NAME", "text": "CSC 508", "userDefined": false}, {"text": "?", "userDefined": false}], "count": 0, "isTemplate": false}, {"id": "19d3952a-29a1-4fc6-b1f4-fc13d3c4bb96", "data": [{"text": "What are the prereqs to take ", "userDefined": false}, {"meta": "@CLASS_NAME", "alias": "CLASS_NAME", "text": "network-and web security", "userDefined": false}, {"text": "?", "userDefined": false}], "count": 0, "isTemplate": false}, {"id": "9959debf-7c34-44e4-9d1f-219d6620ccad", "data": [{"text": "What are the prereqs to take ", "userDefined": false}, {"meta": "@CLASS_NAME", "alias": "CLASS_NAME", "text": "computer programming-for scientists-and engineers", "userDefined": false}, {"text": "?", "userDefined": false}], "count": 0, "isTemplate": false}, {"id": "459b22bb-e5ae-428a-ba4b-ec64e786ff90", "data": [{"text": "What are the prereqs to take ", "userDefined": false}, {"meta": "@CLASS_NAME", "alias": "CLASS_NAME", "text": "CSC 564", "userDefined": false}, {"text": "?", "userDefined": false}], "count": 0, "isTemplate": false}, {"id": "ba82593d-70b5-49c3-9d70-5e0d809de50c", "data": [{"text": "What are the prerequisites for ", "userDefined": false}, {"meta": "@CLASS_NAME", "alias": "CLASS_NAME", "text": "CSC 466", "userDefined": false}, {"text": "?", "userDefined": false}], "count": 0, "isTemplate": false}, {"id": "d0fa2369-3380-4da9-b625-4f3bd8e1accf", "data": [{"text": "What are the prerequisites for ", "userDefined": false}, {"meta": "@CLASS_NAME", "alias": "CLASS_NAME", "text": "human-computer interaction theory-and design", "userDefined": false}, {"text": "?", "userDefined": false}], "count": 0, "isTemplate": false}, {"id": "95e5e320-f584-4889-8ff1-cec26ff60a58", "data": [{"text": "What are the prerequisites for ", "userDefined": false}, {"meta": "@CLASS_NAME", "alias": "CLASS_NAME", "text": "CSC 590", "userDefined": false}, {"text": "?", "userDefined": false}], "count": 0, "isTemplate": false}, {"id": "f3039eaf-81a3-4661-8bb7-a1e59a19697d", "data": [{"text": "What are the prerequisites for ", "userDefined": false}, {"meta": "@CLASS_NAME", "alias": "CLASS_NAME", "text": "cooperative education experience", "userDefined": false}, {"text": "?", "userDefined": false}], "count": 0, "isTemplate": false}, {"id": "470ca484-cc5b-4cc6-a8ec-51240085e589", "data": [{"text": "What are the prerequisites for ", "userDefined": false}, {"meta": "@CLASS_NAME", "alias": "CLASS_NAME", "text": "current topics-in computer security", "userDefined": false}, {"text": "?", "userDefined": false}], "count": 0, "isTemplate": false}, {"id": "cc7a40c4-d2a3-461f-a7f7-a22542889ed7", "data": [{"text": "What are the prerequisites for ", "userDefined": false}, {"meta": "@CLASS_NAME", "alias": "CLASS_NAME", "text": "CSC 494", "userDefined": false}, {"text": "?", "userDefined": false}], "count": 0, "isTemplate": false}, {"id": "8a42f38c-1190-4cf6-8f03-dd01f83acfee", "data": [{"text": "What are the prerequisites for ", "userDefined": false}, {"meta": "@CLASS_NAME", "alias": "CLASS_NAME", "text": "CSC 303", "userDefined": false}, {"text": "?", "userDefined": false}], "count": 0, "isTemplate": false}, {"id": "f0a15afb-a5cc-4641-ac72-532236c04bde", "data": [{"text": "What are the prerequisites for ", "userDefined": false}, {"meta": "@CLASS_NAME", "alias": "CLASS_NAME", "text": "fundamentals-of computer science-for scientists-and engineers i", "userDefined": false}, {"text": "?", "userDefined": false}], "count": 0, "isTemplate": false}, {"id": "e569f23c-5a74-40a0-9403-a4911258d835", "data": [{"text": "What are the prerequisites for ", "userDefined": false}, {"meta": "@CLASS_NAME", "alias": "CLASS_NAME", "text": "teaching computing", "userDefined": false}, {"text": "?", "userDefined": false}], "count": 0, "isTemplate": false}, {"id": "ca74970e-bfb7-439b-9956-8d757c0e9d65", "data": [{"text": "What are the prerequisites for ", "userDefined": false}, {"meta": "@CLASS_NAME", "alias": "CLASS_NAME", "text": "cryptography engineering", "userDefined": false}, {"text": "?", "userDefined": false}], "count": 0, "isTemplate": false}]