[{"count": 0, "data": [{"userDefined": false, "text": "Does "}, {"userDefined": false, "meta": "@CLASS_NAME", "alias": "CLASS_NAME", "text": "CSC 349"}, {"userDefined": false, "text": " have a limit in total credit?"}], "isTemplate": false, "id": "1fad7e15-9655-4741-bc78-47cab6007b25"}, {"count": 0, "data": [{"userDefined": false, "text": "Is "}, {"userDefined": false, "meta": "@CLASS_NAME", "alias": "CLASS_NAME", "text": "CSC 521"}, {"userDefined": false, "text": " limited by total credit?"}], "isTemplate": false, "id": "9fd774a4-64b7-4e9a-8969-42de93c91ff2"}, {"count": 0, "data": [{"userDefined": false, "text": "Is total credit limited for "}, {"userDefined": false, "meta": "@CLASS_NAME", "alias": "CLASS_NAME", "text": "CSC 492"}, {"userDefined": false, "text": "?"}], "isTemplate": false, "id": "b73699be-ec26-4dd8-b216-f3b7e333f0b4"}, {"count": 0, "data": [{"userDefined": false, "text": "Is total credit limited for taking "}, {"userDefined": false, "meta": "@CLASS_NAME", "alias": "CLASS_NAME", "text": "CSC 123"}, {"userDefined": false, "text": "?"}], "isTemplate": false, "id": "e27c3c80-1ca9-4903-ac35-4667c18c769e"}, {"count": 0, "data": [{"userDefined": false, "text": "Is there a limit on total credit for "}, {"userDefined": false, "meta": "@CLASS_NAME", "alias": "CLASS_NAME", "text": "CSC 406"}, {"userDefined": false, "text": "?"}], "isTemplate": false, "id": "b8e26c1e-4e21-4fa5-87aa-44ed9d0a2e1d"}, {"count": 0, "data": [{"userDefined": false, "text": "Is "}, {"userDefined": false, "meta": "@CLASS_NAME", "alias": "CLASS_NAME", "text": "CSC 320"}, {"userDefined": false, "text": " limited in total credit?"}], "isTemplate": false, "id": "10b93aa9-70c4-4efd-a769-c7bb9746505b"}]