[{"count": 0, "data": [{"userDefined": false, "text": "How is "}, {"userDefined": false, "meta": "@CLASS_NAME", "alias": "CLASS_NAME", "text": "CSC 494"}, {"userDefined": false, "text": " structured?"}], "isTemplate": false, "id": "7f785074-c773-4e06-86ea-c56d7d6de5d9"}, {"count": 0, "data": [{"userDefined": false, "text": "What does the structure of "}, {"userDefined": false, "meta": "@CLASS_NAME", "alias": "CLASS_NAME", "text": "CSC 492"}, {"userDefined": false, "text": " look like?"}], "isTemplate": false, "id": "1a5ea0ed-7b23-4264-a76d-e7a09774c747"}, {"count": 0, "data": [{"userDefined": false, "text": "How is "}, {"userDefined": false, "meta": "@CLASS_NAME", "alias": "CLASS_NAME", "text": "introduction-to distributed computing"}, {"userDefined": false, "text": " layed out?"}], "isTemplate": false, "id": "b2545524-8860-499c-83f9-fafcc63a6840"}, {"count": 0, "data": [{"userDefined": false, "text": "What is the structure of "}, {"userDefined": false, "meta": "@CLASS_NAME", "alias": "CLASS_NAME", "text": "CSC 468"}, {"userDefined": false, "text": " like?"}], "isTemplate": false, "id": "25da8a2c-d033-48d4-9d06-8613893a86b3"}, {"count": 0, "data": [{"userDefined": false, "text": "What is the structure of "}, {"userDefined": false, "meta": "@CLASS_NAME", "alias": "CLASS_NAME", "text": "implementation-of operating systems"}, {"userDefined": false, "text": "?"}], "isTemplate": false, "id": "a2a11548-ec2d-4b6c-97a9-a95e98b0a1a7"}]