[{"id": "ca36e04d-4b93-4b97-83a6-5145cd81dacf", "data": [{"text": "Which courses are credit/no credit grading only?", "userDefined": false}], "count": 0, "isTemplate": false}, {"id": "20075ca3-7362-431a-9345-81e0ca5e8a07", "data": [{"text": "Which courses are credit/no credit grading only?", "userDefined": false}], "count": 0, "isTemplate": false}, {"id": "b0a07b58-546f-46d3-aa67-ed6909f3afcf", "data": [{"text": "Which courses are credit/no credit grading only?", "userDefined": false}], "count": 0, "isTemplate": false}, {"id": "a4f77123-e16f-4dc7-92ab-21fed6b51193", "data": [{"text": "Which courses are credit/no credit grading only?", "userDefined": false}], "count": 0, "isTemplate": false}, {"id": "288c10bf-4e8e-4b30-8814-05ce5355296f", "data": [{"text": "Which courses are credit/no credit grading only?", "userDefined": false}], "count": 0, "isTemplate": false}, {"id": "393bd33f-1e0d-43d4-ace1-7dfbad62abb6", "data": [{"text": "Which courses are credit/no credit grading only?", "userDefined": false}], "count": 0, "isTemplate": false}, {"id": "853460e8-6168-44bd-a90b-6966a8e9cf9b", "data": [{"text": "Which courses are credit/no credit grading only?", "userDefined": false}], "count": 0, "isTemplate": false}, {"id": "1e1abaf8-12d5-4a03-aa0f-8bb4f2416c63", "data": [{"text": "Which courses are credit/no credit grading only?", "userDefined": false}], "count": 0, "isTemplate": false}, {"id": "dc24cf07-750b-4799-860d-2dcf17dfe253", "data": [{"text": "Which courses are credit/no credit grading only?", "userDefined": false}], "count": 0, "isTemplate": false}, {"id": "8cade6fa-be81-4fa0-8e65-45abd2454b23", "data": [{"text": "Which courses are credit/no credit grading only?", "userDefined": false}], "count": 0, "isTemplate": false}, {"id": "6e9f83e1-94e9-4a02-bb90-a01232222c19", "data": [{"text": "Which classes are credit or no credit grading only?", "userDefined": false}], "count": 0, "isTemplate": false}, {"id": "14778f69-aeb1-4e0d-85ff-a4c655e3f021", "data": [{"text": "Which classes are credit or no credit grading only?", "userDefined": false}], "count": 0, "isTemplate": false}, {"id": "ad61a6b3-752f-4377-ad61-c587dce88ffc", "data": [{"text": "Which classes are credit or no credit grading only?", "userDefined": false}], "count": 0, "isTemplate": false}, {"id": "dadc9e0a-d072-41c0-8f7f-55f3e824ba05", "data": [{"text": "Which classes are credit or no credit grading only?", "userDefined": false}], "count": 0, "isTemplate": false}, {"id": "b71307ed-600a-4098-ade5-b967e02afd7a", "data": [{"text": "Which classes are credit or no credit grading only?", "userDefined": false}], "count": 0, "isTemplate": false}, {"id": "8334666b-91bf-42e5-b078-45897b1d7885", "data": [{"text": "Which classes are credit or no credit grading only?", "userDefined": false}], "count": 0, "isTemplate": false}, {"id": "ef84b563-027d-4ce2-b420-32ac2c10160a", "data": [{"text": "Which classes are credit or no credit grading only?", "userDefined": false}], "count": 0, "isTemplate": false}, {"id": "209453c6-7887-4d4b-81d1-0a180a7a3abf", "data": [{"text": "Which classes are credit or no credit grading only?", "userDefined": false}], "count": 0, "isTemplate": false}, {"id": "548e8194-92ac-4a0c-955e-365e95d603d8", "data": [{"text": "Which classes are credit or no credit grading only?", "userDefined": false}], "count": 0, "isTemplate": false}, {"id": "d05af7b1-224f-4fea-9d8c-8a3b3c098af7", "data": [{"text": "Which classes are credit or no credit grading only?", "userDefined": false}], "count": 0, "isTemplate": false}, {"id": "804004ae-c065-4e73-8c71-6cdabf22c506", "data": [{"text": "Which classes can only be taken credit or no credit?", "userDefined": false}], "count": 0, "isTemplate": false}, {"id": "0e071bc0-ddd1-4e92-9db1-317925edaf26", "data": [{"text": "Which classes can only be taken credit or no credit?", "userDefined": false}], "count": 0, "isTemplate": false}, {"id": "fbce924a-7090-4516-9f37-4284f357273c", "data": [{"text": "Which classes can only be taken credit or no credit?", "userDefined": false}], "count": 0, "isTemplate": false}, {"id": "b4454ea8-356a-470d-976f-58614302d0e6", "data": [{"text": "Which classes can only be taken credit or no credit?", "userDefined": false}], "count": 0, "isTemplate": false}, {"id": "1900d27b-0550-4138-9524-22e9e64cc555", "data": [{"text": "Which classes can only be taken credit or no credit?", "userDefined": false}], "count": 0, "isTemplate": false}, {"id": "0bc6ea0d-bf68-48b1-bd48-eced83c9ec0d", "data": [{"text": "Which classes can only be taken credit or no credit?", "userDefined": false}], "count": 0, "isTemplate": false}, {"id": "76fa29db-ee4f-49ec-b3e6-856eb9135ad3", "data": [{"text": "Which classes can only be taken credit or no credit?", "userDefined": false}], "count": 0, "isTemplate": false}, {"id": "61faada7-b5bc-4392-98f0-9b5a6ef2fcc5", "data": [{"text": "Which classes can only be taken credit or no credit?", "userDefined": false}], "count": 0, "isTemplate": false}, {"id": "3c61da2c-9454-4271-ad29-89c42e9ae59d", "data": [{"text": "Which classes can only be taken credit or no credit?", "userDefined": false}], "count": 0, "isTemplate": false}, {"id": "acf6f08c-7cf5-4eb8-82a4-60b89dcdea49", "data": [{"text": "Which classes can only be taken credit or no credit?", "userDefined": false}], "count": 0, "isTemplate": false}, {"id": "5ed6865e-3e29-4beb-bdd0-2c44aae74b7b", "data": [{"text": "What are classes that can only be taken credit or no credit?", "userDefined": false}], "count": 0, "isTemplate": false}, {"id": "2884640a-15d1-4508-976c-6a5dde0a53d8", "data": [{"text": "What are classes that can only be taken credit or no credit?", "userDefined": false}], "count": 0, "isTemplate": false}, {"id": "23dbaf6b-f92e-4563-8958-8d1f032e9f2a", "data": [{"text": "What are classes that can only be taken credit or no credit?", "userDefined": false}], "count": 0, "isTemplate": false}, {"id": "b05f9f53-2230-47ab-9d2b-8540fd4a8607", "data": [{"text": "What are classes that can only be taken credit or no credit?", "userDefined": false}], "count": 0, "isTemplate": false}, {"id": "538dbc23-ec53-464f-92f2-7801588c2cbe", "data": [{"text": "What are classes that can only be taken credit or no credit?", "userDefined": false}], "count": 0, "isTemplate": false}, {"id": "5dffd0aa-ad9f-4be9-9370-a4c3f0b7bf4d", "data": [{"text": "What are classes that can only be taken credit or no credit?", "userDefined": false}], "count": 0, "isTemplate": false}, {"id": "cbd355cb-11bc-4e15-8e1d-8bf1da8c87d6", "data": [{"text": "What are classes that can only be taken credit or no credit?", "userDefined": false}], "count": 0, "isTemplate": false}, {"id": "86976d4f-4519-4aed-9f3c-743c604d7713", "data": [{"text": "What are classes that can only be taken credit or no credit?", "userDefined": false}], "count": 0, "isTemplate": false}, {"id": "61f597f1-81f7-4d7c-834d-36a997d988c8", "data": [{"text": "What are classes that can only be taken credit or no credit?", "userDefined": false}], "count": 0, "isTemplate": false}, {"id": "1d4794e4-711f-4d0a-a214-994d6627d3f5", "data": [{"text": "What are classes that can only be taken credit or no credit?", "userDefined": false}], "count": 0, "isTemplate": false}, {"id": "b728175b-a807-4caa-a62f-494b2f34a301", "data": [{"text": "What are credit or no credit only classes?", "userDefined": false}], "count": 0, "isTemplate": false}, {"id": "7d2adc13-fbd1-4512-8df7-ca2f7b4a03d9", "data": [{"text": "What are credit or no credit only classes?", "userDefined": false}], "count": 0, "isTemplate": false}, {"id": "9cd3ac2f-44b1-459f-9bd0-ddde9ad9f0f5", "data": [{"text": "What are credit or no credit only classes?", "userDefined": false}], "count": 0, "isTemplate": false}, {"id": "237700e0-7868-44d5-97b1-02a7faccd0d1", "data": [{"text": "What are credit or no credit only classes?", "userDefined": false}], "count": 0, "isTemplate": false}, {"id": "fa6d096e-7faa-47df-8cf0-b78df30fa777", "data": [{"text": "What are credit or no credit only classes?", "userDefined": false}], "count": 0, "isTemplate": false}, {"id": "d56edf29-64ae-42a7-aa8f-f2d58ad1a514", "data": [{"text": "What are credit or no credit only classes?", "userDefined": false}], "count": 0, "isTemplate": false}, {"id": "51778a87-21bc-42cc-ba02-5f6d015bfa4b", "data": [{"text": "What are credit or no credit only classes?", "userDefined": false}], "count": 0, "isTemplate": false}, {"id": "d5e6623a-9207-41a6-b0e4-86e2fbd7ba31", "data": [{"text": "What are credit or no credit only classes?", "userDefined": false}], "count": 0, "isTemplate": false}, {"id": "81f8150f-f310-42ed-9b71-5f32019bad02", "data": [{"text": "What are credit or no credit only classes?", "userDefined": false}], "count": 0, "isTemplate": false}, {"id": "eab64ea9-df4e-4e8b-b185-d6d74f0122e1", "data": [{"text": "What are credit or no credit only classes?", "userDefined": false}], "count": 0, "isTemplate": false}, {"id": "9837fe7d-49a6-4e46-93cd-42242065754b", "data": [{"text": "What are credit or no credit only courses?", "userDefined": false}], "count": 0, "isTemplate": false}, {"id": "a7fb5e2c-1052-48c3-aed3-1395422c7028", "data": [{"text": "What are credit or no credit only courses?", "userDefined": false}], "count": 0, "isTemplate": false}, {"id": "e538ac8a-ff6d-41a7-8bf6-0f40c6c84c23", "data": [{"text": "What are credit or no credit only courses?", "userDefined": false}], "count": 0, "isTemplate": false}, {"id": "5a4adf99-4618-4914-b034-650d803e65fa", "data": [{"text": "What are credit or no credit only courses?", "userDefined": false}], "count": 0, "isTemplate": false}, {"id": "6030ad4c-16a2-41c0-b49e-3369236428a0", "data": [{"text": "What are credit or no credit only courses?", "userDefined": false}], "count": 0, "isTemplate": false}, {"id": "f88b5d19-2411-4718-9055-80159aca7115", "data": [{"text": "What are credit or no credit only courses?", "userDefined": false}], "count": 0, "isTemplate": false}, {"id": "f4ae4669-e546-44c9-84d9-d89ad0bf8853", "data": [{"text": "What are credit or no credit only courses?", "userDefined": false}], "count": 0, "isTemplate": false}, {"id": "e7a70a04-0309-4a2b-a417-15e122bba071", "data": [{"text": "What are credit or no credit only courses?", "userDefined": false}], "count": 0, "isTemplate": false}, {"id": "8df94e4f-0244-4ebd-8177-6f36077cd3ff", "data": [{"text": "What are credit or no credit only courses?", "userDefined": false}], "count": 0, "isTemplate": false}, {"id": "2a41dafa-60e2-4cef-b10a-5cc6b1759ca6", "data": [{"text": "What are credit or no credit only courses?", "userDefined": false}], "count": 0, "isTemplate": false}, {"id": "5215e54d-c994-48ea-be05-b083d134d41d", "data": [{"text": "Which classes are credit/no credit grading only?", "userDefined": false}], "count": 0, "isTemplate": false}, {"id": "7c5b1b76-896b-4317-98c4-e4c254384375", "data": [{"text": "Which classes are credit/no credit grading only?", "userDefined": false}], "count": 0, "isTemplate": false}, {"id": "51ac1577-045c-4a68-b827-3287ab143e73", "data": [{"text": "Which classes are credit/no credit grading only?", "userDefined": false}], "count": 0, "isTemplate": false}, {"id": "df6e0808-80ea-4d5b-a6eb-8d4358a538d0", "data": [{"text": "Which classes are credit/no credit grading only?", "userDefined": false}], "count": 0, "isTemplate": false}, {"id": "346626a5-285a-425c-aa2c-e1fad5ad9d81", "data": [{"text": "Which classes are credit/no credit grading only?", "userDefined": false}], "count": 0, "isTemplate": false}, {"id": "4155c182-600b-4500-9e82-f9ca485104d0", "data": [{"text": "Which classes are credit/no credit grading only?", "userDefined": false}], "count": 0, "isTemplate": false}, {"id": "70090c28-795c-4328-bd5e-115b9b0882cd", "data": [{"text": "Which classes are credit/no credit grading only?", "userDefined": false}], "count": 0, "isTemplate": false}, {"id": "97ad5211-a49a-4d96-a3fe-89e26d44a1e8", "data": [{"text": "Which classes are credit/no credit grading only?", "userDefined": false}], "count": 0, "isTemplate": false}, {"id": "2f9b41d0-c816-41ab-af8b-ddafb76ee730", "data": [{"text": "Which classes are credit/no credit grading only?", "userDefined": false}], "count": 0, "isTemplate": false}, {"id": "a7eed9ad-45df-475d-8d70-2d72689e670f", "data": [{"text": "Which classes are credit/no credit grading only?", "userDefined": false}], "count": 0, "isTemplate": false}]