[{"id": "e396d15c-5988-4a57-a652-c165367a44e8", "data": [{"text": "Does ", "userDefined": false}, {"meta": "@CLASS_NAME", "alias": "CLASS_NAME", "text": "computing-for interactive arts capstone ii", "userDefined": false}, {"text": " have an upper division prerequisite?", "userDefined": false}], "count": 0, "isTemplate": false}, {"id": "2d263041-747c-4c63-bafd-954591c06209", "data": [{"text": "Does ", "userDefined": false}, {"meta": "@CLASS_NAME", "alias": "CLASS_NAME", "text": "CSC 590", "userDefined": false}, {"text": " have an upper division prerequisite?", "userDefined": false}], "count": 0, "isTemplate": false}, {"id": "4a70b95b-d56b-4245-b1ff-b820eac346f0", "data": [{"text": "Does ", "userDefined": false}, {"meta": "@CLASS_NAME", "alias": "CLASS_NAME", "text": "thesis seminar", "userDefined": false}, {"text": " have an upper division prerequisite?", "userDefined": false}], "count": 0, "isTemplate": false}, {"id": "04140cc1-1ad1-4b57-b862-9143d85cf031", "data": [{"text": "Does ", "userDefined": false}, {"meta": "@CLASS_NAME", "alias": "CLASS_NAME", "text": "CSC 594", "userDefined": false}, {"text": " have an upper division prerequisite?", "userDefined": false}], "count": 0, "isTemplate": false}, {"id": "db7e79f4-d3c6-4089-b60f-221b325e2c11", "data": [{"text": "Does ", "userDefined": false}, {"meta": "@CLASS_NAME", "alias": "CLASS_NAME", "text": "CSC 234", "userDefined": false}, {"text": " have an upper division prerequisite?", "userDefined": false}], "count": 0, "isTemplate": false}, {"id": "be750d81-a53d-4106-9b17-71b9e0316244", "data": [{"text": "Does ", "userDefined": false}, {"meta": "@CLASS_NAME", "alias": "CLASS_NAME", "text": "CSC 570", "userDefined": false}, {"text": " have an upper division prerequisite?", "userDefined": false}], "count": 0, "isTemplate": false}, {"id": "db915327-f87e-4a7f-8360-f6f33d93e15d", "data": [{"text": "Does ", "userDefined": false}, {"meta": "@CLASS_NAME", "alias": "CLASS_NAME", "text": "computing-for interactive arts capstone ii", "userDefined": false}, {"text": " have an upper division prerequisite?", "userDefined": false}], "count": 0, "isTemplate": false}, {"id": "f1ac1c4a-523e-4f22-92e3-82c17af90925", "data": [{"text": "Does ", "userDefined": false}, {"meta": "@CLASS_NAME", "alias": "CLASS_NAME", "text": "theory-of computation i", "userDefined": false}, {"text": " have an upper division prerequisite?", "userDefined": false}], "count": 0, "isTemplate": false}, {"id": "8555452e-0152-4e5b-af94-43ebe9bc9b15", "data": [{"text": "Does ", "userDefined": false}, {"meta": "@CLASS_NAME", "alias": "CLASS_NAME", "text": "CSC 311", "userDefined": false}, {"text": " have an upper division prerequisite?", "userDefined": false}], "count": 0, "isTemplate": false}, {"id": "d21c6edd-2e78-41c5-b5e5-6e66070ffac1", "data": [{"text": "Does ", "userDefined": false}, {"meta": "@CLASS_NAME", "alias": "CLASS_NAME", "text": "CSC 474", "userDefined": false}, {"text": " have an upper division prerequisite?", "userDefined": false}], "count": 0, "isTemplate": false}, {"id": "8f71c293-e21f-4153-be6e-a7845e3082f8", "data": [{"text": "Is there an upper division prerequisite for ", "userDefined": false}, {"meta": "@CLASS_NAME", "alias": "CLASS_NAME", "text": "research senior project i", "userDefined": false}, {"text": "?", "userDefined": false}], "count": 0, "isTemplate": false}, {"id": "5496646e-601f-4bfb-a684-9352ff3022b4", "data": [{"text": "Is there an upper division prerequisite for ", "userDefined": false}, {"meta": "@CLASS_NAME", "alias": "CLASS_NAME", "text": "CSC 582", "userDefined": false}, {"text": "?", "userDefined": false}], "count": 0, "isTemplate": false}, {"id": "a617ee0f-e820-400f-b3ca-2d25ba762005", "data": [{"text": "Is there an upper division prerequisite for ", "userDefined": false}, {"meta": "@CLASS_NAME", "alias": "CLASS_NAME", "text": "fundamentals-of computer science i supplemental instruction", "userDefined": false}, {"text": "?", "userDefined": false}], "count": 0, "isTemplate": false}, {"id": "646b6155-20e7-4072-b61b-027414e91da9", "data": [{"text": "Is there an upper division prerequisite for ", "userDefined": false}, {"meta": "@CLASS_NAME", "alias": "CLASS_NAME", "text": "game design", "userDefined": false}, {"text": "?", "userDefined": false}], "count": 0, "isTemplate": false}, {"id": "d6ff3ce2-e71e-4b8f-aaab-51f4941574f8", "data": [{"text": "Is there an upper division prerequisite for ", "userDefined": false}, {"meta": "@CLASS_NAME", "alias": "CLASS_NAME", "text": "CSC 400", "userDefined": false}, {"text": "?", "userDefined": false}], "count": 0, "isTemplate": false}, {"id": "b04943c8-ee77-458f-9d42-d1ed980457bb", "data": [{"text": "Is there an upper division prerequisite for ", "userDefined": false}, {"meta": "@CLASS_NAME", "alias": "CLASS_NAME", "text": "CSC 469", "userDefined": false}, {"text": "?", "userDefined": false}], "count": 0, "isTemplate": false}, {"id": "762d0666-6971-4ece-bf19-0228aa8c2e7c", "data": [{"text": "Is there an upper division prerequisite for ", "userDefined": false}, {"meta": "@CLASS_NAME", "alias": "CLASS_NAME", "text": "CSC 236", "userDefined": false}, {"text": "?", "userDefined": false}], "count": 0, "isTemplate": false}, {"id": "5f52cc05-3fdc-4ee8-a6c6-ecde77f13ec2", "data": [{"text": "Is there an upper division prerequisite for ", "userDefined": false}, {"meta": "@CLASS_NAME", "alias": "CLASS_NAME", "text": "fundamentals-of computer science i supplemental instruction", "userDefined": false}, {"text": "?", "userDefined": false}], "count": 0, "isTemplate": false}, {"id": "cfa17010-87c9-4ada-9249-e814db2ca1a8", "data": [{"text": "Is there an upper division prerequisite for ", "userDefined": false}, {"meta": "@CLASS_NAME", "alias": "CLASS_NAME", "text": "CSC 597", "userDefined": false}, {"text": "?", "userDefined": false}], "count": 0, "isTemplate": false}, {"id": "234d1827-9bc5-4c67-b518-c60e7d855cbc", "data": [{"text": "Is there an upper division prerequisite for ", "userDefined": false}, {"meta": "@CLASS_NAME", "alias": "CLASS_NAME", "text": "current topics-in software engineering", "userDefined": false}, {"text": "?", "userDefined": false}], "count": 0, "isTemplate": false}, {"id": "4d4b7eb3-9d14-4ed3-a725-f99d43fcd36d", "data": [{"text": "Are there upper division prerequisites for ", "userDefined": false}, {"meta": "@CLASS_NAME", "alias": "CLASS_NAME", "text": "languages-and translators", "userDefined": false}, {"text": "?", "userDefined": false}], "count": 0, "isTemplate": false}, {"id": "65cc88ac-a4c8-4777-8131-0508f3e06df4", "data": [{"text": "Are there upper division prerequisites for ", "userDefined": false}, {"meta": "@CLASS_NAME", "alias": "CLASS_NAME", "text": "CSC 202", "userDefined": false}, {"text": "?", "userDefined": false}], "count": 0, "isTemplate": false}, {"id": "65e83835-9cd5-49f6-b2eb-ada8d1bb59ac", "data": [{"text": "Are there upper division prerequisites for ", "userDefined": false}, {"meta": "@CLASS_NAME", "alias": "CLASS_NAME", "text": "cooperative education experience", "userDefined": false}, {"text": "?", "userDefined": false}], "count": 0, "isTemplate": false}, {"id": "8925cf8d-566b-4cad-8f01-7c56f5922b1f", "data": [{"text": "Are there upper division prerequisites for ", "userDefined": false}, {"meta": "@CLASS_NAME", "alias": "CLASS_NAME", "text": "CSC 500", "userDefined": false}, {"text": "?", "userDefined": false}], "count": 0, "isTemplate": false}, {"id": "2f45dbf4-4420-4748-bd9d-ef8aca3f57eb", "data": [{"text": "Are there upper division prerequisites for ", "userDefined": false}, {"meta": "@CLASS_NAME", "alias": "CLASS_NAME", "text": "CSC 597", "userDefined": false}, {"text": "?", "userDefined": false}], "count": 0, "isTemplate": false}, {"id": "a5e25d20-2a70-4b4c-8c1c-7fcc931fc6ee", "data": [{"text": "Are there upper division prerequisites for ", "userDefined": false}, {"meta": "@CLASS_NAME", "alias": "CLASS_NAME", "text": "real-time-3d computer graphics software", "userDefined": false}, {"text": "?", "userDefined": false}], "count": 0, "isTemplate": false}, {"id": "b997b60f-0098-4dcf-84fe-30d1785594cb", "data": [{"text": "Are there upper division prerequisites for ", "userDefined": false}, {"meta": "@CLASS_NAME", "alias": "CLASS_NAME", "text": "current topics-in computer graphics", "userDefined": false}, {"text": "?", "userDefined": false}], "count": 0, "isTemplate": false}, {"id": "ac62417a-3c06-4fcb-b63e-4443bea921cf", "data": [{"text": "Are there upper division prerequisites for ", "userDefined": false}, {"meta": "@CLASS_NAME", "alias": "CLASS_NAME", "text": "CSC 580", "userDefined": false}, {"text": "?", "userDefined": false}], "count": 0, "isTemplate": false}, {"id": "c63e7298-cb32-4c99-be66-d9cff1e98383", "data": [{"text": "Are there upper division prerequisites for ", "userDefined": false}, {"meta": "@CLASS_NAME", "alias": "CLASS_NAME", "text": "CSC 483", "userDefined": false}, {"text": "?", "userDefined": false}], "count": 0, "isTemplate": false}, {"id": "789e71aa-6fc8-44a8-8bb9-83c0410d2ceb", "data": [{"text": "Are there upper division prerequisites for ", "userDefined": false}, {"meta": "@CLASS_NAME", "alias": "CLASS_NAME", "text": "distributed systems", "userDefined": false}, {"text": "?", "userDefined": false}], "count": 0, "isTemplate": false}, {"id": "aecfef3d-08e4-4e96-b273-df530192bce8", "data": [{"text": "Does ", "userDefined": false}, {"meta": "@CLASS_NAME", "alias": "CLASS_NAME", "text": "CSC 357", "userDefined": false}, {"text": " have an upper division prereq?", "userDefined": false}], "count": 0, "isTemplate": false}, {"id": "4382975a-0077-423b-8029-d335e464364f", "data": [{"text": "Does ", "userDefined": false}, {"meta": "@CLASS_NAME", "alias": "CLASS_NAME", "text": "CSC 235", "userDefined": false}, {"text": " have an upper division prereq?", "userDefined": false}], "count": 0, "isTemplate": false}, {"id": "beb676e8-8f2a-4b95-a535-b51a16eaccb4", "data": [{"text": "Does ", "userDefined": false}, {"meta": "@CLASS_NAME", "alias": "CLASS_NAME", "text": "CSC 310", "userDefined": false}, {"text": " have an upper division prereq?", "userDefined": false}], "count": 0, "isTemplate": false}, {"id": "55e8cbaa-da66-4d91-b917-4880f33dabb2", "data": [{"text": "Does ", "userDefined": false}, {"meta": "@CLASS_NAME", "alias": "CLASS_NAME", "text": "teaching computer science", "userDefined": false}, {"text": " have an upper division prereq?", "userDefined": false}], "count": 0, "isTemplate": false}, {"id": "3d94f21a-fc4e-4e86-a5a0-82eb5dfc119c", "data": [{"text": "Does ", "userDefined": false}, {"meta": "@CLASS_NAME", "alias": "CLASS_NAME", "text": "fundamentals-of computer science i supplemental instruction", "userDefined": false}, {"text": " have an upper division prereq?", "userDefined": false}], "count": 0, "isTemplate": false}, {"id": "dc3863f2-9168-43e2-a61a-86759bb03c83", "data": [{"text": "Does ", "userDefined": false}, {"meta": "@CLASS_NAME", "alias": "CLASS_NAME", "text": "CSC 406", "userDefined": false}, {"text": " have an upper division prereq?", "userDefined": false}], "count": 0, "isTemplate": false}, {"id": "4093d17d-c003-4970-83a4-5691cecace47", "data": [{"text": "Does ", "userDefined": false}, {"meta": "@CLASS_NAME", "alias": "CLASS_NAME", "text": "CSC 200", "userDefined": false}, {"text": " have an upper division prereq?", "userDefined": false}], "count": 0, "isTemplate": false}, {"id": "d0cd0f37-db48-4d74-a82c-998fb117b201", "data": [{"text": "Does ", "userDefined": false}, {"meta": "@CLASS_NAME", "alias": "CLASS_NAME", "text": "computers-and society", "userDefined": false}, {"text": " have an upper division prereq?", "userDefined": false}], "count": 0, "isTemplate": false}, {"id": "700eee51-4484-4df6-8802-df230ba6f8b0", "data": [{"text": "Does ", "userDefined": false}, {"meta": "@CLASS_NAME", "alias": "CLASS_NAME", "text": "CSC 590", "userDefined": false}, {"text": " have an upper division prereq?", "userDefined": false}], "count": 0, "isTemplate": false}, {"id": "aa6676fe-9b0a-4545-8039-efb407e96ad6", "data": [{"text": "Does ", "userDefined": false}, {"meta": "@CLASS_NAME", "alias": "CLASS_NAME", "text": "teaching computing", "userDefined": false}, {"text": " have an upper division prereq?", "userDefined": false}], "count": 0, "isTemplate": false}, {"id": "41e19fcc-26cf-4f19-8e40-9d75d85029ef", "data": [{"text": "Is there an upper division prereq for ", "userDefined": false}, {"meta": "@CLASS_NAME", "alias": "CLASS_NAME", "text": "CSC 350", "userDefined": false}, {"text": "?", "userDefined": false}], "count": 0, "isTemplate": false}, {"id": "a65ca9a4-d5ce-4289-995b-e0736fb3540a", "data": [{"text": "Is there an upper division prereq for ", "userDefined": false}, {"meta": "@CLASS_NAME", "alias": "CLASS_NAME", "text": "programming languages", "userDefined": false}, {"text": "?", "userDefined": false}], "count": 0, "isTemplate": false}, {"id": "2732e5fc-6279-47aa-b8cd-9702700d0223", "data": [{"text": "Is there an upper division prereq for ", "userDefined": false}, {"meta": "@CLASS_NAME", "alias": "CLASS_NAME", "text": "introduction-to privacy: policy-and technology", "userDefined": false}, {"text": "?", "userDefined": false}], "count": 0, "isTemplate": false}, {"id": "1c26091f-0315-4eae-ab5f-dec96e7b9b9c", "data": [{"text": "Is there an upper division prereq for ", "userDefined": false}, {"meta": "@CLASS_NAME", "alias": "CLASS_NAME", "text": "CSC 515", "userDefined": false}, {"text": "?", "userDefined": false}], "count": 0, "isTemplate": false}, {"id": "baf90d10-c758-4cea-b37f-5238bbad17cc", "data": [{"text": "Is there an upper division prereq for ", "userDefined": false}, {"meta": "@CLASS_NAME", "alias": "CLASS_NAME", "text": "speech-and language processing", "userDefined": false}, {"text": "?", "userDefined": false}], "count": 0, "isTemplate": false}, {"id": "b5693f7c-f14a-4e66-aae2-bb13cc208a77", "data": [{"text": "Is there an upper division prereq for ", "userDefined": false}, {"meta": "@CLASS_NAME", "alias": "CLASS_NAME", "text": "software engineering ii", "userDefined": false}, {"text": "?", "userDefined": false}], "count": 0, "isTemplate": false}, {"id": "8c4cc209-9018-4501-b324-f15d44363274", "data": [{"text": "Is there an upper division prereq for ", "userDefined": false}, {"meta": "@CLASS_NAME", "alias": "CLASS_NAME", "text": "music programming", "userDefined": false}, {"text": "?", "userDefined": false}], "count": 0, "isTemplate": false}, {"id": "f1c5efc8-9af7-4191-8034-dac1fe6fc765", "data": [{"text": "Is there an upper division prereq for ", "userDefined": false}, {"meta": "@CLASS_NAME", "alias": "CLASS_NAME", "text": "CSC 570", "userDefined": false}, {"text": "?", "userDefined": false}], "count": 0, "isTemplate": false}, {"id": "407b2bed-a425-4486-9bf3-2b1fb8d2d9fa", "data": [{"text": "Is there an upper division prereq for ", "userDefined": false}, {"meta": "@CLASS_NAME", "alias": "CLASS_NAME", "text": "software engineering i", "userDefined": false}, {"text": "?", "userDefined": false}], "count": 0, "isTemplate": false}, {"id": "b1b57901-1934-48dd-9c72-6eb60dbb9f97", "data": [{"text": "Is there an upper division prereq for ", "userDefined": false}, {"meta": "@CLASS_NAME", "alias": "CLASS_NAME", "text": "computing-for interactive arts capstone ii", "userDefined": false}, {"text": "?", "userDefined": false}], "count": 0, "isTemplate": false}, {"id": "559e93f7-388e-4bbd-aff8-a489739c1363", "data": [{"text": "Are there upper division prereqs for ", "userDefined": false}, {"meta": "@CLASS_NAME", "alias": "CLASS_NAME", "text": "CSC 599", "userDefined": false}, {"text": "?", "userDefined": false}], "count": 0, "isTemplate": false}, {"id": "738a449a-3287-48ed-9a87-3db3cd483ec7", "data": [{"text": "Are there upper division prereqs for ", "userDefined": false}, {"meta": "@CLASS_NAME", "alias": "CLASS_NAME", "text": "interactive entertainment engineering", "userDefined": false}, {"text": "?", "userDefined": false}], "count": 0, "isTemplate": false}, {"id": "d6e5c641-ce7c-42e9-a98a-569e9cd9b5e5", "data": [{"text": "Are there upper division prereqs for ", "userDefined": false}, {"meta": "@CLASS_NAME", "alias": "CLASS_NAME", "text": "cooperative education experience", "userDefined": false}, {"text": "?", "userDefined": false}], "count": 0, "isTemplate": false}, {"id": "8f4d4108-3311-4b8d-9d8b-dd6bc21793e2", "data": [{"text": "Are there upper division prereqs for ", "userDefined": false}, {"meta": "@CLASS_NAME", "alias": "CLASS_NAME", "text": "CSC 540", "userDefined": false}, {"text": "?", "userDefined": false}], "count": 0, "isTemplate": false}, {"id": "156ce2ab-e299-46f6-9edf-55d0313955cb", "data": [{"text": "Are there upper division prereqs for ", "userDefined": false}, {"meta": "@CLASS_NAME", "alias": "CLASS_NAME", "text": "professional responsibilities", "userDefined": false}, {"text": "?", "userDefined": false}], "count": 0, "isTemplate": false}, {"id": "7257717a-611f-46ee-a074-f131bbfe6a24", "data": [{"text": "Are there upper division prereqs for ", "userDefined": false}, {"meta": "@CLASS_NAME", "alias": "CLASS_NAME", "text": "thesis seminar", "userDefined": false}, {"text": "?", "userDefined": false}], "count": 0, "isTemplate": false}, {"id": "d06b76f3-2db0-4b99-b22b-d3f1c93dae7c", "data": [{"text": "Are there upper division prereqs for ", "userDefined": false}, {"meta": "@CLASS_NAME", "alias": "CLASS_NAME", "text": "operating systems", "userDefined": false}, {"text": "?", "userDefined": false}], "count": 0, "isTemplate": false}, {"id": "d7c8b47b-bdaa-40f6-8a91-ea50311a214c", "data": [{"text": "Are there upper division prereqs for ", "userDefined": false}, {"meta": "@CLASS_NAME", "alias": "CLASS_NAME", "text": "CSC 323", "userDefined": false}, {"text": "?", "userDefined": false}], "count": 0, "isTemplate": false}, {"id": "45b71e1b-eac2-484e-a461-906bce69f00d", "data": [{"text": "Are there upper division prereqs for ", "userDefined": false}, {"meta": "@CLASS_NAME", "alias": "CLASS_NAME", "text": "CSC 200", "userDefined": false}, {"text": "?", "userDefined": false}], "count": 0, "isTemplate": false}, {"id": "aa3413c9-4c62-4baa-b7e9-895ddabd6581", "data": [{"text": "Are there upper division prereqs for ", "userDefined": false}, {"meta": "@CLASS_NAME", "alias": "CLASS_NAME", "text": "directed study", "userDefined": false}, {"text": "?", "userDefined": false}], "count": 0, "isTemplate": false}, {"id": "178da67c-438d-4ad4-9237-e9f8704343a7", "data": [{"text": "Does ", "userDefined": false}, {"meta": "@CLASS_NAME", "alias": "CLASS_NAME", "text": "computer animation", "userDefined": false}, {"text": " have an upper divisional prerequisite?", "userDefined": false}], "count": 0, "isTemplate": false}, {"id": "6857f853-b9cc-4a2b-bb25-9acf8c237507", "data": [{"text": "Does ", "userDefined": false}, {"meta": "@CLASS_NAME", "alias": "CLASS_NAME", "text": "CSC 422", "userDefined": false}, {"text": " have an upper divisional prerequisite?", "userDefined": false}], "count": 0, "isTemplate": false}, {"id": "e97519df-323c-48bd-bcf8-e954bda47ff4", "data": [{"text": "Does ", "userDefined": false}, {"meta": "@CLASS_NAME", "alias": "CLASS_NAME", "text": "CSC 480", "userDefined": false}, {"text": " have an upper divisional prerequisite?", "userDefined": false}], "count": 0, "isTemplate": false}, {"id": "2539d86e-be13-4fe3-903a-53961dd964fa", "data": [{"text": "Does ", "userDefined": false}, {"meta": "@CLASS_NAME", "alias": "CLASS_NAME", "text": "CSC 454", "userDefined": false}, {"text": " have an upper divisional prerequisite?", "userDefined": false}], "count": 0, "isTemplate": false}, {"id": "a3105921-2f89-4d50-b794-4c57f8570f8e", "data": [{"text": "Does ", "userDefined": false}, {"meta": "@CLASS_NAME", "alias": "CLASS_NAME", "text": "teaching computing", "userDefined": false}, {"text": " have an upper divisional prerequisite?", "userDefined": false}], "count": 0, "isTemplate": false}, {"id": "3e791efd-86a5-44d5-82c3-84df559a2326", "data": [{"text": "Does ", "userDefined": false}, {"meta": "@CLASS_NAME", "alias": "CLASS_NAME", "text": "senior project ii", "userDefined": false}, {"text": " have an upper divisional prerequisite?", "userDefined": false}], "count": 0, "isTemplate": false}, {"id": "0fdb945b-a38f-4141-b3e8-5cc9568474a3", "data": [{"text": "Does ", "userDefined": false}, {"meta": "@CLASS_NAME", "alias": "CLASS_NAME", "text": "CSC 477", "userDefined": false}, {"text": " have an upper divisional prerequisite?", "userDefined": false}], "count": 0, "isTemplate": false}, {"id": "be15e45f-9d29-4b91-9865-d86a36808502", "data": [{"text": "Does ", "userDefined": false}, {"meta": "@CLASS_NAME", "alias": "CLASS_NAME", "text": "CSC 366", "userDefined": false}, {"text": " have an upper divisional prerequisite?", "userDefined": false}], "count": 0, "isTemplate": false}, {"id": "d19bd148-225c-4739-8ada-4a1a7d8b142f", "data": [{"text": "Does ", "userDefined": false}, {"meta": "@CLASS_NAME", "alias": "CLASS_NAME", "text": "cooperative education experience", "userDefined": false}, {"text": " have an upper divisional prerequisite?", "userDefined": false}], "count": 0, "isTemplate": false}, {"id": "8cc24678-640c-4b09-a54f-b1ed7601c309", "data": [{"text": "Does ", "userDefined": false}, {"meta": "@CLASS_NAME", "alias": "CLASS_NAME", "text": "CSC 290", "userDefined": false}, {"text": " have an upper divisional prerequisite?", "userDefined": false}], "count": 0, "isTemplate": false}]