[{"count": 0, "data": [{"userDefined": false, "text": "What are the similarities in taking "}, {"userDefined": false, "meta": "@CLASS_NAME", "alias": "CLASS_NAME", "text": "CSC 540"}, {"userDefined": false, "text": " and "}, {"userDefined": false, "meta": "@CLASS_NAME", "alias": "CLASS_NAME", "text": "computer graphics"}, {"userDefined": false, "text": "?"}], "isTemplate": false, "id": "48f55fcd-1288-47b5-be3b-132010b32245"}, {"count": 0, "data": [{"userDefined": false, "text": "What are key similarities in "}, {"userDefined": false, "meta": "@CLASS_NAME", "alias": "CLASS_NAME", "text": "fundamentals-of computer science i supplemental instruction"}, {"userDefined": false, "text": " and "}, {"userDefined": false, "meta": "@CLASS_NAME", "alias": "CLASS_NAME", "text": "thesis seminar"}, {"userDefined": false, "text": "?"}], "isTemplate": false, "id": "2b694389-d3c9-454e-aa94-527e05506fb2"}, {"count": 0, "data": [{"userDefined": false, "text": "Why would a student take "}, {"userDefined": false, "meta": "@CLASS_NAME", "alias": "CLASS_NAME", "text": "fundamentals-of computer science-for scientists-and engineers i"}, {"userDefined": false, "text": " and "}, {"userDefined": false, "meta": "@CLASS_NAME", "alias": "CLASS_NAME", "text": "CSC 310"}, {"userDefined": false, "text": "?"}], "isTemplate": false, "id": "914962c1-f58c-4d9f-92f1-38a51661ccd0"}, {"count": 0, "data": [{"userDefined": false, "text": "How is "}, {"userDefined": false, "meta": "@CLASS_NAME", "alias": "CLASS_NAME", "text": "research senior project ii"}, {"userDefined": false, "text": " similar to "}, {"userDefined": false, "meta": "@CLASS_NAME", "alias": "CLASS_NAME", "text": "CSC 301"}, {"userDefined": false, "text": "?"}], "isTemplate": false, "id": "4e157de1-9331-440e-963c-245bb9294e7d"}, {"count": 0, "data": [{"userDefined": false, "text": "What are the similarities between "}, {"userDefined": false, "meta": "@CLASS_NAME", "alias": "CLASS_NAME", "text": "CSC 466"}, {"userDefined": false, "text": " and "}, {"userDefined": false, "meta": "@CLASS_NAME", "alias": "CLASS_NAME", "text": "cryptography engineering"}, {"userDefined": false, "text": "?"}], "isTemplate": false, "id": "3264164f-12d5-4288-80bc-4d52e42fff6a"}]