[{"count": 0, "data": [{"userDefined": false, "text": "Which classes have a limit in total credit?"}], "isTemplate": false, "id": "a60cdc95-522d-41c0-99fa-82b7bfb6bb61"}, {"count": 0, "data": [{"userDefined": false, "text": "Which courses are limited in total credit?"}], "isTemplate": false, "id": "9b9aa9ed-8a39-4d46-9a23-d94c27aff676"}, {"count": 0, "data": [{"userDefined": false, "text": "Which courses have a limit on the total amount of credit?"}], "isTemplate": false, "id": "9ae5955d-4d42-49b9-b18e-5200a5a11e02"}, {"count": 0, "data": [{"userDefined": false, "text": "Which classes have a limit on total credit?"}], "isTemplate": false, "id": "2efc5ecf-f77d-4440-ad0e-da42c9206540"}, {"count": 0, "data": [{"userDefined": false, "text": "Which classes are limited in total credit?"}], "isTemplate": false, "id": "acbddabc-3dde-4eb2-ba47-6b92e3407cb7"}]