[{"count": 0, "data": [{"userDefined": false, "text": "Do I need "}, {"userDefined": false, "meta": "@CLASS_QUALIFICATION", "alias": "CLASS_QUALIFICATION", "text": "junior"}, {"userDefined": false, "text": " standing to take "}, {"userDefined": false, "meta": "@CLASS_NAME", "alias": "CLASS_NAME", "text": "CSC 482"}, {"userDefined": false, "text": "?"}], "isTemplate": false, "id": "771d9501-6a0c-4998-b754-a3b1b97b5095"}, {"count": 0, "data": [{"userDefined": false, "text": "Is "}, {"userDefined": false, "meta": "@CLASS_QUALIFICATION", "alias": "CLASS_QUALIFICATION", "text": "senior"}, {"userDefined": false, "text": " required to take "}, {"userDefined": false, "meta": "@CLASS_NAME", "alias": "CLASS_NAME", "text": "software engineering ii"}, {"userDefined": false, "text": "?"}], "isTemplate": false, "id": "955882ae-77b4-43e4-b7d1-696630e54aac"}, {"count": 0, "data": [{"userDefined": false, "text": "Is "}, {"userDefined": false, "meta": "@CLASS_QUALIFICATION", "alias": "CLASS_QUALIFICATION", "text": "junior"}, {"userDefined": false, "text": " needed to take "}, {"userDefined": false, "meta": "@CLASS_NAME", "alias": "CLASS_NAME", "text": "CSC 599"}, {"userDefined": false, "text": "?"}], "isTemplate": false, "id": "14089685-fda0-4dcf-8fc4-1890a0c4d73d"}, {"count": 0, "data": [{"userDefined": false, "text": "Is "}, {"userDefined": false, "meta": "@CLASS_QUALIFICATION", "alias": "CLASS_QUALIFICATION", "text": "senior"}, {"userDefined": false, "text": " necessary to take "}, {"userDefined": false, "meta": "@CLASS_NAME", "alias": "CLASS_NAME", "text": "music programming"}, {"userDefined": false, "text": "?"}], "isTemplate": false, "id": "333f44a7-bd4a-4180-aae3-c3e2683fc924"}, {"count": 0, "data": [{"userDefined": false, "text": "Does "}, {"userDefined": false, "meta": "@CLASS_NAME", "alias": "CLASS_NAME", "text": "CSC 424"}, {"userDefined": false, "text": " need "}, {"userDefined": false, "meta": "@CLASS_QUALIFICATION", "alias": "CLASS_QUALIFICATION", "text": "senior"}, {"userDefined": false, "text": " standing?"}], "isTemplate": false, "id": "be35eb6f-33ff-4886-adf4-2b216f180f0d"}, {"count": 0, "data": [{"userDefined": false, "text": "Do I need to be a "}, {"userDefined": false, "meta": "@CLASS_QUALIFICATION", "alias": "CLASS_QUALIFICATION", "text": "junior"}, {"userDefined": false, "text": " to take "}, {"userDefined": false, "meta": "@CLASS_NAME", "alias": "CLASS_NAME", "text": "CSC 305"}, {"userDefined": false, "text": "?"}], "isTemplate": false, "id": "345b170a-2ed9-4a5f-91c8-2534dce5f7bd"}, {"count": 0, "data": [{"userDefined": false, "text": "Am I required to be a "}, {"userDefined": false, "meta": "@CLASS_QUALIFICATION", "alias": "CLASS_QUALIFICATION", "text": "freshman"}, {"userDefined": false, "text": " to take "}, {"userDefined": false, "meta": "@CLASS_NAME", "alias": "CLASS_NAME", "text": "selected advanced laboratory"}, {"userDefined": false, "text": "?"}], "isTemplate": false, "id": "5316a67e-a53b-453f-a293-ece115298146"}, {"count": 0, "data": [{"userDefined": false, "text": "Does "}, {"userDefined": false, "meta": "@CLASS_NAME", "alias": "CLASS_NAME", "text": "human-computer interaction theory-and design"}, {"userDefined": false, "text": " require me to be a "}, {"userDefined": false, "meta": "@CLASS_QUALIFICATION", "alias": "CLASS_QUALIFICATION", "text": "junior"}, {"userDefined": false, "text": "?"}], "isTemplate": false, "id": "cefb4133-816a-4ae4-b9b3-ed978d9934f1"}, {"count": 0, "data": [{"userDefined": false, "text": "Does "}, {"userDefined": false, "meta": "@CLASS_NAME", "alias": "CLASS_NAME", "text": "computer support-for knowledge management"}, {"userDefined": false, "text": " require "}, {"userDefined": false, "meta": "@CLASS_QUALIFICATION", "alias": "CLASS_QUALIFICATION", "text": "freshman"}, {"userDefined": false, "text": " standing?"}], "isTemplate": false, "id": "0492c284-bb24-4973-b581-ba12fcd0ad57"}]