[{"id": "69afa9eb-3771-4641-bcc4-17475a478302", "data": [{"text": "Does ", "userDefined": false}, {"meta": "@CLASS_NAME", "alias": "CLASS_NAME", "text": "CSC 424", "userDefined": false}, {"text": " satisfy GE Area ", "userDefined": false}, {"meta": "@GE_AREA", "alias": "GE_AREA", "text": "d1", "userDefined": false}, {"text": "?", "userDefined": false}], "count": 0, "isTemplate": false}, {"id": "2258df55-2437-413f-bddc-91925ca188ef", "data": [{"text": "Does ", "userDefined": false}, {"meta": "@CLASS_NAME", "alias": "CLASS_NAME", "text": "CSC 490", "userDefined": false}, {"text": " satisfy GE Area ", "userDefined": false}, {"meta": "@GE_AREA", "alias": "GE_AREA", "text": "b7", "userDefined": false}, {"text": "?", "userDefined": false}], "count": 0, "isTemplate": false}, {"id": "43734525-c22c-4409-94de-cc9e9110bf54", "data": [{"text": "Does ", "userDefined": false}, {"meta": "@CLASS_NAME", "alias": "CLASS_NAME", "text": "distributed systems", "userDefined": false}, {"text": " satisfy GE Area ", "userDefined": false}, {"meta": "@GE_AREA", "alias": "GE_AREA", "text": "c1", "userDefined": false}, {"text": "?", "userDefined": false}], "count": 0, "isTemplate": false}, {"id": "11b68844-5975-4f83-b984-399a40e94683", "data": [{"text": "Does ", "userDefined": false}, {"meta": "@CLASS_NAME", "alias": "CLASS_NAME", "text": "advanced rendering techniques", "userDefined": false}, {"text": " satisfy GE Area ", "userDefined": false}, {"meta": "@GE_AREA", "alias": "GE_AREA", "text": "B2", "userDefined": false}, {"text": "?", "userDefined": false}], "count": 0, "isTemplate": false}, {"id": "35513b99-f8ca-4a61-994e-2c81fc8e5e8d", "data": [{"text": "Does ", "userDefined": false}, {"meta": "@CLASS_NAME", "alias": "CLASS_NAME", "text": "current topics-in computer systems", "userDefined": false}, {"text": " satisfy GE Area ", "userDefined": false}, {"meta": "@GE_AREA", "alias": "GE_AREA", "text": "B1", "userDefined": false}, {"text": "?", "userDefined": false}], "count": 0, "isTemplate": false}, {"id": "70b4f5c3-5de3-4724-ab3b-80b6ef739109", "data": [{"text": "Does ", "userDefined": false}, {"meta": "@CLASS_NAME", "alias": "CLASS_NAME", "text": "research-in computer science ii", "userDefined": false}, {"text": " satisfy GE Area ", "userDefined": false}, {"meta": "@GE_AREA", "alias": "GE_AREA", "text": "d3", "userDefined": false}, {"text": "?", "userDefined": false}], "count": 0, "isTemplate": false}, {"id": "c1447598-5c30-48f6-8ad1-b23935cfd93d", "data": [{"text": "Does ", "userDefined": false}, {"meta": "@CLASS_NAME", "alias": "CLASS_NAME", "text": "current topics-in computer security", "userDefined": false}, {"text": " satisfy GE Area ", "userDefined": false}, {"meta": "@GE_AREA", "alias": "GE_AREA", "text": "c1", "userDefined": false}, {"text": "?", "userDefined": false}], "count": 0, "isTemplate": false}, {"id": "4d3baeb9-aa8e-4c17-8537-5e031288ef9a", "data": [{"text": "Does ", "userDefined": false}, {"meta": "@CLASS_NAME", "alias": "CLASS_NAME", "text": "design-and analysis-of algorithms", "userDefined": false}, {"text": " satisfy GE Area ", "userDefined": false}, {"meta": "@GE_AREA", "alias": "GE_AREA", "text": "B4", "userDefined": false}, {"text": "?", "userDefined": false}], "count": 0, "isTemplate": false}, {"id": "7b240845-c62d-46d3-9748-8135439c153b", "data": [{"text": "Does ", "userDefined": false}, {"meta": "@CLASS_NAME", "alias": "CLASS_NAME", "text": "special problems", "userDefined": false}, {"text": " satisfy GE Area ", "userDefined": false}, {"meta": "@GE_AREA", "alias": "GE_AREA", "text": "B3", "userDefined": false}, {"text": "?", "userDefined": false}], "count": 0, "isTemplate": false}, {"id": "8bf86e4f-ad3a-4ced-8a2a-e716e0cae19c", "data": [{"text": "Does ", "userDefined": false}, {"meta": "@CLASS_NAME", "alias": "CLASS_NAME", "text": "special problems-for undergraduates", "userDefined": false}, {"text": " satisfy GE Area ", "userDefined": false}, {"meta": "@GE_AREA", "alias": "GE_AREA", "text": "c3", "userDefined": false}, {"text": "?", "userDefined": false}], "count": 0, "isTemplate": false}, {"id": "c7e37c02-af5f-42fa-a55b-a61bbcaf0a69", "data": [{"text": "Can I satisfy my ", "userDefined": false}, {"meta": "@GE_AREA", "alias": "GE_AREA", "text": "c2", "userDefined": false}, {"text": " with ", "userDefined": false}, {"meta": "@CLASS_NAME", "alias": "CLASS_NAME", "text": "CSC 582", "userDefined": false}, {"text": "?", "userDefined": false}], "count": 0, "isTemplate": false}, {"id": "bbe03a87-442e-4703-8a1d-1b8b0a960d26", "data": [{"text": "Can I satisfy my ", "userDefined": false}, {"meta": "@GE_AREA", "alias": "GE_AREA", "text": "d3", "userDefined": false}, {"text": " with ", "userDefined": false}, {"meta": "@CLASS_NAME", "alias": "CLASS_NAME", "text": "CSC 234", "userDefined": false}, {"text": "?", "userDefined": false}], "count": 0, "isTemplate": false}, {"id": "059258c2-a17c-46e1-a326-ca91dd5b704d", "data": [{"text": "Can I satisfy my ", "userDefined": false}, {"meta": "@GE_AREA", "alias": "GE_AREA", "text": "a4", "userDefined": false}, {"text": " with ", "userDefined": false}, {"meta": "@CLASS_NAME", "alias": "CLASS_NAME", "text": "CSC 234", "userDefined": false}, {"text": "?", "userDefined": false}], "count": 0, "isTemplate": false}, {"id": "6543dae6-2373-4b2f-aa63-6277a54dbc8f", "data": [{"text": "Can I satisfy my ", "userDefined": false}, {"meta": "@GE_AREA", "alias": "GE_AREA", "text": "b1", "userDefined": false}, {"text": " with ", "userDefined": false}, {"meta": "@CLASS_NAME", "alias": "CLASS_NAME", "text": "CSC 430", "userDefined": false}, {"text": "?", "userDefined": false}], "count": 0, "isTemplate": false}, {"id": "8c2010b1-0048-413f-b22c-1a279d8931be", "data": [{"text": "Can I satisfy my ", "userDefined": false}, {"meta": "@GE_AREA", "alias": "GE_AREA", "text": "a4", "userDefined": false}, {"text": " with ", "userDefined": false}, {"meta": "@CLASS_NAME", "alias": "CLASS_NAME", "text": "CSC 471", "userDefined": false}, {"text": "?", "userDefined": false}], "count": 0, "isTemplate": false}, {"id": "50a6ab13-4ee1-43d3-8a1a-423fd89000b8", "data": [{"text": "Can I satisfy my ", "userDefined": false}, {"meta": "@GE_AREA", "alias": "GE_AREA", "text": "c4", "userDefined": false}, {"text": " with ", "userDefined": false}, {"meta": "@CLASS_NAME", "alias": "CLASS_NAME", "text": "problem solving-with computers", "userDefined": false}, {"text": "?", "userDefined": false}], "count": 0, "isTemplate": false}, {"id": "2ea9e99e-790e-4561-9174-e59fb12218b8", "data": [{"text": "Can I satisfy my ", "userDefined": false}, {"meta": "@GE_AREA", "alias": "GE_AREA", "text": "D2", "userDefined": false}, {"text": " with ", "userDefined": false}, {"meta": "@CLASS_NAME", "alias": "CLASS_NAME", "text": "CSC 570", "userDefined": false}, {"text": "?", "userDefined": false}], "count": 0, "isTemplate": false}, {"id": "a2305cd9-4f8f-4c78-9f3c-bfb1c77c4154", "data": [{"text": "Can I satisfy my ", "userDefined": false}, {"meta": "@GE_AREA", "alias": "GE_AREA", "text": "a2", "userDefined": false}, {"text": " with ", "userDefined": false}, {"meta": "@CLASS_NAME", "alias": "CLASS_NAME", "text": "design-and analysis-of algorithms", "userDefined": false}, {"text": "?", "userDefined": false}], "count": 0, "isTemplate": false}, {"id": "2bec8aa7-e54f-4654-9c22-4c147820c120", "data": [{"text": "Can I satisfy my ", "userDefined": false}, {"meta": "@GE_AREA", "alias": "GE_AREA", "text": "B1", "userDefined": false}, {"text": " with ", "userDefined": false}, {"meta": "@CLASS_NAME", "alias": "CLASS_NAME", "text": "CSC 105", "userDefined": false}, {"text": "?", "userDefined": false}], "count": 0, "isTemplate": false}, {"id": "77483f63-9677-47c7-b889-1150468bb219", "data": [{"text": "Can I satisfy my ", "userDefined": false}, {"meta": "@GE_AREA", "alias": "GE_AREA", "text": "c1", "userDefined": false}, {"text": " with ", "userDefined": false}, {"meta": "@CLASS_NAME", "alias": "CLASS_NAME", "text": "theory-of computation ii", "userDefined": false}, {"text": "?", "userDefined": false}], "count": 0, "isTemplate": false}, {"id": "fcc52369-b5cc-4c17-aa7a-937d95fdd5d7", "data": [{"text": "Can I fulfill my ", "userDefined": false}, {"meta": "@GE_AREA", "alias": "GE_AREA", "text": "A2", "userDefined": false}, {"text": " with ", "userDefined": false}, {"meta": "@CLASS_NAME", "alias": "CLASS_NAME", "text": "cryptography engineering", "userDefined": false}, {"text": "?", "userDefined": false}], "count": 0, "isTemplate": false}, {"id": "7778c28f-97a7-4696-84ed-e86b1fabd8f7", "data": [{"text": "Can I fulfill my ", "userDefined": false}, {"meta": "@GE_AREA", "alias": "GE_AREA", "text": "b3", "userDefined": false}, {"text": " with ", "userDefined": false}, {"meta": "@CLASS_NAME", "alias": "CLASS_NAME", "text": "bioinformatics algorithms", "userDefined": false}, {"text": "?", "userDefined": false}], "count": 0, "isTemplate": false}, {"id": "b9def237-48e7-4453-9557-6d8cf69a3ae7", "data": [{"text": "Can I fulfill my ", "userDefined": false}, {"meta": "@GE_AREA", "alias": "GE_AREA", "text": "c4", "userDefined": false}, {"text": " with ", "userDefined": false}, {"meta": "@CLASS_NAME", "alias": "CLASS_NAME", "text": "CSC 550", "userDefined": false}, {"text": "?", "userDefined": false}], "count": 0, "isTemplate": false}, {"id": "b729849c-e952-4bb7-b63a-dd9da65fdf3c", "data": [{"text": "Can I fulfill my ", "userDefined": false}, {"meta": "@GE_AREA", "alias": "GE_AREA", "text": "b2", "userDefined": false}, {"text": " with ", "userDefined": false}, {"meta": "@CLASS_NAME", "alias": "CLASS_NAME", "text": "CSC 448", "userDefined": false}, {"text": "?", "userDefined": false}], "count": 0, "isTemplate": false}, {"id": "099c610c-63cc-41df-97bb-ea21750037a8", "data": [{"text": "Can I fulfill my ", "userDefined": false}, {"meta": "@GE_AREA", "alias": "GE_AREA", "text": "C3", "userDefined": false}, {"text": " with ", "userDefined": false}, {"meta": "@CLASS_NAME", "alias": "CLASS_NAME", "text": "CSC 466", "userDefined": false}, {"text": "?", "userDefined": false}], "count": 0, "isTemplate": false}, {"id": "d7ccaf52-b68d-45e4-aa7a-a549da3abcee", "data": [{"text": "Can I fulfill my ", "userDefined": false}, {"meta": "@GE_AREA", "alias": "GE_AREA", "text": "b3", "userDefined": false}, {"text": " with ", "userDefined": false}, {"meta": "@CLASS_NAME", "alias": "CLASS_NAME", "text": "software engineering i", "userDefined": false}, {"text": "?", "userDefined": false}], "count": 0, "isTemplate": false}, {"id": "a7457981-4850-4bfb-a802-38d0dc1d87c6", "data": [{"text": "Can I fulfill my ", "userDefined": false}, {"meta": "@GE_AREA", "alias": "GE_AREA", "text": "A3", "userDefined": false}, {"text": " with ", "userDefined": false}, {"meta": "@CLASS_NAME", "alias": "CLASS_NAME", "text": "CSC 430", "userDefined": false}, {"text": "?", "userDefined": false}], "count": 0, "isTemplate": false}, {"id": "c2464d41-a366-447a-a70f-49900a3ff16e", "data": [{"text": "Can I fulfill my ", "userDefined": false}, {"meta": "@GE_AREA", "alias": "GE_AREA", "text": "b4", "userDefined": false}, {"text": " with ", "userDefined": false}, {"meta": "@CLASS_NAME", "alias": "CLASS_NAME", "text": "CSC 569", "userDefined": false}, {"text": "?", "userDefined": false}], "count": 0, "isTemplate": false}, {"id": "1d045e20-add7-4ff1-9113-8c8d5aa133f4", "data": [{"text": "Can I fulfill my ", "userDefined": false}, {"meta": "@GE_AREA", "alias": "GE_AREA", "text": "C3", "userDefined": false}, {"text": " with ", "userDefined": false}, {"meta": "@CLASS_NAME", "alias": "CLASS_NAME", "text": "CSC 497", "userDefined": false}, {"text": "?", "userDefined": false}], "count": 0, "isTemplate": false}, {"id": "1dbf9abe-8011-4532-ae25-5e0f76e8601e", "data": [{"text": "Can I fulfill my ", "userDefined": false}, {"meta": "@GE_AREA", "alias": "GE_AREA", "text": "b2", "userDefined": false}, {"text": " with ", "userDefined": false}, {"meta": "@CLASS_NAME", "alias": "CLASS_NAME", "text": "current topics-in artificial intelligence", "userDefined": false}, {"text": "?", "userDefined": false}], "count": 0, "isTemplate": false}, {"id": "ab35bf6c-9b45-4b7b-8b3c-012bf477c6c9", "data": [{"text": "Can I get credits for GE Area ", "userDefined": false}, {"meta": "@GE_AREA", "alias": "GE_AREA", "text": "F", "userDefined": false}, {"text": " with ", "userDefined": false}, {"meta": "@CLASS_NAME", "alias": "CLASS_NAME", "text": "CSC 483", "userDefined": false}, {"text": "?", "userDefined": false}], "count": 0, "isTemplate": false}, {"id": "a319940d-1dbf-45f9-b699-6c84367e1300", "data": [{"text": "Can I get credits for GE Area ", "userDefined": false}, {"meta": "@GE_AREA", "alias": "GE_AREA", "text": "d3", "userDefined": false}, {"text": " with ", "userDefined": false}, {"meta": "@CLASS_NAME", "alias": "CLASS_NAME", "text": "CSC 236", "userDefined": false}, {"text": "?", "userDefined": false}], "count": 0, "isTemplate": false}, {"id": "0560ac3e-216c-4a49-8a3b-6db2fb07fe0c", "data": [{"text": "Can I get credits for GE Area ", "userDefined": false}, {"meta": "@GE_AREA", "alias": "GE_AREA", "text": "C2", "userDefined": false}, {"text": " with ", "userDefined": false}, {"meta": "@CLASS_NAME", "alias": "CLASS_NAME", "text": "CSC 486", "userDefined": false}, {"text": "?", "userDefined": false}], "count": 0, "isTemplate": false}, {"id": "afe64a74-d43a-4ab6-b440-2a91ab1f6862", "data": [{"text": "Can I get credits for GE Area ", "userDefined": false}, {"meta": "@GE_AREA", "alias": "GE_AREA", "text": "b 7", "userDefined": false}, {"text": " with ", "userDefined": false}, {"meta": "@CLASS_NAME", "alias": "CLASS_NAME", "text": "CSC 231", "userDefined": false}, {"text": "?", "userDefined": false}], "count": 0, "isTemplate": false}, {"id": "644d8fae-6fc0-4c0c-8127-c4090398399d", "data": [{"text": "Can I get credits for GE Area ", "userDefined": false}, {"meta": "@GE_AREA", "alias": "GE_AREA", "text": "b 7", "userDefined": false}, {"text": " with ", "userDefined": false}, {"meta": "@CLASS_NAME", "alias": "CLASS_NAME", "text": "cooperative education experience", "userDefined": false}, {"text": "?", "userDefined": false}], "count": 0, "isTemplate": false}, {"id": "ad6a2979-5969-4fe6-aa87-7eeecd84e75c", "data": [{"text": "Can I get credits for GE Area ", "userDefined": false}, {"meta": "@GE_AREA", "alias": "GE_AREA", "text": "A3", "userDefined": false}, {"text": " with ", "userDefined": false}, {"meta": "@CLASS_NAME", "alias": "CLASS_NAME", "text": "database modeling, design-and implementation", "userDefined": false}, {"text": "?", "userDefined": false}], "count": 0, "isTemplate": false}, {"id": "42973b15-3571-4136-8970-dc5ac0d00053", "data": [{"text": "Can I get credits for GE Area ", "userDefined": false}, {"meta": "@GE_AREA", "alias": "GE_AREA", "text": "c3", "userDefined": false}, {"text": " with ", "userDefined": false}, {"meta": "@CLASS_NAME", "alias": "CLASS_NAME", "text": "computational art", "userDefined": false}, {"text": "?", "userDefined": false}], "count": 0, "isTemplate": false}, {"id": "e8303e6c-546d-47e1-bcb4-aa685eddc6c6", "data": [{"text": "Can I get credits for GE Area ", "userDefined": false}, {"meta": "@GE_AREA", "alias": "GE_AREA", "text": "B4", "userDefined": false}, {"text": " with ", "userDefined": false}, {"meta": "@CLASS_NAME", "alias": "CLASS_NAME", "text": "languages-and translators", "userDefined": false}, {"text": "?", "userDefined": false}], "count": 0, "isTemplate": false}, {"id": "4e0a6d5b-1526-4502-b256-32041b08cdc4", "data": [{"text": "Can I get credits for GE Area ", "userDefined": false}, {"meta": "@GE_AREA", "alias": "GE_AREA", "text": "B4", "userDefined": false}, {"text": " with ", "userDefined": false}, {"meta": "@CLASS_NAME", "alias": "CLASS_NAME", "text": "CSC 453", "userDefined": false}, {"text": "?", "userDefined": false}], "count": 0, "isTemplate": false}, {"id": "d44bda8e-a5bc-4583-bc9c-a22afe2cc6a5", "data": [{"text": "Can I get credits for GE Area ", "userDefined": false}, {"meta": "@GE_AREA", "alias": "GE_AREA", "text": "D3", "userDefined": false}, {"text": " with ", "userDefined": false}, {"meta": "@CLASS_NAME", "alias": "CLASS_NAME", "text": "selected advanced laboratory", "userDefined": false}, {"text": "?", "userDefined": false}], "count": 0, "isTemplate": false}, {"id": "289a2a76-da2a-432d-a0e0-a91e3d4f95a9", "data": [{"text": "Can I get credits for ", "userDefined": false}, {"meta": "@GE_AREA", "alias": "GE_AREA", "text": "C3", "userDefined": false}, {"text": " with ", "userDefined": false}, {"meta": "@CLASS_NAME", "alias": "CLASS_NAME", "text": "personal software process", "userDefined": false}, {"text": "?", "userDefined": false}], "count": 0, "isTemplate": false}, {"id": "73392e3c-c633-44d6-8b72-b17a73a9816c", "data": [{"text": "Can I get credits for ", "userDefined": false}, {"meta": "@GE_AREA", "alias": "GE_AREA", "text": "A4", "userDefined": false}, {"text": " with ", "userDefined": false}, {"meta": "@CLASS_NAME", "alias": "CLASS_NAME", "text": "introduction-to distributed computing", "userDefined": false}, {"text": "?", "userDefined": false}], "count": 0, "isTemplate": false}, {"id": "e5c9b97d-c827-483c-8245-027b8824775f", "data": [{"text": "Can I get credits for ", "userDefined": false}, {"meta": "@GE_AREA", "alias": "GE_AREA", "text": "f", "userDefined": false}, {"text": " with ", "userDefined": false}, {"meta": "@CLASS_NAME", "alias": "CLASS_NAME", "text": "CSC 431", "userDefined": false}, {"text": "?", "userDefined": false}], "count": 0, "isTemplate": false}, {"id": "592d022b-36de-4483-822a-0e5e6ef950d5", "data": [{"text": "Can I get credits for ", "userDefined": false}, {"meta": "@GE_AREA", "alias": "GE_AREA", "text": "c4", "userDefined": false}, {"text": " with ", "userDefined": false}, {"meta": "@CLASS_NAME", "alias": "CLASS_NAME", "text": "CSC 482", "userDefined": false}, {"text": "?", "userDefined": false}], "count": 0, "isTemplate": false}, {"id": "23a73f12-8a83-4e9a-b85e-d29a61f582ec", "data": [{"text": "Can I get credits for ", "userDefined": false}, {"meta": "@GE_AREA", "alias": "GE_AREA", "text": "b3", "userDefined": false}, {"text": " with ", "userDefined": false}, {"meta": "@CLASS_NAME", "alias": "CLASS_NAME", "text": "CSC 409", "userDefined": false}, {"text": "?", "userDefined": false}], "count": 0, "isTemplate": false}, {"id": "f7b7c545-2de8-401c-8cf7-17e62cc755c5", "data": [{"text": "Can I get credits for ", "userDefined": false}, {"meta": "@GE_AREA", "alias": "GE_AREA", "text": "c2", "userDefined": false}, {"text": " with ", "userDefined": false}, {"meta": "@CLASS_NAME", "alias": "CLASS_NAME", "text": "current topics-in artificial intelligence", "userDefined": false}, {"text": "?", "userDefined": false}], "count": 0, "isTemplate": false}, {"id": "78202802-5f0a-4df3-b968-1eeceef08627", "data": [{"text": "Can I get credits for ", "userDefined": false}, {"meta": "@GE_AREA", "alias": "GE_AREA", "text": "B1", "userDefined": false}, {"text": " with ", "userDefined": false}, {"meta": "@CLASS_NAME", "alias": "CLASS_NAME", "text": "research senior project ii", "userDefined": false}, {"text": "?", "userDefined": false}], "count": 0, "isTemplate": false}, {"id": "74514c4c-1ba2-4edc-a6cd-f04dbe70c3e3", "data": [{"text": "Can I get credits for ", "userDefined": false}, {"meta": "@GE_AREA", "alias": "GE_AREA", "text": "A3", "userDefined": false}, {"text": " with ", "userDefined": false}, {"meta": "@CLASS_NAME", "alias": "CLASS_NAME", "text": "introduction-to interactive entertainment", "userDefined": false}, {"text": "?", "userDefined": false}], "count": 0, "isTemplate": false}, {"id": "70696392-04ad-42fe-b721-f97d5f79849c", "data": [{"text": "Can I get credits for ", "userDefined": false}, {"meta": "@GE_AREA", "alias": "GE_AREA", "text": "D3", "userDefined": false}, {"text": " with ", "userDefined": false}, {"meta": "@CLASS_NAME", "alias": "CLASS_NAME", "text": "CSC 435", "userDefined": false}, {"text": "?", "userDefined": false}], "count": 0, "isTemplate": false}, {"id": "f0dca191-cc7c-4d7a-9234-6f9420046886", "data": [{"text": "Can I get credits for ", "userDefined": false}, {"meta": "@GE_AREA", "alias": "GE_AREA", "text": "b3", "userDefined": false}, {"text": " with ", "userDefined": false}, {"meta": "@CLASS_NAME", "alias": "CLASS_NAME", "text": "research-in computer science ii", "userDefined": false}, {"text": "?", "userDefined": false}], "count": 0, "isTemplate": false}, {"id": "8e2e428d-871f-4548-bc96-93c5c3d62753", "data": [{"text": "Is it possible to get credits for GE Area ", "userDefined": false}, {"meta": "@GE_AREA", "alias": "GE_AREA", "text": "d1", "userDefined": false}, {"text": " with ", "userDefined": false}, {"meta": "@CLASS_NAME", "alias": "CLASS_NAME", "text": "CSC 301", "userDefined": false}, {"text": "?", "userDefined": false}], "count": 0, "isTemplate": false}, {"id": "a073252a-9e7d-4629-a830-068b27d3d11e", "data": [{"text": "Is it possible to get credits for GE Area ", "userDefined": false}, {"meta": "@GE_AREA", "alias": "GE_AREA", "text": "d3", "userDefined": false}, {"text": " with ", "userDefined": false}, {"meta": "@CLASS_NAME", "alias": "CLASS_NAME", "text": "CSC 402", "userDefined": false}, {"text": "?", "userDefined": false}], "count": 0, "isTemplate": false}, {"id": "268711d9-9e6d-4a7b-b5d6-e996944168a2", "data": [{"text": "Is it possible to get credits for GE Area ", "userDefined": false}, {"meta": "@GE_AREA", "alias": "GE_AREA", "text": "a1", "userDefined": false}, {"text": " with ", "userDefined": false}, {"meta": "@CLASS_NAME", "alias": "CLASS_NAME", "text": "computer support-for knowledge management", "userDefined": false}, {"text": "?", "userDefined": false}], "count": 0, "isTemplate": false}, {"id": "282b0f92-803f-404a-8c03-b539bd5133c0", "data": [{"text": "Is it possible to get credits for GE Area ", "userDefined": false}, {"meta": "@GE_AREA", "alias": "GE_AREA", "text": "A1", "userDefined": false}, {"text": " with ", "userDefined": false}, {"meta": "@CLASS_NAME", "alias": "CLASS_NAME", "text": "CSC 580", "userDefined": false}, {"text": "?", "userDefined": false}], "count": 0, "isTemplate": false}, {"id": "174d26fe-77b6-4a5e-9f70-94f20332d774", "data": [{"text": "Is it possible to get credits for GE Area ", "userDefined": false}, {"meta": "@GE_AREA", "alias": "GE_AREA", "text": "b4", "userDefined": false}, {"text": " with ", "userDefined": false}, {"meta": "@CLASS_NAME", "alias": "CLASS_NAME", "text": "CSC 560", "userDefined": false}, {"text": "?", "userDefined": false}], "count": 0, "isTemplate": false}, {"id": "c9406aac-895d-4659-9c3f-3eaab11d0eb5", "data": [{"text": "Is it possible to get credits for GE Area ", "userDefined": false}, {"meta": "@GE_AREA", "alias": "GE_AREA", "text": "c3", "userDefined": false}, {"text": " with ", "userDefined": false}, {"meta": "@CLASS_NAME", "alias": "CLASS_NAME", "text": "distributed computing", "userDefined": false}, {"text": "?", "userDefined": false}], "count": 0, "isTemplate": false}, {"id": "0d45abe9-8c0b-4647-afa3-8b96fcca443b", "data": [{"text": "Is it possible to get credits for GE Area ", "userDefined": false}, {"meta": "@GE_AREA", "alias": "GE_AREA", "text": "a4", "userDefined": false}, {"text": " with ", "userDefined": false}, {"meta": "@CLASS_NAME", "alias": "CLASS_NAME", "text": "CSC 302", "userDefined": false}, {"text": "?", "userDefined": false}], "count": 0, "isTemplate": false}, {"id": "9303a020-1715-40c9-9e68-431eff03f9e6", "data": [{"text": "Is it possible to get credits for GE Area ", "userDefined": false}, {"meta": "@GE_AREA", "alias": "GE_AREA", "text": "B4", "userDefined": false}, {"text": " with ", "userDefined": false}, {"meta": "@CLASS_NAME", "alias": "CLASS_NAME", "text": "c-and unix", "userDefined": false}, {"text": "?", "userDefined": false}], "count": 0, "isTemplate": false}, {"id": "35b0364f-19e2-42f2-ba8f-de93b9ff989b", "data": [{"text": "Is it possible to get credits for GE Area ", "userDefined": false}, {"meta": "@GE_AREA", "alias": "GE_AREA", "text": "B2", "userDefined": false}, {"text": " with ", "userDefined": false}, {"meta": "@CLASS_NAME", "alias": "CLASS_NAME", "text": "CSC 490", "userDefined": false}, {"text": "?", "userDefined": false}], "count": 0, "isTemplate": false}, {"id": "e687611f-05f9-4014-8d12-7144b0bf2cab", "data": [{"text": "Is it possible to get credits for GE Area ", "userDefined": false}, {"meta": "@GE_AREA", "alias": "GE_AREA", "text": "d3", "userDefined": false}, {"text": " with ", "userDefined": false}, {"meta": "@CLASS_NAME", "alias": "CLASS_NAME", "text": "implementation-of operating systems", "userDefined": false}, {"text": "?", "userDefined": false}], "count": 0, "isTemplate": false}, {"id": "4d2a3539-252d-4817-b3f5-a60f8588a2e0", "data": [{"text": "Does ", "userDefined": false}, {"meta": "@CLASS_NAME", "alias": "CLASS_NAME", "text": "CSC 445", "userDefined": false}, {"text": " fulfill GE Area ", "userDefined": false}, {"meta": "@GE_AREA", "alias": "GE_AREA", "text": "C3", "userDefined": false}, {"text": "?", "userDefined": false}], "count": 0, "isTemplate": false}, {"id": "ac1f89be-d7c3-4459-bc90-29ac6c1502ec", "data": [{"text": "Does ", "userDefined": false}, {"meta": "@CLASS_NAME", "alias": "CLASS_NAME", "text": "computational art", "userDefined": false}, {"text": " fulfill GE Area ", "userDefined": false}, {"meta": "@GE_AREA", "alias": "GE_AREA", "text": "f", "userDefined": false}, {"text": "?", "userDefined": false}], "count": 0, "isTemplate": false}, {"id": "402c4015-86b0-4add-bca2-14bcf34463d8", "data": [{"text": "Does ", "userDefined": false}, {"meta": "@CLASS_NAME", "alias": "CLASS_NAME", "text": "network-and web security", "userDefined": false}, {"text": " fulfill GE Area ", "userDefined": false}, {"meta": "@GE_AREA", "alias": "GE_AREA", "text": "a3", "userDefined": false}, {"text": "?", "userDefined": false}], "count": 0, "isTemplate": false}, {"id": "ea60dd5d-9a0a-4305-8eb5-5539ea1cef67", "data": [{"text": "Does ", "userDefined": false}, {"meta": "@CLASS_NAME", "alias": "CLASS_NAME", "text": "introduction-to software engineering", "userDefined": false}, {"text": " fulfill GE Area ", "userDefined": false}, {"meta": "@GE_AREA", "alias": "GE_AREA", "text": "b3", "userDefined": false}, {"text": "?", "userDefined": false}], "count": 0, "isTemplate": false}, {"id": "bd4c0de2-47f1-48e0-a198-7225e66d70c8", "data": [{"text": "Does ", "userDefined": false}, {"meta": "@CLASS_NAME", "alias": "CLASS_NAME", "text": "CSC 566", "userDefined": false}, {"text": " fulfill GE Area ", "userDefined": false}, {"meta": "@GE_AREA", "alias": "GE_AREA", "text": "B3", "userDefined": false}, {"text": "?", "userDefined": false}], "count": 0, "isTemplate": false}, {"id": "6e5694d7-5b43-45fa-9363-c4cbbd92f1c2", "data": [{"text": "Does ", "userDefined": false}, {"meta": "@CLASS_NAME", "alias": "CLASS_NAME", "text": "introduction-to database systems", "userDefined": false}, {"text": " fulfill GE Area ", "userDefined": false}, {"meta": "@GE_AREA", "alias": "GE_AREA", "text": "d2", "userDefined": false}, {"text": "?", "userDefined": false}], "count": 0, "isTemplate": false}, {"id": "a92c7a61-1ba1-4492-ba4b-e94632f1d652", "data": [{"text": "Does ", "userDefined": false}, {"meta": "@CLASS_NAME", "alias": "CLASS_NAME", "text": "computing-for interactive arts capstone i", "userDefined": false}, {"text": " fulfill GE Area ", "userDefined": false}, {"meta": "@GE_AREA", "alias": "GE_AREA", "text": "D4", "userDefined": false}, {"text": "?", "userDefined": false}], "count": 0, "isTemplate": false}, {"id": "a26cb59c-e0ef-45eb-8736-847a8526f668", "data": [{"text": "Does ", "userDefined": false}, {"meta": "@CLASS_NAME", "alias": "CLASS_NAME", "text": "introduction-to software engineering", "userDefined": false}, {"text": " fulfill GE Area ", "userDefined": false}, {"meta": "@GE_AREA", "alias": "GE_AREA", "text": "A2", "userDefined": false}, {"text": "?", "userDefined": false}], "count": 0, "isTemplate": false}, {"id": "639f633b-0c92-40ae-899c-3d750ed7b1df", "data": [{"text": "Does ", "userDefined": false}, {"meta": "@CLASS_NAME", "alias": "CLASS_NAME", "text": "CSC 572", "userDefined": false}, {"text": " fulfill GE Area ", "userDefined": false}, {"meta": "@GE_AREA", "alias": "GE_AREA", "text": "a4", "userDefined": false}, {"text": "?", "userDefined": false}], "count": 0, "isTemplate": false}, {"id": "07f18259-c909-4c7d-acf9-4d53bfb8b0d2", "data": [{"text": "Does ", "userDefined": false}, {"meta": "@CLASS_NAME", "alias": "CLASS_NAME", "text": "software engineering ii", "userDefined": false}, {"text": " fulfill GE Area ", "userDefined": false}, {"meta": "@GE_AREA", "alias": "GE_AREA", "text": "A2", "userDefined": false}, {"text": "?", "userDefined": false}], "count": 0, "isTemplate": false}]