[{"count": 0, "data": [{"userDefined": false, "text": "How many units is "}, {"userDefined": false, "meta": "@CLASS_NAME", "alias": "CLASS_NAME", "text": "computers-for poets"}, {"userDefined": false, "text": " worth?"}], "isTemplate": false, "id": "209cfab6-49cb-4c23-8047-419b24fd5f55"}, {"count": 0, "data": [{"userDefined": false, "text": "How many credits is "}, {"userDefined": false, "meta": "@CLASS_NAME", "alias": "CLASS_NAME", "text": "CSC 410"}, {"userDefined": false, "text": " worth?"}], "isTemplate": false, "id": "2dbf85da-58c9-450a-92fb-1fb65f42d7fd"}, {"count": 0, "data": [{"userDefined": false, "text": "How many credits is "}, {"userDefined": false, "meta": "@CLASS_NAME", "alias": "CLASS_NAME", "text": "CSC 473"}, {"userDefined": false, "text": "?"}], "isTemplate": false, "id": "1a24b806-bbfd-4fee-84f0-ac211b596a40"}, {"count": 0, "data": [{"userDefined": false, "text": "How many units does "}, {"userDefined": false, "meta": "@CLASS_NAME", "alias": "CLASS_NAME", "text": "CSC 596"}, {"userDefined": false, "text": " count for?"}], "isTemplate": false, "id": "c4a6d3b0-7219-4af2-a753-8a5b340a3a06"}, {"count": 0, "data": [{"userDefined": false, "text": "How many units is "}, {"userDefined": false, "meta": "@CLASS_NAME", "alias": "CLASS_NAME", "text": "CSC 325"}, {"userDefined": false, "text": "?"}], "isTemplate": false, "id": "c2b2cd9e-c79d-4497-8670-b0fa707803f5"}]