[{"count": 0, "data": [{"userDefined": false, "text": "What courses are prerequisites for the most other classes?"}], "isTemplate": false, "id": "0f9c983b-1422-4aa9-9028-884999dacdd2"}, {"count": 0, "data": [{"userDefined": false, "text": "What courses are prereqs for the most other classes?"}], "isTemplate": false, "id": "7b17dde3-b89d-4f48-aa8d-c32f8b5721fa"}, {"count": 0, "data": [{"userDefined": false, "text": "What classes are prereqs for most other classes?"}], "isTemplate": false, "id": "69a72ee6-319b-4a73-a42e-d099442d2f01"}, {"count": 0, "data": [{"userDefined": false, "text": "Which classes are prerequisites for many other classes?"}], "isTemplate": false, "id": "ad8bc432-ed67-46d3-bbe1-7a4fe3a9ab64"}, {"count": 0, "data": [{"userDefined": false, "text": "Which classes are foundational to take?"}], "isTemplate": false, "id": "99c393b4-28fb-4800-9825-cde8b4c4a589"}, {"count": 0, "data": [{"userDefined": false, "text": "What classes are prerequisites for the most other classes?"}], "isTemplate": false, "id": "a6e7c716-a490-41bc-8843-2195826412b4"}]