[{"id": "3d54066b-3517-4197-88cf-7221e0435cda", "data": [{"text": "Can ", "userDefined": false}, {"meta": "@CLASS_NAME", "alias": "CLASS_NAME", "text": "CSC 508", "userDefined": false}, {"text": " also be found in ", "userDefined": false}, {"meta": "@DEPARTMENT_ABBREVIATION", "alias": "DEPARTMENT_ABBREVIATION", "text": "cpe", "userDefined": false}, {"text": "?", "userDefined": false}], "count": 0, "isTemplate": false}, {"id": "49d592ee-72d9-479d-b618-18b0cb5156cc", "data": [{"text": "Can ", "userDefined": false}, {"meta": "@CLASS_NAME", "alias": "CLASS_NAME", "text": "CSC 310", "userDefined": false}, {"text": " also be found in ", "userDefined": false}, {"meta": "@DEPARTMENT_ABBREVIATION", "alias": "DEPARTMENT_ABBREVIATION", "text": "CSC", "userDefined": false}, {"text": "?", "userDefined": false}], "count": 0, "isTemplate": false}, {"id": "a066a87c-9f73-4c0c-8562-897694430667", "data": [{"text": "Can ", "userDefined": false}, {"meta": "@CLASS_NAME", "alias": "CLASS_NAME", "text": "advanced rendering techniques", "userDefined": false}, {"text": " also be found in ", "userDefined": false}, {"meta": "@DEPARTMENT_ABBREVIATION", "alias": "DEPARTMENT_ABBREVIATION", "text": "cpe", "userDefined": false}, {"text": "?", "userDefined": false}], "count": 0, "isTemplate": false}, {"id": "21e187f8-f3e7-42e2-8b69-cf8378e84f16", "data": [{"text": "Can ", "userDefined": false}, {"meta": "@CLASS_NAME", "alias": "CLASS_NAME", "text": "CSC 309", "userDefined": false}, {"text": " also be found in ", "userDefined": false}, {"meta": "@DEPARTMENT_ABBREVIATION", "alias": "DEPARTMENT_ABBREVIATION", "text": "CSC", "userDefined": false}, {"text": "?", "userDefined": false}], "count": 0, "isTemplate": false}, {"id": "2ab5f04e-095c-4ebe-ab92-0fea4b4704fa", "data": [{"text": "Can ", "userDefined": false}, {"meta": "@CLASS_NAME", "alias": "CLASS_NAME", "text": "computer animation", "userDefined": false}, {"text": " also be found in ", "userDefined": false}, {"meta": "@DEPARTMENT_ABBREVIATION", "alias": "DEPARTMENT_ABBREVIATION", "text": "CPE", "userDefined": false}, {"text": "?", "userDefined": false}], "count": 0, "isTemplate": false}, {"id": "e79fd87b-ec49-4811-91ac-f58a4c749106", "data": [{"text": "Can ", "userDefined": false}, {"meta": "@CLASS_NAME", "alias": "CLASS_NAME", "text": "CSC 303", "userDefined": false}, {"text": " also be found in ", "userDefined": false}, {"meta": "@DEPARTMENT_ABBREVIATION", "alias": "DEPARTMENT_ABBREVIATION", "text": "cpe", "userDefined": false}, {"text": "?", "userDefined": false}], "count": 0, "isTemplate": false}, {"id": "174cba49-85b6-4b07-9444-9df78ea5fc15", "data": [{"text": "Can ", "userDefined": false}, {"meta": "@CLASS_NAME", "alias": "CLASS_NAME", "text": "special problems", "userDefined": false}, {"text": " also be found in ", "userDefined": false}, {"meta": "@DEPARTMENT_ABBREVIATION", "alias": "DEPARTMENT_ABBREVIATION", "text": "csc", "userDefined": false}, {"text": "?", "userDefined": false}], "count": 0, "isTemplate": false}, {"id": "5994dc62-1fad-4954-98b0-7a97498b4e4f", "data": [{"text": "Can ", "userDefined": false}, {"meta": "@CLASS_NAME", "alias": "CLASS_NAME", "text": "software engineering i", "userDefined": false}, {"text": " also be found in ", "userDefined": false}, {"meta": "@DEPARTMENT_ABBREVIATION", "alias": "DEPARTMENT_ABBREVIATION", "text": "CSC", "userDefined": false}, {"text": "?", "userDefined": false}], "count": 0, "isTemplate": false}, {"id": "97dc8dc3-b053-437a-809f-538aa2d024c2", "data": [{"text": "Can ", "userDefined": false}, {"meta": "@CLASS_NAME", "alias": "CLASS_NAME", "text": "senior project ii", "userDefined": false}, {"text": " also be found in ", "userDefined": false}, {"meta": "@DEPARTMENT_ABBREVIATION", "alias": "DEPARTMENT_ABBREVIATION", "text": "CSC", "userDefined": false}, {"text": "?", "userDefined": false}], "count": 0, "isTemplate": false}, {"id": "30468a57-fb6d-4cea-95fb-cfd5b625ece8", "data": [{"text": "Can ", "userDefined": false}, {"meta": "@CLASS_NAME", "alias": "CLASS_NAME", "text": "cooperative education experience", "userDefined": false}, {"text": " also be found in ", "userDefined": false}, {"meta": "@DEPARTMENT_ABBREVIATION", "alias": "DEPARTMENT_ABBREVIATION", "text": "csc", "userDefined": false}, {"text": "?", "userDefined": false}], "count": 0, "isTemplate": false}, {"id": "33255e82-7771-4c92-839d-a68f1b706bc2", "data": [{"text": "May ", "userDefined": false}, {"meta": "@CLASS_NAME", "alias": "CLASS_NAME", "text": "CSC 325", "userDefined": false}, {"text": " also be listed in ", "userDefined": false}, {"meta": "@DEPARTMENT_ABBREVIATION", "alias": "DEPARTMENT_ABBREVIATION", "text": "csc", "userDefined": false}, {"text": "?", "userDefined": false}], "count": 0, "isTemplate": false}, {"id": "45986938-d5b1-4b47-8dc5-ee8fc0b5ce64", "data": [{"text": "May ", "userDefined": false}, {"meta": "@CLASS_NAME", "alias": "CLASS_NAME", "text": "CSC 596", "userDefined": false}, {"text": " also be listed in ", "userDefined": false}, {"meta": "@DEPARTMENT_ABBREVIATION", "alias": "DEPARTMENT_ABBREVIATION", "text": "cpe", "userDefined": false}, {"text": "?", "userDefined": false}], "count": 0, "isTemplate": false}, {"id": "2bdf3885-0538-4a29-a06c-711793cec964", "data": [{"text": "May ", "userDefined": false}, {"meta": "@CLASS_NAME", "alias": "CLASS_NAME", "text": "CSC 429", "userDefined": false}, {"text": " also be listed in ", "userDefined": false}, {"meta": "@DEPARTMENT_ABBREVIATION", "alias": "DEPARTMENT_ABBREVIATION", "text": "CPE", "userDefined": false}, {"text": "?", "userDefined": false}], "count": 0, "isTemplate": false}, {"id": "899eeabe-8405-47f2-a599-40a3b27b1f45", "data": [{"text": "May ", "userDefined": false}, {"meta": "@CLASS_NAME", "alias": "CLASS_NAME", "text": "dynamic web development", "userDefined": false}, {"text": " also be listed in ", "userDefined": false}, {"meta": "@DEPARTMENT_ABBREVIATION", "alias": "DEPARTMENT_ABBREVIATION", "text": "CSC", "userDefined": false}, {"text": "?", "userDefined": false}], "count": 0, "isTemplate": false}, {"id": "0bf82b14-b290-4dd9-bb88-e2c0eafc914a", "data": [{"text": "May ", "userDefined": false}, {"meta": "@CLASS_NAME", "alias": "CLASS_NAME", "text": "data structures", "userDefined": false}, {"text": " also be listed in ", "userDefined": false}, {"meta": "@DEPARTMENT_ABBREVIATION", "alias": "DEPARTMENT_ABBREVIATION", "text": "CPE", "userDefined": false}, {"text": "?", "userDefined": false}], "count": 0, "isTemplate": false}, {"id": "2d837f4b-bfb6-4fa3-850c-520a01bc7c7d", "data": [{"text": "May ", "userDefined": false}, {"meta": "@CLASS_NAME", "alias": "CLASS_NAME", "text": "cooperative education experience", "userDefined": false}, {"text": " also be listed in ", "userDefined": false}, {"meta": "@DEPARTMENT_ABBREVIATION", "alias": "DEPARTMENT_ABBREVIATION", "text": "CSC", "userDefined": false}, {"text": "?", "userDefined": false}], "count": 0, "isTemplate": false}, {"id": "6416e000-d6c7-4c8a-b4a7-14c18cbb2469", "data": [{"text": "May ", "userDefined": false}, {"meta": "@CLASS_NAME", "alias": "CLASS_NAME", "text": "theory-of computation i", "userDefined": false}, {"text": " also be listed in ", "userDefined": false}, {"meta": "@DEPARTMENT_ABBREVIATION", "alias": "DEPARTMENT_ABBREVIATION", "text": "CPE", "userDefined": false}, {"text": "?", "userDefined": false}], "count": 0, "isTemplate": false}, {"id": "9a45036d-315f-4b26-8709-7f29765bc088", "data": [{"text": "May ", "userDefined": false}, {"meta": "@CLASS_NAME", "alias": "CLASS_NAME", "text": "CSC 599", "userDefined": false}, {"text": " also be listed in ", "userDefined": false}, {"meta": "@DEPARTMENT_ABBREVIATION", "alias": "DEPARTMENT_ABBREVIATION", "text": "csc", "userDefined": false}, {"text": "?", "userDefined": false}], "count": 0, "isTemplate": false}, {"id": "3c6a9928-112e-4a5f-9f6f-f67b6a259fbe", "data": [{"text": "May ", "userDefined": false}, {"meta": "@CLASS_NAME", "alias": "CLASS_NAME", "text": "cooperative education experience", "userDefined": false}, {"text": " also be listed in ", "userDefined": false}, {"meta": "@DEPARTMENT_ABBREVIATION", "alias": "DEPARTMENT_ABBREVIATION", "text": "CPE", "userDefined": false}, {"text": "?", "userDefined": false}], "count": 0, "isTemplate": false}, {"id": "7646b988-9277-49c5-ab29-db92b81646c3", "data": [{"text": "May ", "userDefined": false}, {"meta": "@CLASS_NAME", "alias": "CLASS_NAME", "text": "introduction-to mixed reality", "userDefined": false}, {"text": " also be listed in ", "userDefined": false}, {"meta": "@DEPARTMENT_ABBREVIATION", "alias": "DEPARTMENT_ABBREVIATION", "text": "csc", "userDefined": false}, {"text": "?", "userDefined": false}], "count": 0, "isTemplate": false}, {"id": "bceb2cd6-4357-415d-a91d-492e66efce06", "data": [{"text": "Can I also find ", "userDefined": false}, {"meta": "@CLASS_NAME", "alias": "CLASS_NAME", "text": "software engineering ii", "userDefined": false}, {"text": " in ", "userDefined": false}, {"meta": "@DEPARTMENT_ABBREVIATION", "alias": "DEPARTMENT_ABBREVIATION", "text": "CPE", "userDefined": false}, {"text": "?", "userDefined": false}], "count": 0, "isTemplate": false}, {"id": "797f98bc-1cef-4690-9164-9caee736bd30", "data": [{"text": "Can I also find ", "userDefined": false}, {"meta": "@CLASS_NAME", "alias": "CLASS_NAME", "text": "current topics-in software engineering", "userDefined": false}, {"text": " in ", "userDefined": false}, {"meta": "@DEPARTMENT_ABBREVIATION", "alias": "DEPARTMENT_ABBREVIATION", "text": "CSC", "userDefined": false}, {"text": "?", "userDefined": false}], "count": 0, "isTemplate": false}, {"id": "29ed50f4-6bb7-493a-9f7d-99b86d59f3d8", "data": [{"text": "Can I also find ", "userDefined": false}, {"meta": "@CLASS_NAME", "alias": "CLASS_NAME", "text": "CSC 308", "userDefined": false}, {"text": " in ", "userDefined": false}, {"meta": "@DEPARTMENT_ABBREVIATION", "alias": "DEPARTMENT_ABBREVIATION", "text": "CSC", "userDefined": false}, {"text": "?", "userDefined": false}], "count": 0, "isTemplate": false}, {"id": "03ba4deb-cb52-4f6a-bcae-515d2b323c23", "data": [{"text": "Can I also find ", "userDefined": false}, {"meta": "@CLASS_NAME", "alias": "CLASS_NAME", "text": "bioinformatics algorithms", "userDefined": false}, {"text": " in ", "userDefined": false}, {"meta": "@DEPARTMENT_ABBREVIATION", "alias": "DEPARTMENT_ABBREVIATION", "text": "cpe", "userDefined": false}, {"text": "?", "userDefined": false}], "count": 0, "isTemplate": false}, {"id": "184916b4-803d-448e-a0bc-6ba222c936f8", "data": [{"text": "Can I also find ", "userDefined": false}, {"meta": "@CLASS_NAME", "alias": "CLASS_NAME", "text": "database systems", "userDefined": false}, {"text": " in ", "userDefined": false}, {"meta": "@DEPARTMENT_ABBREVIATION", "alias": "DEPARTMENT_ABBREVIATION", "text": "CPE", "userDefined": false}, {"text": "?", "userDefined": false}], "count": 0, "isTemplate": false}, {"id": "83e32bcd-fced-4b64-add1-250012565954", "data": [{"text": "Can I also find ", "userDefined": false}, {"meta": "@CLASS_NAME", "alias": "CLASS_NAME", "text": "CSC 108", "userDefined": false}, {"text": " in ", "userDefined": false}, {"meta": "@DEPARTMENT_ABBREVIATION", "alias": "DEPARTMENT_ABBREVIATION", "text": "CSC", "userDefined": false}, {"text": "?", "userDefined": false}], "count": 0, "isTemplate": false}, {"id": "fe7db15a-d432-4164-b67f-4fb7540946b0", "data": [{"text": "Can I also find ", "userDefined": false}, {"meta": "@CLASS_NAME", "alias": "CLASS_NAME", "text": "personal software process", "userDefined": false}, {"text": " in ", "userDefined": false}, {"meta": "@DEPARTMENT_ABBREVIATION", "alias": "DEPARTMENT_ABBREVIATION", "text": "cpe", "userDefined": false}, {"text": "?", "userDefined": false}], "count": 0, "isTemplate": false}, {"id": "099a27e3-86ae-4acc-9a20-239a47fc8194", "data": [{"text": "Can I also find ", "userDefined": false}, {"meta": "@CLASS_NAME", "alias": "CLASS_NAME", "text": "languages-and translators", "userDefined": false}, {"text": " in ", "userDefined": false}, {"meta": "@DEPARTMENT_ABBREVIATION", "alias": "DEPARTMENT_ABBREVIATION", "text": "CSC", "userDefined": false}, {"text": "?", "userDefined": false}], "count": 0, "isTemplate": false}, {"id": "1c3ee4f4-8c1c-41cb-ba56-c03c0ff01fb2", "data": [{"text": "Can I also find ", "userDefined": false}, {"meta": "@CLASS_NAME", "alias": "CLASS_NAME", "text": "programming languages", "userDefined": false}, {"text": " in ", "userDefined": false}, {"meta": "@DEPARTMENT_ABBREVIATION", "alias": "DEPARTMENT_ABBREVIATION", "text": "CPE", "userDefined": false}, {"text": "?", "userDefined": false}], "count": 0, "isTemplate": false}, {"id": "f2ec2f68-3fb7-43cc-91bb-19f2ec9fe79d", "data": [{"text": "Can I also find ", "userDefined": false}, {"meta": "@CLASS_NAME", "alias": "CLASS_NAME", "text": "CSC 400", "userDefined": false}, {"text": " in ", "userDefined": false}, {"meta": "@DEPARTMENT_ABBREVIATION", "alias": "DEPARTMENT_ABBREVIATION", "text": "CPE", "userDefined": false}, {"text": "?", "userDefined": false}], "count": 0, "isTemplate": false}, {"id": "2ddf1865-651a-46cd-b715-af712373f575", "data": [{"text": "Is ", "userDefined": false}, {"meta": "@CLASS_NAME", "alias": "CLASS_NAME", "text": "introduction-to software engineering", "userDefined": false}, {"text": " crosslisted in ", "userDefined": false}, {"meta": "@DEPARTMENT_ABBREVIATION", "alias": "DEPARTMENT_ABBREVIATION", "text": "CSC", "userDefined": false}, {"text": "?", "userDefined": false}], "count": 0, "isTemplate": false}, {"id": "f01780fd-19af-4dcf-8e27-b63ba1ff57ca", "data": [{"text": "Is ", "userDefined": false}, {"meta": "@CLASS_NAME", "alias": "CLASS_NAME", "text": "music programming", "userDefined": false}, {"text": " crosslisted in ", "userDefined": false}, {"meta": "@DEPARTMENT_ABBREVIATION", "alias": "DEPARTMENT_ABBREVIATION", "text": "csc", "userDefined": false}, {"text": "?", "userDefined": false}], "count": 0, "isTemplate": false}, {"id": "1fd8abf4-3ab6-42f3-8da0-45b2340b3585", "data": [{"text": "Is ", "userDefined": false}, {"meta": "@CLASS_NAME", "alias": "CLASS_NAME", "text": "discrete structures", "userDefined": false}, {"text": " crosslisted in ", "userDefined": false}, {"meta": "@DEPARTMENT_ABBREVIATION", "alias": "DEPARTMENT_ABBREVIATION", "text": "CSC", "userDefined": false}, {"text": "?", "userDefined": false}], "count": 0, "isTemplate": false}, {"id": "ddf87d59-8056-4f5c-a23d-51d5e42740f4", "data": [{"text": "Is ", "userDefined": false}, {"meta": "@CLASS_NAME", "alias": "CLASS_NAME", "text": "bioinformatics algorithms", "userDefined": false}, {"text": " crosslisted in ", "userDefined": false}, {"meta": "@DEPARTMENT_ABBREVIATION", "alias": "DEPARTMENT_ABBREVIATION", "text": "cpe", "userDefined": false}, {"text": "?", "userDefined": false}], "count": 0, "isTemplate": false}, {"id": "442fa546-993e-4dcd-8735-86091e857cc7", "data": [{"text": "Is ", "userDefined": false}, {"meta": "@CLASS_NAME", "alias": "CLASS_NAME", "text": "software engineering ii", "userDefined": false}, {"text": " crosslisted in ", "userDefined": false}, {"meta": "@DEPARTMENT_ABBREVIATION", "alias": "DEPARTMENT_ABBREVIATION", "text": "CSC", "userDefined": false}, {"text": "?", "userDefined": false}], "count": 0, "isTemplate": false}, {"id": "3e484963-6698-4222-86f8-7572469081eb", "data": [{"text": "Is ", "userDefined": false}, {"meta": "@CLASS_NAME", "alias": "CLASS_NAME", "text": "CSC 236", "userDefined": false}, {"text": " crosslisted in ", "userDefined": false}, {"meta": "@DEPARTMENT_ABBREVIATION", "alias": "DEPARTMENT_ABBREVIATION", "text": "CPE", "userDefined": false}, {"text": "?", "userDefined": false}], "count": 0, "isTemplate": false}, {"id": "5766b925-28bb-45de-965a-dd0d3cf4bebb", "data": [{"text": "Is ", "userDefined": false}, {"meta": "@CLASS_NAME", "alias": "CLASS_NAME", "text": "computers-and society", "userDefined": false}, {"text": " crosslisted in ", "userDefined": false}, {"meta": "@DEPARTMENT_ABBREVIATION", "alias": "DEPARTMENT_ABBREVIATION", "text": "cpe", "userDefined": false}, {"text": "?", "userDefined": false}], "count": 0, "isTemplate": false}, {"id": "b5426dfb-0e31-4cb7-b0fc-fa5e660c9017", "data": [{"text": "Is ", "userDefined": false}, {"meta": "@CLASS_NAME", "alias": "CLASS_NAME", "text": "computational linguistics", "userDefined": false}, {"text": " crosslisted in ", "userDefined": false}, {"meta": "@DEPARTMENT_ABBREVIATION", "alias": "DEPARTMENT_ABBREVIATION", "text": "CSC", "userDefined": false}, {"text": "?", "userDefined": false}], "count": 0, "isTemplate": false}, {"id": "ed87944e-7a79-4bc2-aa3b-439b3ca81178", "data": [{"text": "Is ", "userDefined": false}, {"meta": "@CLASS_NAME", "alias": "CLASS_NAME", "text": "CSC 493", "userDefined": false}, {"text": " crosslisted in ", "userDefined": false}, {"meta": "@DEPARTMENT_ABBREVIATION", "alias": "DEPARTMENT_ABBREVIATION", "text": "csc", "userDefined": false}, {"text": "?", "userDefined": false}], "count": 0, "isTemplate": false}, {"id": "b9456a87-b94f-4186-9446-6fe7d2d0d1ea", "data": [{"text": "Is ", "userDefined": false}, {"meta": "@CLASS_NAME", "alias": "CLASS_NAME", "text": "CSC 431", "userDefined": false}, {"text": " crosslisted in ", "userDefined": false}, {"meta": "@DEPARTMENT_ABBREVIATION", "alias": "DEPARTMENT_ABBREVIATION", "text": "csc", "userDefined": false}, {"text": "?", "userDefined": false}], "count": 0, "isTemplate": false}]