[{"id": "48a109de-c48f-4236-8ffa-362e09f563a0", "data": [{"text": "What courses should I take with ", "userDefined": false}, {"meta": "@CLASS_NAME", "alias": "CLASS_NAME", "text": "CSC 422", "userDefined": false}, {"text": "?", "userDefined": false}], "count": 0, "isTemplate": false}, {"id": "0b847113-0318-4a0f-b869-5701f64748ce", "data": [{"text": "What courses should I take with ", "userDefined": false}, {"meta": "@CLASS_NAME", "alias": "CLASS_NAME", "text": "CSC 305", "userDefined": false}, {"text": "?", "userDefined": false}], "count": 0, "isTemplate": false}, {"id": "75df29db-1ce0-4fe3-a7e6-a1fb86d5fd48", "data": [{"text": "What courses should I take with ", "userDefined": false}, {"meta": "@CLASS_NAME", "alias": "CLASS_NAME", "text": "CSC 483", "userDefined": false}, {"text": "?", "userDefined": false}], "count": 0, "isTemplate": false}, {"id": "6c0e88eb-0adc-4da3-94ee-286054c9f519", "data": [{"text": "What courses should I take with ", "userDefined": false}, {"meta": "@CLASS_NAME", "alias": "CLASS_NAME", "text": "CSC 560", "userDefined": false}, {"text": "?", "userDefined": false}], "count": 0, "isTemplate": false}, {"id": "852baeee-a855-415c-922f-e46cbdbba59c", "data": [{"text": "What courses should I take with ", "userDefined": false}, {"meta": "@CLASS_NAME", "alias": "CLASS_NAME", "text": "theory-of computation i", "userDefined": false}, {"text": "?", "userDefined": false}], "count": 0, "isTemplate": false}, {"id": "79b8b58b-8ca8-4a87-a69f-f8dc62ec8630", "data": [{"text": "What courses should I take with ", "userDefined": false}, {"meta": "@CLASS_NAME", "alias": "CLASS_NAME", "text": "CSC 313", "userDefined": false}, {"text": "?", "userDefined": false}], "count": 0, "isTemplate": false}, {"id": "e7560c80-943c-4739-b0f5-b32667a4fc44", "data": [{"text": "What courses should I take with ", "userDefined": false}, {"meta": "@CLASS_NAME", "alias": "CLASS_NAME", "text": "CSC 580", "userDefined": false}, {"text": "?", "userDefined": false}], "count": 0, "isTemplate": false}, {"id": "9aa61f06-d75a-4a57-afb3-5f69317931f7", "data": [{"text": "What courses should I take with ", "userDefined": false}, {"meta": "@CLASS_NAME", "alias": "CLASS_NAME", "text": "CSC 550", "userDefined": false}, {"text": "?", "userDefined": false}], "count": 0, "isTemplate": false}, {"id": "a454cf54-4925-4115-9302-69a4422c81dd", "data": [{"text": "What courses should I take with ", "userDefined": false}, {"meta": "@CLASS_NAME", "alias": "CLASS_NAME", "text": "design-and analysis-of algorithms", "userDefined": false}, {"text": "?", "userDefined": false}], "count": 0, "isTemplate": false}, {"id": "0a6a1e72-046a-4d3e-a315-424c670ff8c0", "data": [{"text": "What courses should I take with ", "userDefined": false}, {"meta": "@CLASS_NAME", "alias": "CLASS_NAME", "text": "CSC 595", "userDefined": false}, {"text": "?", "userDefined": false}], "count": 0, "isTemplate": false}, {"id": "b4b24c01-a927-467d-948e-47217a33908f", "data": [{"text": "What are good classes that I should take with ", "userDefined": false}, {"meta": "@CLASS_NAME", "alias": "CLASS_NAME", "text": "CSC 366", "userDefined": false}, {"text": "?", "userDefined": false}], "count": 0, "isTemplate": false}, {"id": "d5d16542-1f79-4da8-ae53-9a062ca3d42a", "data": [{"text": "What are good classes that I should take with ", "userDefined": false}, {"meta": "@CLASS_NAME", "alias": "CLASS_NAME", "text": "software engineering i", "userDefined": false}, {"text": "?", "userDefined": false}], "count": 0, "isTemplate": false}, {"id": "bf22e29f-d703-40cc-a27f-7f00c4c17dc2", "data": [{"text": "What are good classes that I should take with ", "userDefined": false}, {"meta": "@CLASS_NAME", "alias": "CLASS_NAME", "text": "senior project ii", "userDefined": false}, {"text": "?", "userDefined": false}], "count": 0, "isTemplate": false}, {"id": "3e0236c3-842f-4955-a1ca-f7c9c2869650", "data": [{"text": "What are good classes that I should take with ", "userDefined": false}, {"meta": "@CLASS_NAME", "alias": "CLASS_NAME", "text": "CSC 515", "userDefined": false}, {"text": "?", "userDefined": false}], "count": 0, "isTemplate": false}, {"id": "bd46aed3-d448-4aff-9f3d-e71597559440", "data": [{"text": "What are good classes that I should take with ", "userDefined": false}, {"meta": "@CLASS_NAME", "alias": "CLASS_NAME", "text": "CSC 236", "userDefined": false}, {"text": "?", "userDefined": false}], "count": 0, "isTemplate": false}, {"id": "0b3a3673-9181-44ca-bca6-b52c73e1c1c2", "data": [{"text": "What are good classes that I should take with ", "userDefined": false}, {"meta": "@CLASS_NAME", "alias": "CLASS_NAME", "text": "CSC 290", "userDefined": false}, {"text": "?", "userDefined": false}], "count": 0, "isTemplate": false}, {"id": "c15e5586-a096-40cf-8ab1-ad790ecbc8b7", "data": [{"text": "What are good classes that I should take with ", "userDefined": false}, {"meta": "@CLASS_NAME", "alias": "CLASS_NAME", "text": "computing-for interactive arts capstone ii", "userDefined": false}, {"text": "?", "userDefined": false}], "count": 0, "isTemplate": false}, {"id": "ce405de0-100e-4aca-9a5d-926a1b17a0ee", "data": [{"text": "What are good classes that I should take with ", "userDefined": false}, {"meta": "@CLASS_NAME", "alias": "CLASS_NAME", "text": "CSC 476", "userDefined": false}, {"text": "?", "userDefined": false}], "count": 0, "isTemplate": false}, {"id": "f3d1cbd4-3669-4348-b525-97e387fe1310", "data": [{"text": "What are good classes that I should take with ", "userDefined": false}, {"meta": "@CLASS_NAME", "alias": "CLASS_NAME", "text": "computer security", "userDefined": false}, {"text": "?", "userDefined": false}], "count": 0, "isTemplate": false}, {"id": "9b2ba976-d832-4db0-a1f6-a645f4ce9ce2", "data": [{"text": "What are good classes that I should take with ", "userDefined": false}, {"meta": "@CLASS_NAME", "alias": "CLASS_NAME", "text": "CSC 234", "userDefined": false}, {"text": "?", "userDefined": false}], "count": 0, "isTemplate": false}, {"id": "29d7e95a-3838-48ea-919b-515744faeefe", "data": [{"text": "What classes would people recommend taking ", "userDefined": false}, {"meta": "@CLASS_NAME", "alias": "CLASS_NAME", "text": "cooperative education experience", "userDefined": false}, {"text": " with?", "userDefined": false}], "count": 0, "isTemplate": false}, {"id": "ca5b9fe8-8ba1-4b43-969a-193448c2b32b", "data": [{"text": "What classes would people recommend taking ", "userDefined": false}, {"meta": "@CLASS_NAME", "alias": "CLASS_NAME", "text": "selected advanced laboratory", "userDefined": false}, {"text": " with?", "userDefined": false}], "count": 0, "isTemplate": false}, {"id": "67eb3b3a-7d1d-435a-8b4e-ac3cdd83ad9c", "data": [{"text": "What classes would people recommend taking ", "userDefined": false}, {"meta": "@CLASS_NAME", "alias": "CLASS_NAME", "text": "CSC 477", "userDefined": false}, {"text": " with?", "userDefined": false}], "count": 0, "isTemplate": false}, {"id": "e1292d7c-d28e-4432-b6c9-6b271a3d5862", "data": [{"text": "What classes would people recommend taking ", "userDefined": false}, {"meta": "@CLASS_NAME", "alias": "CLASS_NAME", "text": "selected topics", "userDefined": false}, {"text": " with?", "userDefined": false}], "count": 0, "isTemplate": false}, {"id": "3c67306e-3ba7-4681-b77a-d4d5afdc03b7", "data": [{"text": "What classes would people recommend taking ", "userDefined": false}, {"meta": "@CLASS_NAME", "alias": "CLASS_NAME", "text": "user-centered interface design-and development", "userDefined": false}, {"text": " with?", "userDefined": false}], "count": 0, "isTemplate": false}, {"id": "287564fe-a23b-439a-9400-767ef12ca327", "data": [{"text": "What classes would people recommend taking ", "userDefined": false}, {"meta": "@CLASS_NAME", "alias": "CLASS_NAME", "text": "introduction-to mixed reality", "userDefined": false}, {"text": " with?", "userDefined": false}], "count": 0, "isTemplate": false}, {"id": "3af9f617-aad1-4826-a91a-23d4b12a59c8", "data": [{"text": "What classes would people recommend taking ", "userDefined": false}, {"meta": "@CLASS_NAME", "alias": "CLASS_NAME", "text": "introduction-to object oriented design using graphical user interfaces", "userDefined": false}, {"text": " with?", "userDefined": false}], "count": 0, "isTemplate": false}, {"id": "c002d50f-8f4c-4988-a5de-60f62077b9d6", "data": [{"text": "What classes would people recommend taking ", "userDefined": false}, {"meta": "@CLASS_NAME", "alias": "CLASS_NAME", "text": "systems programming", "userDefined": false}, {"text": " with?", "userDefined": false}], "count": 0, "isTemplate": false}, {"id": "28221161-5ada-4cfc-85a6-2dd78096de3a", "data": [{"text": "What classes would people recommend taking ", "userDefined": false}, {"meta": "@CLASS_NAME", "alias": "CLASS_NAME", "text": "computer networks: research topics", "userDefined": false}, {"text": " with?", "userDefined": false}], "count": 0, "isTemplate": false}, {"id": "ad9e64c5-ad38-4edb-9d18-5b613f5bc669", "data": [{"text": "What classes would people recommend taking ", "userDefined": false}, {"meta": "@CLASS_NAME", "alias": "CLASS_NAME", "text": "research senior project ii", "userDefined": false}, {"text": " with?", "userDefined": false}], "count": 0, "isTemplate": false}, {"id": "a4eee365-de19-48a8-b138-9fc629010885", "data": [{"text": "Which classes would students recommend taking ", "userDefined": false}, {"meta": "@CLASS_NAME", "alias": "CLASS_NAME", "text": "CSC 232", "userDefined": false}, {"text": " alongside?", "userDefined": false}], "count": 0, "isTemplate": false}, {"id": "7e0bfe4b-ecfe-4cb8-80cf-57722dd5b254", "data": [{"text": "Which classes would students recommend taking ", "userDefined": false}, {"meta": "@CLASS_NAME", "alias": "CLASS_NAME", "text": "database management systems implementation", "userDefined": false}, {"text": " alongside?", "userDefined": false}], "count": 0, "isTemplate": false}, {"id": "3637d571-1960-41bc-adb4-a383ac3b32c5", "data": [{"text": "Which classes would students recommend taking ", "userDefined": false}, {"meta": "@CLASS_NAME", "alias": "CLASS_NAME", "text": "CSC 409", "userDefined": false}, {"text": " alongside?", "userDefined": false}], "count": 0, "isTemplate": false}, {"id": "1c6a9fc7-5eec-4c99-a453-5bb7a57312af", "data": [{"text": "Which classes would students recommend taking ", "userDefined": false}, {"meta": "@CLASS_NAME", "alias": "CLASS_NAME", "text": "software engineering i", "userDefined": false}, {"text": " alongside?", "userDefined": false}], "count": 0, "isTemplate": false}, {"id": "c251e3b3-22e8-4e18-b64c-02fbbe401366", "data": [{"text": "Which classes would students recommend taking ", "userDefined": false}, {"meta": "@CLASS_NAME", "alias": "CLASS_NAME", "text": "CSC 581", "userDefined": false}, {"text": " alongside?", "userDefined": false}], "count": 0, "isTemplate": false}, {"id": "98e1bea1-3d8c-4956-9d04-b46aab661953", "data": [{"text": "Which classes would students recommend taking ", "userDefined": false}, {"meta": "@CLASS_NAME", "alias": "CLASS_NAME", "text": "CSC 495", "userDefined": false}, {"text": " alongside?", "userDefined": false}], "count": 0, "isTemplate": false}, {"id": "ab27973f-7a13-4204-ac05-cc35a9775c00", "data": [{"text": "Which classes would students recommend taking ", "userDefined": false}, {"meta": "@CLASS_NAME", "alias": "CLASS_NAME", "text": "cooperative education experience", "userDefined": false}, {"text": " alongside?", "userDefined": false}], "count": 0, "isTemplate": false}, {"id": "1ade1868-9e64-4526-9712-0a2398140688", "data": [{"text": "Which classes would students recommend taking ", "userDefined": false}, {"meta": "@CLASS_NAME", "alias": "CLASS_NAME", "text": "current topics-in computer graphics", "userDefined": false}, {"text": " alongside?", "userDefined": false}], "count": 0, "isTemplate": false}, {"id": "bc304ea9-1dea-4389-8bd4-615ebe5b9e19", "data": [{"text": "Which classes would students recommend taking ", "userDefined": false}, {"meta": "@CLASS_NAME", "alias": "CLASS_NAME", "text": "CSC 405", "userDefined": false}, {"text": " alongside?", "userDefined": false}], "count": 0, "isTemplate": false}, {"id": "48b1e744-83a7-4836-bf63-23e28ee9f260", "data": [{"text": "Which classes would students recommend taking ", "userDefined": false}, {"meta": "@CLASS_NAME", "alias": "CLASS_NAME", "text": "senior project i", "userDefined": false}, {"text": " alongside?", "userDefined": false}], "count": 0, "isTemplate": false}, {"id": "4b763eec-cc6f-4c5b-95a2-7888788f7f82", "data": [{"text": "Which courses would be good for me to take with ", "userDefined": false}, {"meta": "@CLASS_NAME", "alias": "CLASS_NAME", "text": "CSC 521", "userDefined": false}, {"text": "?", "userDefined": false}], "count": 0, "isTemplate": false}, {"id": "c88a0301-9521-49ff-a1ad-f18dce664a2c", "data": [{"text": "Which courses would be good for me to take with ", "userDefined": false}, {"meta": "@CLASS_NAME", "alias": "CLASS_NAME", "text": "current topics-in software engineering", "userDefined": false}, {"text": "?", "userDefined": false}], "count": 0, "isTemplate": false}, {"id": "95ebb5d5-af86-4d55-a817-81e9e8b61b4c", "data": [{"text": "Which courses would be good for me to take with ", "userDefined": false}, {"meta": "@CLASS_NAME", "alias": "CLASS_NAME", "text": "CSC 480", "userDefined": false}, {"text": "?", "userDefined": false}], "count": 0, "isTemplate": false}, {"id": "507f3d1f-0228-441f-a1ad-47e2f45f268f", "data": [{"text": "Which courses would be good for me to take with ", "userDefined": false}, {"meta": "@CLASS_NAME", "alias": "CLASS_NAME", "text": "CSC 560", "userDefined": false}, {"text": "?", "userDefined": false}], "count": 0, "isTemplate": false}, {"id": "fb0821a5-4567-47bf-be26-9e9c4190b6bd", "data": [{"text": "Which courses would be good for me to take with ", "userDefined": false}, {"meta": "@CLASS_NAME", "alias": "CLASS_NAME", "text": "CSC 491", "userDefined": false}, {"text": "?", "userDefined": false}], "count": 0, "isTemplate": false}, {"id": "00046102-e3a9-4998-82ac-935860fab323", "data": [{"text": "Which courses would be good for me to take with ", "userDefined": false}, {"meta": "@CLASS_NAME", "alias": "CLASS_NAME", "text": "theory-of computation i", "userDefined": false}, {"text": "?", "userDefined": false}], "count": 0, "isTemplate": false}, {"id": "41c561c1-5e6d-444b-a24c-b3863ccd0b40", "data": [{"text": "Which courses would be good for me to take with ", "userDefined": false}, {"meta": "@CLASS_NAME", "alias": "CLASS_NAME", "text": "CSC 496", "userDefined": false}, {"text": "?", "userDefined": false}], "count": 0, "isTemplate": false}, {"id": "e085e0ef-37e4-4ca4-a858-1f9047acf87a", "data": [{"text": "Which courses would be good for me to take with ", "userDefined": false}, {"meta": "@CLASS_NAME", "alias": "CLASS_NAME", "text": "CSC 349", "userDefined": false}, {"text": "?", "userDefined": false}], "count": 0, "isTemplate": false}, {"id": "86d2008c-4f0d-4bc7-988c-b5411be225fa", "data": [{"text": "Which courses would be good for me to take with ", "userDefined": false}, {"meta": "@CLASS_NAME", "alias": "CLASS_NAME", "text": "CSC 490", "userDefined": false}, {"text": "?", "userDefined": false}], "count": 0, "isTemplate": false}, {"id": "9c713395-bf30-402c-9909-292720e81662", "data": [{"text": "Which courses would be good for me to take with ", "userDefined": false}, {"meta": "@CLASS_NAME", "alias": "CLASS_NAME", "text": "CSC 477", "userDefined": false}, {"text": "?", "userDefined": false}], "count": 0, "isTemplate": false}, {"id": "0bca2c08-8594-4c35-b2cf-fe12ae2abf24", "data": [{"text": "What classes should I take with ", "userDefined": false}, {"meta": "@CLASS_NAME", "alias": "CLASS_NAME", "text": "introduction-to mixed reality", "userDefined": false}, {"text": "?", "userDefined": false}], "count": 0, "isTemplate": false}, {"id": "0008a944-2c02-438d-b13d-a3dc3e2149a4", "data": [{"text": "What classes should I take with ", "userDefined": false}, {"meta": "@CLASS_NAME", "alias": "CLASS_NAME", "text": "software requirements engineering", "userDefined": false}, {"text": "?", "userDefined": false}], "count": 0, "isTemplate": false}, {"id": "895ce525-edd6-45a8-a11f-45eb141b709e", "data": [{"text": "What classes should I take with ", "userDefined": false}, {"meta": "@CLASS_NAME", "alias": "CLASS_NAME", "text": "CSC 430", "userDefined": false}, {"text": "?", "userDefined": false}], "count": 0, "isTemplate": false}, {"id": "c0757d34-7d7d-4e38-82e6-fd210928314e", "data": [{"text": "What classes should I take with ", "userDefined": false}, {"meta": "@CLASS_NAME", "alias": "CLASS_NAME", "text": "CSC 424", "userDefined": false}, {"text": "?", "userDefined": false}], "count": 0, "isTemplate": false}, {"id": "4abcb346-b3a4-43b7-a6a0-410481afaefb", "data": [{"text": "What classes should I take with ", "userDefined": false}, {"meta": "@CLASS_NAME", "alias": "CLASS_NAME", "text": "design-and analysis-of algorithms", "userDefined": false}, {"text": "?", "userDefined": false}], "count": 0, "isTemplate": false}, {"id": "61b801c9-f920-4898-988d-31c39042e3b8", "data": [{"text": "What classes should I take with ", "userDefined": false}, {"meta": "@CLASS_NAME", "alias": "CLASS_NAME", "text": "computational art", "userDefined": false}, {"text": "?", "userDefined": false}], "count": 0, "isTemplate": false}, {"id": "5c7e94ce-6764-466c-982b-bd152d7b3290", "data": [{"text": "What classes should I take with ", "userDefined": false}, {"meta": "@CLASS_NAME", "alias": "CLASS_NAME", "text": "CSC 572", "userDefined": false}, {"text": "?", "userDefined": false}], "count": 0, "isTemplate": false}, {"id": "dde73124-de99-45ca-93d7-70d72a854f26", "data": [{"text": "What classes should I take with ", "userDefined": false}, {"meta": "@CLASS_NAME", "alias": "CLASS_NAME", "text": "computer networks: research topics", "userDefined": false}, {"text": "?", "userDefined": false}], "count": 0, "isTemplate": false}, {"id": "3fae42de-21f3-4985-945c-639affee05aa", "data": [{"text": "What classes should I take with ", "userDefined": false}, {"meta": "@CLASS_NAME", "alias": "CLASS_NAME", "text": "programming-for engineering students", "userDefined": false}, {"text": "?", "userDefined": false}], "count": 0, "isTemplate": false}, {"id": "65bea026-eea7-4d53-a959-bae23ced77f1", "data": [{"text": "What classes should I take with ", "userDefined": false}, {"meta": "@CLASS_NAME", "alias": "CLASS_NAME", "text": "CSC 311", "userDefined": false}, {"text": "?", "userDefined": false}], "count": 0, "isTemplate": false}]