[{"id": "98a0ebb5-72a3-49ec-96ec-6650e9a1d723", "data": [{"text": "How many units is ", "userDefined": false}, {"meta": "@CLASS_NAME", "alias": "CLASS_NAME", "text": "software construction", "userDefined": false}, {"text": " worth?", "userDefined": false}], "count": 0, "isTemplate": false}, {"id": "5683509b-e360-4dd9-a67c-daa6d8254abf", "data": [{"text": "How many units is ", "userDefined": false}, {"meta": "@CLASS_NAME", "alias": "CLASS_NAME", "text": "CSC 200", "userDefined": false}, {"text": " worth?", "userDefined": false}], "count": 0, "isTemplate": false}, {"id": "9f7b2399-3221-46ed-a03f-b548814a8085", "data": [{"text": "How many units is ", "userDefined": false}, {"meta": "@CLASS_NAME", "alias": "CLASS_NAME", "text": "software security", "userDefined": false}, {"text": " worth?", "userDefined": false}], "count": 0, "isTemplate": false}, {"id": "f6c2dc34-0234-4e05-b4fb-9728dcc80fa1", "data": [{"text": "How many units is ", "userDefined": false}, {"meta": "@CLASS_NAME", "alias": "CLASS_NAME", "text": "CSC 550", "userDefined": false}, {"text": " worth?", "userDefined": false}], "count": 0, "isTemplate": false}, {"id": "5ae3d93f-c5af-4079-a6d0-411792fb10f2", "data": [{"text": "How many units is ", "userDefined": false}, {"meta": "@CLASS_NAME", "alias": "CLASS_NAME", "text": "CSC 357", "userDefined": false}, {"text": " worth?", "userDefined": false}], "count": 0, "isTemplate": false}, {"id": "832d6ac9-d143-4044-aa50-2fbd8308af49", "data": [{"text": "How many units is ", "userDefined": false}, {"meta": "@CLASS_NAME", "alias": "CLASS_NAME", "text": "CSC 480", "userDefined": false}, {"text": " worth?", "userDefined": false}], "count": 0, "isTemplate": false}, {"id": "9927802d-73b2-44dc-9f8d-3fcec288be0d", "data": [{"text": "How many units is ", "userDefined": false}, {"meta": "@CLASS_NAME", "alias": "CLASS_NAME", "text": "database modeling, design-and implementation", "userDefined": false}, {"text": " worth?", "userDefined": false}], "count": 0, "isTemplate": false}, {"id": "18ec4193-507d-4f40-95d2-8c3dece30469", "data": [{"text": "How many units is ", "userDefined": false}, {"meta": "@CLASS_NAME", "alias": "CLASS_NAME", "text": "CSC 450", "userDefined": false}, {"text": " worth?", "userDefined": false}], "count": 0, "isTemplate": false}, {"id": "66308913-51a6-4af5-ade0-1fb21d0da151", "data": [{"text": "How many units is ", "userDefined": false}, {"meta": "@CLASS_NAME", "alias": "CLASS_NAME", "text": "CSC 307", "userDefined": false}, {"text": " worth?", "userDefined": false}], "count": 0, "isTemplate": false}, {"id": "632a92c5-322e-494b-9548-3355dabd32a9", "data": [{"text": "How many units is ", "userDefined": false}, {"meta": "@CLASS_NAME", "alias": "CLASS_NAME", "text": "CSC 445", "userDefined": false}, {"text": " worth?", "userDefined": false}], "count": 0, "isTemplate": false}, {"id": "5219bbb7-ea0d-45c8-9379-3b0fcbe85cdf", "data": [{"text": "How many credits is ", "userDefined": false}, {"meta": "@CLASS_NAME", "alias": "CLASS_NAME", "text": "cryptography engineering", "userDefined": false}, {"text": " worth?", "userDefined": false}], "count": 0, "isTemplate": false}, {"id": "f217f0b6-68b1-4804-bf99-2374474cd487", "data": [{"text": "How many credits is ", "userDefined": false}, {"meta": "@CLASS_NAME", "alias": "CLASS_NAME", "text": "fundamentals-of computer science-for scientists-and engineers i", "userDefined": false}, {"text": " worth?", "userDefined": false}], "count": 0, "isTemplate": false}, {"id": "2a7ed54e-d14a-415c-8f4e-2a626c205ce3", "data": [{"text": "How many credits is ", "userDefined": false}, {"meta": "@CLASS_NAME", "alias": "CLASS_NAME", "text": "current topics-in human-computer interaction", "userDefined": false}, {"text": " worth?", "userDefined": false}], "count": 0, "isTemplate": false}, {"id": "76e93667-4c51-4a00-8db4-809bc8a37dbf", "data": [{"text": "How many credits is ", "userDefined": false}, {"meta": "@CLASS_NAME", "alias": "CLASS_NAME", "text": "CSC 481", "userDefined": false}, {"text": " worth?", "userDefined": false}], "count": 0, "isTemplate": false}, {"id": "b8cc14ec-75ef-4ad0-932c-2e24b9e1400d", "data": [{"text": "How many credits is ", "userDefined": false}, {"meta": "@CLASS_NAME", "alias": "CLASS_NAME", "text": "CSC 323", "userDefined": false}, {"text": " worth?", "userDefined": false}], "count": 0, "isTemplate": false}, {"id": "77de999d-fa0b-4a54-b3ec-713771760be0", "data": [{"text": "How many credits is ", "userDefined": false}, {"meta": "@CLASS_NAME", "alias": "CLASS_NAME", "text": "current topics-in software engineering", "userDefined": false}, {"text": " worth?", "userDefined": false}], "count": 0, "isTemplate": false}, {"id": "66e74e02-ac01-4aa8-b72f-71eebb565a28", "data": [{"text": "How many credits is ", "userDefined": false}, {"meta": "@CLASS_NAME", "alias": "CLASS_NAME", "text": "CSC 369", "userDefined": false}, {"text": " worth?", "userDefined": false}], "count": 0, "isTemplate": false}, {"id": "4f04c5a4-c14b-4a98-8f31-2bbce23f229f", "data": [{"text": "How many credits is ", "userDefined": false}, {"meta": "@CLASS_NAME", "alias": "CLASS_NAME", "text": "CSC 530", "userDefined": false}, {"text": " worth?", "userDefined": false}], "count": 0, "isTemplate": false}, {"id": "30e65410-7dae-4d6b-a500-32539fbc8c7d", "data": [{"text": "How many credits is ", "userDefined": false}, {"meta": "@CLASS_NAME", "alias": "CLASS_NAME", "text": "CSC 225", "userDefined": false}, {"text": " worth?", "userDefined": false}], "count": 0, "isTemplate": false}, {"id": "0d0e4c84-6f6a-4d89-aac9-7da4905f1f24", "data": [{"text": "How many credits is ", "userDefined": false}, {"meta": "@CLASS_NAME", "alias": "CLASS_NAME", "text": "software engineering ii", "userDefined": false}, {"text": " worth?", "userDefined": false}], "count": 0, "isTemplate": false}, {"id": "321fe260-1e62-48b3-be9b-2e254eb3f894", "data": [{"text": "How many credits is ", "userDefined": false}, {"meta": "@CLASS_NAME", "alias": "CLASS_NAME", "text": "current topics-in computer security", "userDefined": false}, {"text": "?", "userDefined": false}], "count": 0, "isTemplate": false}, {"id": "66b130da-ea4c-4d0a-bdc1-c5af72b9e8e8", "data": [{"text": "How many credits is ", "userDefined": false}, {"meta": "@CLASS_NAME", "alias": "CLASS_NAME", "text": "programming languages", "userDefined": false}, {"text": "?", "userDefined": false}], "count": 0, "isTemplate": false}, {"id": "d16f0f26-c159-4525-a4ab-c3ee0719237a", "data": [{"text": "How many credits is ", "userDefined": false}, {"meta": "@CLASS_NAME", "alias": "CLASS_NAME", "text": "cooperative education experience", "userDefined": false}, {"text": "?", "userDefined": false}], "count": 0, "isTemplate": false}, {"id": "330bbb94-7dda-476d-825b-29c2dde973fa", "data": [{"text": "How many credits is ", "userDefined": false}, {"meta": "@CLASS_NAME", "alias": "CLASS_NAME", "text": "speech-and language processing", "userDefined": false}, {"text": "?", "userDefined": false}], "count": 0, "isTemplate": false}, {"id": "ec0415eb-8c06-49ee-8f8d-efea510cde1e", "data": [{"text": "How many credits is ", "userDefined": false}, {"meta": "@CLASS_NAME", "alias": "CLASS_NAME", "text": "CSC 323", "userDefined": false}, {"text": "?", "userDefined": false}], "count": 0, "isTemplate": false}, {"id": "88091658-45ad-4413-9327-fa85a94ec220", "data": [{"text": "How many credits is ", "userDefined": false}, {"meta": "@CLASS_NAME", "alias": "CLASS_NAME", "text": "CSC 498", "userDefined": false}, {"text": "?", "userDefined": false}], "count": 0, "isTemplate": false}, {"id": "4963b237-5b40-45b5-bafb-1ea58b1ab5b2", "data": [{"text": "How many credits is ", "userDefined": false}, {"meta": "@CLASS_NAME", "alias": "CLASS_NAME", "text": "fundamentals-of computer science-for scientists-and engineers i", "userDefined": false}, {"text": "?", "userDefined": false}], "count": 0, "isTemplate": false}, {"id": "8b30a34f-5c18-4e17-bde8-8eeec5ce971f", "data": [{"text": "How many credits is ", "userDefined": false}, {"meta": "@CLASS_NAME", "alias": "CLASS_NAME", "text": "CSC 597", "userDefined": false}, {"text": "?", "userDefined": false}], "count": 0, "isTemplate": false}, {"id": "132f36d5-5013-4b01-938f-1c35972c3f4a", "data": [{"text": "How many credits is ", "userDefined": false}, {"meta": "@CLASS_NAME", "alias": "CLASS_NAME", "text": "CSC 235", "userDefined": false}, {"text": "?", "userDefined": false}], "count": 0, "isTemplate": false}, {"id": "29bcff79-1f7a-4fa7-af19-c0fd68275cfd", "data": [{"text": "How many credits is ", "userDefined": false}, {"meta": "@CLASS_NAME", "alias": "CLASS_NAME", "text": "software engineering ii", "userDefined": false}, {"text": "?", "userDefined": false}], "count": 0, "isTemplate": false}, {"id": "6b30d0fc-d705-45a7-b0af-a0e6790e2820", "data": [{"text": "How many units does ", "userDefined": false}, {"meta": "@CLASS_NAME", "alias": "CLASS_NAME", "text": "CSC 305", "userDefined": false}, {"text": " count for?", "userDefined": false}], "count": 0, "isTemplate": false}, {"id": "3890e988-dc8c-4ebc-85ab-2b9185d010f5", "data": [{"text": "How many units does ", "userDefined": false}, {"meta": "@CLASS_NAME", "alias": "CLASS_NAME", "text": "CSC 483", "userDefined": false}, {"text": " count for?", "userDefined": false}], "count": 0, "isTemplate": false}, {"id": "0ed5b405-19fc-4281-9dde-270395525078", "data": [{"text": "How many units does ", "userDefined": false}, {"meta": "@CLASS_NAME", "alias": "CLASS_NAME", "text": "individual software design-and development", "userDefined": false}, {"text": " count for?", "userDefined": false}], "count": 0, "isTemplate": false}, {"id": "931a6f8e-ed95-44a7-a256-cc299353bcdf", "data": [{"text": "How many units does ", "userDefined": false}, {"meta": "@CLASS_NAME", "alias": "CLASS_NAME", "text": "computing-for interactive arts capstone ii", "userDefined": false}, {"text": " count for?", "userDefined": false}], "count": 0, "isTemplate": false}, {"id": "a606041a-1fe8-448b-be42-1aab202746d6", "data": [{"text": "How many units does ", "userDefined": false}, {"meta": "@CLASS_NAME", "alias": "CLASS_NAME", "text": "current topics-in human-computer interaction", "userDefined": false}, {"text": " count for?", "userDefined": false}], "count": 0, "isTemplate": false}, {"id": "7310c4f1-8b19-4c90-bb1b-de381c1e5512", "data": [{"text": "How many units does ", "userDefined": false}, {"meta": "@CLASS_NAME", "alias": "CLASS_NAME", "text": "computer architecture", "userDefined": false}, {"text": " count for?", "userDefined": false}], "count": 0, "isTemplate": false}, {"id": "4daf4d33-736e-42aa-b02f-0f79e3504b5a", "data": [{"text": "How many units does ", "userDefined": false}, {"meta": "@CLASS_NAME", "alias": "CLASS_NAME", "text": "computer graphics", "userDefined": false}, {"text": " count for?", "userDefined": false}], "count": 0, "isTemplate": false}, {"id": "9e71a7a6-a7a4-495f-a47b-c138271a9f6c", "data": [{"text": "How many units does ", "userDefined": false}, {"meta": "@CLASS_NAME", "alias": "CLASS_NAME", "text": "introduction-to distributed computing", "userDefined": false}, {"text": " count for?", "userDefined": false}], "count": 0, "isTemplate": false}, {"id": "e79fb85d-4d84-44fd-9c47-83fbb50bd822", "data": [{"text": "How many units does ", "userDefined": false}, {"meta": "@CLASS_NAME", "alias": "CLASS_NAME", "text": "cooperative education experience", "userDefined": false}, {"text": " count for?", "userDefined": false}], "count": 0, "isTemplate": false}, {"id": "fb3429c6-2111-4e88-81a9-2d03efa7f63b", "data": [{"text": "How many units does ", "userDefined": false}, {"meta": "@CLASS_NAME", "alias": "CLASS_NAME", "text": "CSC 466", "userDefined": false}, {"text": " count for?", "userDefined": false}], "count": 0, "isTemplate": false}, {"id": "ff9e6680-a262-463a-b335-a5cd99901b6f", "data": [{"text": "How many units is ", "userDefined": false}, {"meta": "@CLASS_NAME", "alias": "CLASS_NAME", "text": "cooperative education experience", "userDefined": false}, {"text": "?", "userDefined": false}], "count": 0, "isTemplate": false}, {"id": "40541d58-d217-43c8-b6c8-37e8a9d27c7b", "data": [{"text": "How many units is ", "userDefined": false}, {"meta": "@CLASS_NAME", "alias": "CLASS_NAME", "text": "CSC 474", "userDefined": false}, {"text": "?", "userDefined": false}], "count": 0, "isTemplate": false}, {"id": "f0113980-79ff-4004-9bb8-4178a88244b2", "data": [{"text": "How many units is ", "userDefined": false}, {"meta": "@CLASS_NAME", "alias": "CLASS_NAME", "text": "introduction-to computer organization", "userDefined": false}, {"text": "?", "userDefined": false}], "count": 0, "isTemplate": false}, {"id": "eaa1cf76-c8c6-487f-8e32-f06c7b3bf9b9", "data": [{"text": "How many units is ", "userDefined": false}, {"meta": "@CLASS_NAME", "alias": "CLASS_NAME", "text": "selected advanced laboratory", "userDefined": false}, {"text": "?", "userDefined": false}], "count": 0, "isTemplate": false}, {"id": "482f5884-89cd-4617-8fdc-82b9d803be79", "data": [{"text": "How many units is ", "userDefined": false}, {"meta": "@CLASS_NAME", "alias": "CLASS_NAME", "text": "CSC 308", "userDefined": false}, {"text": "?", "userDefined": false}], "count": 0, "isTemplate": false}, {"id": "f2276891-2060-4b88-bc48-ceb6bab45c53", "data": [{"text": "How many units is ", "userDefined": false}, {"meta": "@CLASS_NAME", "alias": "CLASS_NAME", "text": "computational art", "userDefined": false}, {"text": "?", "userDefined": false}], "count": 0, "isTemplate": false}, {"id": "d7fa8e19-4757-4a9d-af2b-baf78d93c29d", "data": [{"text": "How many units is ", "userDefined": false}, {"meta": "@CLASS_NAME", "alias": "CLASS_NAME", "text": "CSC 305", "userDefined": false}, {"text": "?", "userDefined": false}], "count": 0, "isTemplate": false}, {"id": "79f7982c-f540-4336-a29e-70c547ca32d5", "data": [{"text": "How many units is ", "userDefined": false}, {"meta": "@CLASS_NAME", "alias": "CLASS_NAME", "text": "CSC 570", "userDefined": false}, {"text": "?", "userDefined": false}], "count": 0, "isTemplate": false}, {"id": "4b1905af-b151-4d7e-8823-97dd0a564f93", "data": [{"text": "How many units is ", "userDefined": false}, {"meta": "@CLASS_NAME", "alias": "CLASS_NAME", "text": "introduction-to operating systems", "userDefined": false}, {"text": "?", "userDefined": false}], "count": 0, "isTemplate": false}, {"id": "c4221959-f226-4958-8f91-a48b689c0d87", "data": [{"text": "How many units is ", "userDefined": false}, {"meta": "@CLASS_NAME", "alias": "CLASS_NAME", "text": "selected topics", "userDefined": false}, {"text": "?", "userDefined": false}], "count": 0, "isTemplate": false}]