[{"id": "f6d768b4-93a4-46bd-ae6f-4c4c56d8b241", "data": [{"text": "What is the class title for ", "userDefined": false}, {"meta": "@CLASS_NAME", "alias": "CLASS_NAME", "text": "CSC 365", "userDefined": false}, {"text": "?", "userDefined": false}], "count": 0, "isTemplate": false}, {"id": "d384700d-c64b-452e-9b07-9476a68aa0dd", "data": [{"text": "What is the class title for ", "userDefined": false}, {"meta": "@CLASS_NAME", "alias": "CLASS_NAME", "text": "distributed systems", "userDefined": false}, {"text": "?", "userDefined": false}], "count": 0, "isTemplate": false}, {"id": "4a342b58-41e5-4bbf-97bd-59e3e26ecbe0", "data": [{"text": "What is the class title for ", "userDefined": false}, {"meta": "@CLASS_NAME", "alias": "CLASS_NAME", "text": "senior project-- software deployment", "userDefined": false}, {"text": "?", "userDefined": false}], "count": 0, "isTemplate": false}, {"id": "3e87aaa6-f230-4508-9742-407770dbcdf3", "data": [{"text": "What is the class title for ", "userDefined": false}, {"meta": "@CLASS_NAME", "alias": "CLASS_NAME", "text": "CSC 236", "userDefined": false}, {"text": "?", "userDefined": false}], "count": 0, "isTemplate": false}, {"id": "0e2640be-33e9-4da3-ab62-6703f6675aa6", "data": [{"text": "What is the class title for ", "userDefined": false}, {"meta": "@CLASS_NAME", "alias": "CLASS_NAME", "text": "operating systems", "userDefined": false}, {"text": "?", "userDefined": false}], "count": 0, "isTemplate": false}, {"id": "55348a25-d86f-47cd-ba42-007583c628e4", "data": [{"text": "What is the class title for ", "userDefined": false}, {"meta": "@CLASS_NAME", "alias": "CLASS_NAME", "text": "CSC 203", "userDefined": false}, {"text": "?", "userDefined": false}], "count": 0, "isTemplate": false}, {"id": "bbef966f-b807-4725-9e8b-36f1c3ed69c7", "data": [{"text": "What is the class title for ", "userDefined": false}, {"meta": "@CLASS_NAME", "alias": "CLASS_NAME", "text": "CSC 448", "userDefined": false}, {"text": "?", "userDefined": false}], "count": 0, "isTemplate": false}, {"id": "e97bda15-51c7-4df8-afd4-718013fd1734", "data": [{"text": "What is the class title for ", "userDefined": false}, {"meta": "@CLASS_NAME", "alias": "CLASS_NAME", "text": "CSC 454", "userDefined": false}, {"text": "?", "userDefined": false}], "count": 0, "isTemplate": false}, {"id": "c88a18d2-6c4b-40cc-a262-9955027a0f86", "data": [{"text": "What is the class title for ", "userDefined": false}, {"meta": "@CLASS_NAME", "alias": "CLASS_NAME", "text": "programming-for engineering students", "userDefined": false}, {"text": "?", "userDefined": false}], "count": 0, "isTemplate": false}, {"id": "594a3714-7545-4484-947b-deda5b402ba5", "data": [{"text": "What is the class title for ", "userDefined": false}, {"meta": "@CLASS_NAME", "alias": "CLASS_NAME", "text": "human-computer interaction theory-and design", "userDefined": false}, {"text": "?", "userDefined": false}], "count": 0, "isTemplate": false}, {"id": "4e208030-2694-434b-a996-aa3ea24c21a8", "data": [{"text": "What class title is given to ", "userDefined": false}, {"meta": "@CLASS_NAME", "alias": "CLASS_NAME", "text": "CSC 480", "userDefined": false}, {"text": "?", "userDefined": false}], "count": 0, "isTemplate": false}, {"id": "7a6206fb-47cd-497c-bc15-75aac06baff0", "data": [{"text": "What class title is given to ", "userDefined": false}, {"meta": "@CLASS_NAME", "alias": "CLASS_NAME", "text": "CSC 429", "userDefined": false}, {"text": "?", "userDefined": false}], "count": 0, "isTemplate": false}, {"id": "7881ade2-9a98-45ee-9f5b-932b37ed32cc", "data": [{"text": "What class title is given to ", "userDefined": false}, {"meta": "@CLASS_NAME", "alias": "CLASS_NAME", "text": "theory-of computation ii", "userDefined": false}, {"text": "?", "userDefined": false}], "count": 0, "isTemplate": false}, {"id": "21f9fbfc-192d-4635-b124-4d2efc30538a", "data": [{"text": "What class title is given to ", "userDefined": false}, {"meta": "@CLASS_NAME", "alias": "CLASS_NAME", "text": "artificial intelligence", "userDefined": false}, {"text": "?", "userDefined": false}], "count": 0, "isTemplate": false}, {"id": "ec8ad3a5-ee30-483a-9833-95336bdb38d9", "data": [{"text": "What class title is given to ", "userDefined": false}, {"meta": "@CLASS_NAME", "alias": "CLASS_NAME", "text": "theory-of computation ii", "userDefined": false}, {"text": "?", "userDefined": false}], "count": 0, "isTemplate": false}, {"id": "bca10099-902c-4f3c-99ae-c1132bcc0633", "data": [{"text": "What class title is given to ", "userDefined": false}, {"meta": "@CLASS_NAME", "alias": "CLASS_NAME", "text": "CSC 424", "userDefined": false}, {"text": "?", "userDefined": false}], "count": 0, "isTemplate": false}, {"id": "f4b29416-b188-4a72-ae63-eee5403e5424", "data": [{"text": "What class title is given to ", "userDefined": false}, {"meta": "@CLASS_NAME", "alias": "CLASS_NAME", "text": "CSC 540", "userDefined": false}, {"text": "?", "userDefined": false}], "count": 0, "isTemplate": false}, {"id": "d6fa2957-7af0-42e9-8dcb-7aaa863f74a1", "data": [{"text": "What class title is given to ", "userDefined": false}, {"meta": "@CLASS_NAME", "alias": "CLASS_NAME", "text": "CSC 497", "userDefined": false}, {"text": "?", "userDefined": false}], "count": 0, "isTemplate": false}, {"id": "19008208-cbd4-440e-afbd-b84b56344347", "data": [{"text": "What class title is given to ", "userDefined": false}, {"meta": "@CLASS_NAME", "alias": "CLASS_NAME", "text": "CSC 424", "userDefined": false}, {"text": "?", "userDefined": false}], "count": 0, "isTemplate": false}, {"id": "5676f015-cc25-4c4e-862b-67e22bea6da5", "data": [{"text": "What class title is given to ", "userDefined": false}, {"meta": "@CLASS_NAME", "alias": "CLASS_NAME", "text": "computer networks: research topics", "userDefined": false}, {"text": "?", "userDefined": false}], "count": 0, "isTemplate": false}, {"id": "552f4f96-9285-4d43-a3a4-e1bbcfd0c88f", "data": [{"text": "What class title is ", "userDefined": false}, {"meta": "@CLASS_NAME", "alias": "CLASS_NAME", "text": "CSC 564", "userDefined": false}, {"text": " listed as?", "userDefined": false}], "count": 0, "isTemplate": false}, {"id": "c271defe-b30a-4f73-b2a4-6eb0eaabd98b", "data": [{"text": "What class title is ", "userDefined": false}, {"meta": "@CLASS_NAME", "alias": "CLASS_NAME", "text": "CSC 508", "userDefined": false}, {"text": " listed as?", "userDefined": false}], "count": 0, "isTemplate": false}, {"id": "69c47e7f-792f-4c67-b747-5c0a8d84b962", "data": [{"text": "What class title is ", "userDefined": false}, {"meta": "@CLASS_NAME", "alias": "CLASS_NAME", "text": "cryptography engineering", "userDefined": false}, {"text": " listed as?", "userDefined": false}], "count": 0, "isTemplate": false}, {"id": "3e8af007-0c84-4cf1-88be-47e97d44ced2", "data": [{"text": "What class title is ", "userDefined": false}, {"meta": "@CLASS_NAME", "alias": "CLASS_NAME", "text": "CSC 307", "userDefined": false}, {"text": " listed as?", "userDefined": false}], "count": 0, "isTemplate": false}, {"id": "42591839-e2ae-44cd-9145-3cede50d7e67", "data": [{"text": "What class title is ", "userDefined": false}, {"meta": "@CLASS_NAME", "alias": "CLASS_NAME", "text": "programming languages", "userDefined": false}, {"text": " listed as?", "userDefined": false}], "count": 0, "isTemplate": false}, {"id": "2a6cde58-91cd-4add-af80-877a9c3bcd42", "data": [{"text": "What class title is ", "userDefined": false}, {"meta": "@CLASS_NAME", "alias": "CLASS_NAME", "text": "research senior project ii", "userDefined": false}, {"text": " listed as?", "userDefined": false}], "count": 0, "isTemplate": false}, {"id": "33f6fd73-5610-44d3-a042-3cea7018fd91", "data": [{"text": "What class title is ", "userDefined": false}, {"meta": "@CLASS_NAME", "alias": "CLASS_NAME", "text": "thesis seminar", "userDefined": false}, {"text": " listed as?", "userDefined": false}], "count": 0, "isTemplate": false}, {"id": "0774575a-e0c4-4d90-b33b-5c01390d1ff6", "data": [{"text": "What class title is ", "userDefined": false}, {"meta": "@CLASS_NAME", "alias": "CLASS_NAME", "text": "CSC 400", "userDefined": false}, {"text": " listed as?", "userDefined": false}], "count": 0, "isTemplate": false}, {"id": "7ba258ed-562f-4c63-b872-332026715a55", "data": [{"text": "What class title is ", "userDefined": false}, {"meta": "@CLASS_NAME", "alias": "CLASS_NAME", "text": "CSC 474", "userDefined": false}, {"text": " listed as?", "userDefined": false}], "count": 0, "isTemplate": false}, {"id": "c9de16f6-4dff-45ae-8fba-6148d161e09a", "data": [{"text": "What class title is ", "userDefined": false}, {"meta": "@CLASS_NAME", "alias": "CLASS_NAME", "text": "CSC 123", "userDefined": false}, {"text": " listed as?", "userDefined": false}], "count": 0, "isTemplate": false}, {"id": "ac5bef03-6017-4f04-b801-081eb1206845", "data": [{"text": "Which course title is ", "userDefined": false}, {"meta": "@CLASS_NAME", "alias": "CLASS_NAME", "text": "theory-of computation i", "userDefined": false}, {"text": "?", "userDefined": false}], "count": 0, "isTemplate": false}, {"id": "f858386e-68a6-4ec1-b161-667aa67215c9", "data": [{"text": "Which course title is ", "userDefined": false}, {"meta": "@CLASS_NAME", "alias": "CLASS_NAME", "text": "CSC 597", "userDefined": false}, {"text": "?", "userDefined": false}], "count": 0, "isTemplate": false}, {"id": "6b622df0-ba60-48ea-bf2b-e0c8f4d01c6d", "data": [{"text": "Which course title is ", "userDefined": false}, {"meta": "@CLASS_NAME", "alias": "CLASS_NAME", "text": "database management systems implementation", "userDefined": false}, {"text": "?", "userDefined": false}], "count": 0, "isTemplate": false}, {"id": "9a263ecc-3dac-4faa-b01b-0659e1995a25", "data": [{"text": "Which course title is ", "userDefined": false}, {"meta": "@CLASS_NAME", "alias": "CLASS_NAME", "text": "computer security", "userDefined": false}, {"text": "?", "userDefined": false}], "count": 0, "isTemplate": false}, {"id": "e72935f0-1667-4e3b-a823-e5725e093557", "data": [{"text": "Which course title is ", "userDefined": false}, {"meta": "@CLASS_NAME", "alias": "CLASS_NAME", "text": "CSC 484", "userDefined": false}, {"text": "?", "userDefined": false}], "count": 0, "isTemplate": false}, {"id": "eeb4239b-0f3a-471a-8120-485122e6edec", "data": [{"text": "Which course title is ", "userDefined": false}, {"meta": "@CLASS_NAME", "alias": "CLASS_NAME", "text": "professional responsibilities", "userDefined": false}, {"text": "?", "userDefined": false}], "count": 0, "isTemplate": false}, {"id": "16008db0-1d71-41b5-80aa-38a52ad3c77a", "data": [{"text": "Which course title is ", "userDefined": false}, {"meta": "@CLASS_NAME", "alias": "CLASS_NAME", "text": "computer programming-for scientists-and engineers", "userDefined": false}, {"text": "?", "userDefined": false}], "count": 0, "isTemplate": false}, {"id": "9df42310-97e7-40c9-87bc-d02b8b86b2a0", "data": [{"text": "Which course title is ", "userDefined": false}, {"meta": "@CLASS_NAME", "alias": "CLASS_NAME", "text": "computer graphics", "userDefined": false}, {"text": "?", "userDefined": false}], "count": 0, "isTemplate": false}, {"id": "f8cbf15c-408c-464b-b7c1-6131d3984851", "data": [{"text": "Which course title is ", "userDefined": false}, {"meta": "@CLASS_NAME", "alias": "CLASS_NAME", "text": "CSC 569", "userDefined": false}, {"text": "?", "userDefined": false}], "count": 0, "isTemplate": false}, {"id": "def1be53-f77d-4333-b94d-3709c02fafee", "data": [{"text": "Which course title is ", "userDefined": false}, {"meta": "@CLASS_NAME", "alias": "CLASS_NAME", "text": "mobile application development", "userDefined": false}, {"text": "?", "userDefined": false}], "count": 0, "isTemplate": false}, {"id": "6e388b66-578b-497b-9750-ae1b922b0228", "data": [{"text": "What is ", "userDefined": false}, {"meta": "@CLASS_NAME", "alias": "CLASS_NAME", "text": "CSC 231", "userDefined": false}, {"text": " called?", "userDefined": false}], "count": 0, "isTemplate": false}, {"id": "8f8c1ba3-0fbc-4ace-9d5a-48f815aaf218", "data": [{"text": "What is ", "userDefined": false}, {"meta": "@CLASS_NAME", "alias": "CLASS_NAME", "text": "directed study", "userDefined": false}, {"text": " called?", "userDefined": false}], "count": 0, "isTemplate": false}, {"id": "95134b0c-c6f3-41ce-b240-867e499d9396", "data": [{"text": "What is ", "userDefined": false}, {"meta": "@CLASS_NAME", "alias": "CLASS_NAME", "text": "CSC 483", "userDefined": false}, {"text": " called?", "userDefined": false}], "count": 0, "isTemplate": false}, {"id": "125f116f-ed42-45fb-8769-cc0b7b905980", "data": [{"text": "What is ", "userDefined": false}, {"meta": "@CLASS_NAME", "alias": "CLASS_NAME", "text": "CSC 305", "userDefined": false}, {"text": " called?", "userDefined": false}], "count": 0, "isTemplate": false}, {"id": "97424084-1637-4c68-ba0b-60b9fb77bef8", "data": [{"text": "What is ", "userDefined": false}, {"meta": "@CLASS_NAME", "alias": "CLASS_NAME", "text": "software requirements engineering", "userDefined": false}, {"text": " called?", "userDefined": false}], "count": 0, "isTemplate": false}, {"id": "4ff471e7-2c6f-45dd-a66a-779af19de80a", "data": [{"text": "What is ", "userDefined": false}, {"meta": "@CLASS_NAME", "alias": "CLASS_NAME", "text": "computing-for interactive arts capstone i", "userDefined": false}, {"text": " called?", "userDefined": false}], "count": 0, "isTemplate": false}, {"id": "75cbfd78-a8ba-402f-97e9-8bceaffc6b2d", "data": [{"text": "What is ", "userDefined": false}, {"meta": "@CLASS_NAME", "alias": "CLASS_NAME", "text": "introduction-to interactive entertainment", "userDefined": false}, {"text": " called?", "userDefined": false}], "count": 0, "isTemplate": false}, {"id": "912ed64f-9849-41e2-8954-07fbbb807cc7", "data": [{"text": "What is ", "userDefined": false}, {"meta": "@CLASS_NAME", "alias": "CLASS_NAME", "text": "teaching computer science", "userDefined": false}, {"text": " called?", "userDefined": false}], "count": 0, "isTemplate": false}, {"id": "a64ccdc5-09ba-42da-a3ca-481ec26a09b5", "data": [{"text": "What is ", "userDefined": false}, {"meta": "@CLASS_NAME", "alias": "CLASS_NAME", "text": "database modeling, design-and implementation", "userDefined": false}, {"text": " called?", "userDefined": false}], "count": 0, "isTemplate": false}, {"id": "6a203e28-9b2b-418e-8140-7e22abb8f0c2", "data": [{"text": "What is ", "userDefined": false}, {"meta": "@CLASS_NAME", "alias": "CLASS_NAME", "text": "fundamentals-of computer science i supplemental instruction", "userDefined": false}, {"text": " called?", "userDefined": false}], "count": 0, "isTemplate": false}, {"id": "68f14307-31ef-4d48-9628-54e3cf25e6bf", "data": [{"text": "What is ", "userDefined": false}, {"meta": "@CLASS_NAME", "alias": "CLASS_NAME", "text": "cooperative education experience", "userDefined": false}, {"text": "'s name?", "userDefined": false}], "count": 0, "isTemplate": false}, {"id": "0707555a-0f79-48dc-9b7c-23e32c74afa9", "data": [{"text": "What is ", "userDefined": false}, {"meta": "@CLASS_NAME", "alias": "CLASS_NAME", "text": "knowledge discovery-from data", "userDefined": false}, {"text": "'s name?", "userDefined": false}], "count": 0, "isTemplate": false}, {"id": "bd5d8bee-a64c-4dff-a30e-ee1ce9a97150", "data": [{"text": "What is ", "userDefined": false}, {"meta": "@CLASS_NAME", "alias": "CLASS_NAME", "text": "knowledge discovery-from data", "userDefined": false}, {"text": "'s name?", "userDefined": false}], "count": 0, "isTemplate": false}, {"id": "5ff4c4ae-f169-4eaf-85b4-fd5bf738af6c", "data": [{"text": "What is ", "userDefined": false}, {"meta": "@CLASS_NAME", "alias": "CLASS_NAME", "text": "accelerated introduction-to computer science", "userDefined": false}, {"text": "'s name?", "userDefined": false}], "count": 0, "isTemplate": false}, {"id": "5b159e28-7184-4ba2-8fcb-78bfca94761e", "data": [{"text": "What is ", "userDefined": false}, {"meta": "@CLASS_NAME", "alias": "CLASS_NAME", "text": "human-computer interaction theory-and design", "userDefined": false}, {"text": "'s name?", "userDefined": false}], "count": 0, "isTemplate": false}, {"id": "5b2517b9-ca3d-4a7e-af2c-6084d57e194c", "data": [{"text": "What is ", "userDefined": false}, {"meta": "@CLASS_NAME", "alias": "CLASS_NAME", "text": "computer programming-for scientists-and engineers", "userDefined": false}, {"text": "'s name?", "userDefined": false}], "count": 0, "isTemplate": false}, {"id": "414c28d4-5d6d-48ce-bc62-0b4886f5d1ff", "data": [{"text": "What is ", "userDefined": false}, {"meta": "@CLASS_NAME", "alias": "CLASS_NAME", "text": "CSC 236", "userDefined": false}, {"text": "'s name?", "userDefined": false}], "count": 0, "isTemplate": false}, {"id": "799c8a2d-1a1c-41ce-9b71-881853a6dd8d", "data": [{"text": "What is ", "userDefined": false}, {"meta": "@CLASS_NAME", "alias": "CLASS_NAME", "text": "CSC 422", "userDefined": false}, {"text": "'s name?", "userDefined": false}], "count": 0, "isTemplate": false}, {"id": "f6e5104a-fd3c-4763-9f73-f98da934677e", "data": [{"text": "What is ", "userDefined": false}, {"meta": "@CLASS_NAME", "alias": "CLASS_NAME", "text": "software engineering i", "userDefined": false}, {"text": "'s name?", "userDefined": false}], "count": 0, "isTemplate": false}, {"id": "aa2570db-35c6-4887-90fe-ba13e464669d", "data": [{"text": "What is ", "userDefined": false}, {"meta": "@CLASS_NAME", "alias": "CLASS_NAME", "text": "operating systems", "userDefined": false}, {"text": "'s name?", "userDefined": false}], "count": 0, "isTemplate": false}, {"id": "4e0711c9-3990-460b-af6e-afa90ca1508e", "data": [{"text": "What name does ", "userDefined": false}, {"meta": "@CLASS_NAME", "alias": "CLASS_NAME", "text": "CSC 540", "userDefined": false}, {"text": " have?", "userDefined": false}], "count": 0, "isTemplate": false}, {"id": "26c52197-c089-48f1-9eac-f72b479bd4f6", "data": [{"text": "What name does ", "userDefined": false}, {"meta": "@CLASS_NAME", "alias": "CLASS_NAME", "text": "CSC 422", "userDefined": false}, {"text": " have?", "userDefined": false}], "count": 0, "isTemplate": false}, {"id": "b81f01bc-4ae1-4773-a839-df20ff544f17", "data": [{"text": "What name does ", "userDefined": false}, {"meta": "@CLASS_NAME", "alias": "CLASS_NAME", "text": "CSC 491", "userDefined": false}, {"text": " have?", "userDefined": false}], "count": 0, "isTemplate": false}, {"id": "f57de70d-62b6-428b-9447-dfc2dfb6fd1b", "data": [{"text": "What name does ", "userDefined": false}, {"meta": "@CLASS_NAME", "alias": "CLASS_NAME", "text": "practical computer security-for everyone", "userDefined": false}, {"text": " have?", "userDefined": false}], "count": 0, "isTemplate": false}, {"id": "47b1427d-63b2-4dda-bd4b-57110bda0211", "data": [{"text": "What name does ", "userDefined": false}, {"meta": "@CLASS_NAME", "alias": "CLASS_NAME", "text": "systems programming", "userDefined": false}, {"text": " have?", "userDefined": false}], "count": 0, "isTemplate": false}, {"id": "1b5e213a-d83f-40ab-8b72-85a7981f6303", "data": [{"text": "What name does ", "userDefined": false}, {"meta": "@CLASS_NAME", "alias": "CLASS_NAME", "text": "CSC 305", "userDefined": false}, {"text": " have?", "userDefined": false}], "count": 0, "isTemplate": false}, {"id": "1666514c-dfb0-42c5-bf21-95f3eb1915c5", "data": [{"text": "What name does ", "userDefined": false}, {"meta": "@CLASS_NAME", "alias": "CLASS_NAME", "text": "accelerated introduction-to computer science", "userDefined": false}, {"text": " have?", "userDefined": false}], "count": 0, "isTemplate": false}, {"id": "2b58e454-80d3-4ca2-8f0c-c162fe8ec15b", "data": [{"text": "What name does ", "userDefined": false}, {"meta": "@CLASS_NAME", "alias": "CLASS_NAME", "text": "advanced rendering techniques", "userDefined": false}, {"text": " have?", "userDefined": false}], "count": 0, "isTemplate": false}, {"id": "145288ff-47a1-4bd2-808b-e8e0b61365e8", "data": [{"text": "What name does ", "userDefined": false}, {"meta": "@CLASS_NAME", "alias": "CLASS_NAME", "text": "CSC 203", "userDefined": false}, {"text": " have?", "userDefined": false}], "count": 0, "isTemplate": false}, {"id": "0b7aa306-7b71-48c5-908c-7f93c2d167af", "data": [{"text": "What name does ", "userDefined": false}, {"meta": "@CLASS_NAME", "alias": "CLASS_NAME", "text": "CSC 123", "userDefined": false}, {"text": " have?", "userDefined": false}], "count": 0, "isTemplate": false}, {"id": "cc08a24e-2fe1-4160-aa26-c08d048ad63e", "data": [{"text": "What class name is ", "userDefined": false}, {"meta": "@CLASS_NAME", "alias": "CLASS_NAME", "text": "fundamentals-of computer science i supplemental instruction", "userDefined": false}, {"text": "?", "userDefined": false}], "count": 0, "isTemplate": false}, {"id": "bbc7833b-5034-4a39-a3dd-939400f866ea", "data": [{"text": "What class name is ", "userDefined": false}, {"meta": "@CLASS_NAME", "alias": "CLASS_NAME", "text": "CSC 596", "userDefined": false}, {"text": "?", "userDefined": false}], "count": 0, "isTemplate": false}, {"id": "dee3f2e4-a8bf-4cff-a080-87654a1bd534", "data": [{"text": "What class name is ", "userDefined": false}, {"meta": "@CLASS_NAME", "alias": "CLASS_NAME", "text": "CSC 458", "userDefined": false}, {"text": "?", "userDefined": false}], "count": 0, "isTemplate": false}, {"id": "4603542c-25a5-49d8-ba32-598eb1d7bd11", "data": [{"text": "What class name is ", "userDefined": false}, {"meta": "@CLASS_NAME", "alias": "CLASS_NAME", "text": "CSC 580", "userDefined": false}, {"text": "?", "userDefined": false}], "count": 0, "isTemplate": false}, {"id": "a371e738-1cc2-4e2d-a956-7f4a8e634478", "data": [{"text": "What class name is ", "userDefined": false}, {"meta": "@CLASS_NAME", "alias": "CLASS_NAME", "text": "CSC 203", "userDefined": false}, {"text": "?", "userDefined": false}], "count": 0, "isTemplate": false}, {"id": "5896945e-ead1-4de9-b227-fc90976eeca1", "data": [{"text": "What class name is ", "userDefined": false}, {"meta": "@CLASS_NAME", "alias": "CLASS_NAME", "text": "fundamentals-of computer science", "userDefined": false}, {"text": "?", "userDefined": false}], "count": 0, "isTemplate": false}, {"id": "b5a88e18-3db2-4602-a94f-fd24349d32eb", "data": [{"text": "What class name is ", "userDefined": false}, {"meta": "@CLASS_NAME", "alias": "CLASS_NAME", "text": "real-time-3d computer graphics software", "userDefined": false}, {"text": "?", "userDefined": false}], "count": 0, "isTemplate": false}, {"id": "8d73cff0-1127-4425-90ca-359d591f9c42", "data": [{"text": "What class name is ", "userDefined": false}, {"meta": "@CLASS_NAME", "alias": "CLASS_NAME", "text": "CSC 473", "userDefined": false}, {"text": "?", "userDefined": false}], "count": 0, "isTemplate": false}, {"id": "6ced39f0-7d84-41c4-bc05-0d15d934a8b2", "data": [{"text": "What class name is ", "userDefined": false}, {"meta": "@CLASS_NAME", "alias": "CLASS_NAME", "text": "CSC 458", "userDefined": false}, {"text": "?", "userDefined": false}], "count": 0, "isTemplate": false}, {"id": "db7362d6-43d7-4bf6-b83c-7b5cad68b9ca", "data": [{"text": "What class name is ", "userDefined": false}, {"meta": "@CLASS_NAME", "alias": "CLASS_NAME", "text": "CSC 123", "userDefined": false}, {"text": "?", "userDefined": false}], "count": 0, "isTemplate": false}, {"id": "2a1e1a55-f88d-4786-a8aa-eadb4cea6718", "data": [{"text": "What is another name for ", "userDefined": false}, {"meta": "@CLASS_NAME", "alias": "CLASS_NAME", "text": "CSC 468", "userDefined": false}, {"text": "?", "userDefined": false}], "count": 0, "isTemplate": false}, {"id": "e826fdd8-e40a-41dc-ad1d-320745dab853", "data": [{"text": "What is another name for ", "userDefined": false}, {"meta": "@CLASS_NAME", "alias": "CLASS_NAME", "text": "senior project ii", "userDefined": false}, {"text": "?", "userDefined": false}], "count": 0, "isTemplate": false}, {"id": "1bd96302-dfba-4f1b-bafe-82c05656e071", "data": [{"text": "What is another name for ", "userDefined": false}, {"meta": "@CLASS_NAME", "alias": "CLASS_NAME", "text": "CSC 570", "userDefined": false}, {"text": "?", "userDefined": false}], "count": 0, "isTemplate": false}, {"id": "b59aa4c2-81e5-4533-8750-6b72bfb86158", "data": [{"text": "What is another name for ", "userDefined": false}, {"meta": "@CLASS_NAME", "alias": "CLASS_NAME", "text": "CSC 468", "userDefined": false}, {"text": "?", "userDefined": false}], "count": 0, "isTemplate": false}, {"id": "98ee9282-0c47-4550-a6c8-723c066a24cd", "data": [{"text": "What is another name for ", "userDefined": false}, {"meta": "@CLASS_NAME", "alias": "CLASS_NAME", "text": "network-and web security", "userDefined": false}, {"text": "?", "userDefined": false}], "count": 0, "isTemplate": false}, {"id": "1e0a1dbb-6810-4af1-81a1-28f32488d8ef", "data": [{"text": "What is another name for ", "userDefined": false}, {"meta": "@CLASS_NAME", "alias": "CLASS_NAME", "text": "deep learning", "userDefined": false}, {"text": "?", "userDefined": false}], "count": 0, "isTemplate": false}, {"id": "f2ba36e6-dcae-485d-9ca6-4a9058984320", "data": [{"text": "What is another name for ", "userDefined": false}, {"meta": "@CLASS_NAME", "alias": "CLASS_NAME", "text": "CSC 303", "userDefined": false}, {"text": "?", "userDefined": false}], "count": 0, "isTemplate": false}, {"id": "3f1d9eaa-764d-47ec-b0ed-3179f2d73a53", "data": [{"text": "What is another name for ", "userDefined": false}, {"meta": "@CLASS_NAME", "alias": "CLASS_NAME", "text": "introduction-to distributed computing", "userDefined": false}, {"text": "?", "userDefined": false}], "count": 0, "isTemplate": false}, {"id": "7d50739a-29e2-4d94-987c-f30c2cf75fad", "data": [{"text": "What is another name for ", "userDefined": false}, {"meta": "@CLASS_NAME", "alias": "CLASS_NAME", "text": "CSC 484", "userDefined": false}, {"text": "?", "userDefined": false}], "count": 0, "isTemplate": false}, {"id": "d09b1551-89e4-4531-94fb-7e6fe7922456", "data": [{"text": "What is another name for ", "userDefined": false}, {"meta": "@CLASS_NAME", "alias": "CLASS_NAME", "text": "CSC 596", "userDefined": false}, {"text": "?", "userDefined": false}], "count": 0, "isTemplate": false}, {"id": "8198dd57-350b-478e-b6e6-ce2f6c6a559b", "data": [{"text": "What name do people also call ", "userDefined": false}, {"meta": "@CLASS_NAME", "alias": "CLASS_NAME", "text": "computer programming-for scientists-and engineers", "userDefined": false}, {"text": "?", "userDefined": false}], "count": 0, "isTemplate": false}, {"id": "ad4db225-a2a0-4ebd-9e1b-c20d7d3d4e07", "data": [{"text": "What name do people also call ", "userDefined": false}, {"meta": "@CLASS_NAME", "alias": "CLASS_NAME", "text": "topics-in advanced data mining", "userDefined": false}, {"text": "?", "userDefined": false}], "count": 0, "isTemplate": false}, {"id": "b945b770-5cab-4f60-90ab-2504f65754c5", "data": [{"text": "What name do people also call ", "userDefined": false}, {"meta": "@CLASS_NAME", "alias": "CLASS_NAME", "text": "topics-in advanced data mining", "userDefined": false}, {"text": "?", "userDefined": false}], "count": 0, "isTemplate": false}, {"id": "edebb678-e48f-4446-961e-bbf17adce0a2", "data": [{"text": "What name do people also call ", "userDefined": false}, {"meta": "@CLASS_NAME", "alias": "CLASS_NAME", "text": "special problems-for undergraduates", "userDefined": false}, {"text": "?", "userDefined": false}], "count": 0, "isTemplate": false}, {"id": "0b860d8e-f8b0-477d-9fa3-c1435d1c279e", "data": [{"text": "What name do people also call ", "userDefined": false}, {"meta": "@CLASS_NAME", "alias": "CLASS_NAME", "text": "introduction-to computer organization", "userDefined": false}, {"text": "?", "userDefined": false}], "count": 0, "isTemplate": false}, {"id": "ffc1da04-b73e-47bd-a83b-8de3417dac2c", "data": [{"text": "What name do people also call ", "userDefined": false}, {"meta": "@CLASS_NAME", "alias": "CLASS_NAME", "text": "software requirements engineering", "userDefined": false}, {"text": "?", "userDefined": false}], "count": 0, "isTemplate": false}, {"id": "8afbc615-e4f1-4fb9-8440-39c31a0e72aa", "data": [{"text": "What name do people also call ", "userDefined": false}, {"meta": "@CLASS_NAME", "alias": "CLASS_NAME", "text": "CSC 515", "userDefined": false}, {"text": "?", "userDefined": false}], "count": 0, "isTemplate": false}, {"id": "d834c8bb-12c1-4bc3-9441-706eeaf89d46", "data": [{"text": "What name do people also call ", "userDefined": false}, {"meta": "@CLASS_NAME", "alias": "CLASS_NAME", "text": "CSC 225", "userDefined": false}, {"text": "?", "userDefined": false}], "count": 0, "isTemplate": false}, {"id": "300082e5-7205-405b-912d-dbd9f691852e", "data": [{"text": "What name do people also call ", "userDefined": false}, {"meta": "@CLASS_NAME", "alias": "CLASS_NAME", "text": "software evaluation", "userDefined": false}, {"text": "?", "userDefined": false}], "count": 0, "isTemplate": false}, {"id": "16d50330-8c99-4cfb-8170-e67c7514de55", "data": [{"text": "What name do people also call ", "userDefined": false}, {"meta": "@CLASS_NAME", "alias": "CLASS_NAME", "text": "introduction-to privacy: policy-and technology", "userDefined": false}, {"text": "?", "userDefined": false}], "count": 0, "isTemplate": false}, {"id": "d898db17-d719-4588-84e9-1ecef50f6344", "data": [{"text": "What is ", "userDefined": false}, {"meta": "@CLASS_NAME", "alias": "CLASS_NAME", "text": "CSC 209", "userDefined": false}, {"text": " also named as?", "userDefined": false}], "count": 0, "isTemplate": false}, {"id": "057b311e-97f3-4059-8a49-34466103d15c", "data": [{"text": "What is ", "userDefined": false}, {"meta": "@CLASS_NAME", "alias": "CLASS_NAME", "text": "CSC 550", "userDefined": false}, {"text": " also named as?", "userDefined": false}], "count": 0, "isTemplate": false}, {"id": "f2041ad5-accc-427c-9ffe-0640aad7121c", "data": [{"text": "What is ", "userDefined": false}, {"meta": "@CLASS_NAME", "alias": "CLASS_NAME", "text": "CSC 406", "userDefined": false}, {"text": " also named as?", "userDefined": false}], "count": 0, "isTemplate": false}, {"id": "6480224d-b9a0-482c-9825-9ec1b2767ba3", "data": [{"text": "What is ", "userDefined": false}, {"meta": "@CLASS_NAME", "alias": "CLASS_NAME", "text": "CSC 349", "userDefined": false}, {"text": " also named as?", "userDefined": false}], "count": 0, "isTemplate": false}, {"id": "bd0521c2-95c1-456c-829a-7de5b16a504f", "data": [{"text": "What is ", "userDefined": false}, {"meta": "@CLASS_NAME", "alias": "CLASS_NAME", "text": "CSC 371", "userDefined": false}, {"text": " also named as?", "userDefined": false}], "count": 0, "isTemplate": false}, {"id": "20d9abca-756b-40c4-b964-9be9a1432eac", "data": [{"text": "What is ", "userDefined": false}, {"meta": "@CLASS_NAME", "alias": "CLASS_NAME", "text": "CSC 492", "userDefined": false}, {"text": " also named as?", "userDefined": false}], "count": 0, "isTemplate": false}, {"id": "b333d9d6-e974-4616-8cc1-b91c203de402", "data": [{"text": "What is ", "userDefined": false}, {"meta": "@CLASS_NAME", "alias": "CLASS_NAME", "text": "CSC 478", "userDefined": false}, {"text": " also named as?", "userDefined": false}], "count": 0, "isTemplate": false}, {"id": "1006d40c-7687-4f3d-9d3a-9e3cbf375a50", "data": [{"text": "What is ", "userDefined": false}, {"meta": "@CLASS_NAME", "alias": "CLASS_NAME", "text": "current topics-in software engineering", "userDefined": false}, {"text": " also named as?", "userDefined": false}], "count": 0, "isTemplate": false}, {"id": "76a06862-aafb-4d9e-acab-f06b9e0a000d", "data": [{"text": "What is ", "userDefined": false}, {"meta": "@CLASS_NAME", "alias": "CLASS_NAME", "text": "CSC 232", "userDefined": false}, {"text": " also named as?", "userDefined": false}], "count": 0, "isTemplate": false}, {"id": "a81478b6-b703-46b8-a0d7-4180ae8c4a38", "data": [{"text": "What is ", "userDefined": false}, {"meta": "@CLASS_NAME", "alias": "CLASS_NAME", "text": "real-time-3d computer graphics software", "userDefined": false}, {"text": " also named as?", "userDefined": false}], "count": 0, "isTemplate": false}, {"id": "e8229b97-b133-4e4f-876a-4368f88fb82e", "data": [{"text": "What is ", "userDefined": false}, {"meta": "@CLASS_NAME", "alias": "CLASS_NAME", "text": "data structures", "userDefined": false}, {"text": " also called?", "userDefined": false}], "count": 0, "isTemplate": false}, {"id": "4d177ba4-bec1-4f82-9721-a366a7c5d3f3", "data": [{"text": "What is ", "userDefined": false}, {"meta": "@CLASS_NAME", "alias": "CLASS_NAME", "text": "CSC 500", "userDefined": false}, {"text": " also called?", "userDefined": false}], "count": 0, "isTemplate": false}, {"id": "adce1e4a-b84c-4d8b-bb1a-d0a2051e74cb", "data": [{"text": "What is ", "userDefined": false}, {"meta": "@CLASS_NAME", "alias": "CLASS_NAME", "text": "CSC 508", "userDefined": false}, {"text": " also called?", "userDefined": false}], "count": 0, "isTemplate": false}, {"id": "a4e26973-75d9-4cbf-9d8b-f6370a58f5da", "data": [{"text": "What is ", "userDefined": false}, {"meta": "@CLASS_NAME", "alias": "CLASS_NAME", "text": "knowledge discovery-from data", "userDefined": false}, {"text": " also called?", "userDefined": false}], "count": 0, "isTemplate": false}, {"id": "4c738667-97e5-47de-8488-07ab2b26089b", "data": [{"text": "What is ", "userDefined": false}, {"meta": "@CLASS_NAME", "alias": "CLASS_NAME", "text": "CSC 300", "userDefined": false}, {"text": " also called?", "userDefined": false}], "count": 0, "isTemplate": false}, {"id": "bfdcf92b-8ed0-4ac6-807c-65b4aa975ad5", "data": [{"text": "What is ", "userDefined": false}, {"meta": "@CLASS_NAME", "alias": "CLASS_NAME", "text": "professional responsibilities", "userDefined": false}, {"text": " also called?", "userDefined": false}], "count": 0, "isTemplate": false}, {"id": "70d658c4-d27d-4857-9b5c-5a28b5115ec0", "data": [{"text": "What is ", "userDefined": false}, {"meta": "@CLASS_NAME", "alias": "CLASS_NAME", "text": "CSC 402", "userDefined": false}, {"text": " also called?", "userDefined": false}], "count": 0, "isTemplate": false}, {"id": "c4d975a2-54fc-471d-a348-d059485d5fd3", "data": [{"text": "What is ", "userDefined": false}, {"meta": "@CLASS_NAME", "alias": "CLASS_NAME", "text": "project-based object-oriented programming-and design", "userDefined": false}, {"text": " also called?", "userDefined": false}], "count": 0, "isTemplate": false}, {"id": "54f30e4b-99d6-44a6-9c2c-9a7016970fcb", "data": [{"text": "What is ", "userDefined": false}, {"meta": "@CLASS_NAME", "alias": "CLASS_NAME", "text": "CSC 409", "userDefined": false}, {"text": " also called?", "userDefined": false}], "count": 0, "isTemplate": false}, {"id": "a4c3a6a0-c33f-44d2-a4d4-8c14a68fe05d", "data": [{"text": "What is ", "userDefined": false}, {"meta": "@CLASS_NAME", "alias": "CLASS_NAME", "text": "real-time-3d computer graphics software", "userDefined": false}, {"text": " also called?", "userDefined": false}], "count": 0, "isTemplate": false}, {"id": "db345ed0-4e8f-44bd-bf76-565b908ff520", "data": [{"text": "What name is also given to ", "userDefined": false}, {"meta": "@CLASS_NAME", "alias": "CLASS_NAME", "text": "thesis seminar", "userDefined": false}, {"text": "?", "userDefined": false}], "count": 0, "isTemplate": false}, {"id": "db750f40-5af8-491d-8f7f-300458a0ff90", "data": [{"text": "What name is also given to ", "userDefined": false}, {"meta": "@CLASS_NAME", "alias": "CLASS_NAME", "text": "introduction-to computer security", "userDefined": false}, {"text": "?", "userDefined": false}], "count": 0, "isTemplate": false}, {"id": "27343ba5-0f27-4d02-b860-ed8c311c31ae", "data": [{"text": "What name is also given to ", "userDefined": false}, {"meta": "@CLASS_NAME", "alias": "CLASS_NAME", "text": "CSC 313", "userDefined": false}, {"text": "?", "userDefined": false}], "count": 0, "isTemplate": false}, {"id": "b080b32e-254d-4b44-a542-d6af65fd77bb", "data": [{"text": "What name is also given to ", "userDefined": false}, {"meta": "@CLASS_NAME", "alias": "CLASS_NAME", "text": "individual software design-and development", "userDefined": false}, {"text": "?", "userDefined": false}], "count": 0, "isTemplate": false}, {"id": "3fd2e165-910c-4ac5-994f-649790236ab8", "data": [{"text": "What name is also given to ", "userDefined": false}, {"meta": "@CLASS_NAME", "alias": "CLASS_NAME", "text": "computer security", "userDefined": false}, {"text": "?", "userDefined": false}], "count": 0, "isTemplate": false}, {"id": "5aef1388-a29c-4ff5-bf7c-0a31b35c74d9", "data": [{"text": "What name is also given to ", "userDefined": false}, {"meta": "@CLASS_NAME", "alias": "CLASS_NAME", "text": "CSC 498", "userDefined": false}, {"text": "?", "userDefined": false}], "count": 0, "isTemplate": false}, {"id": "9ef02a89-4b00-405e-bff4-77c54057b286", "data": [{"text": "What name is also given to ", "userDefined": false}, {"meta": "@CLASS_NAME", "alias": "CLASS_NAME", "text": "CSC 468", "userDefined": false}, {"text": "?", "userDefined": false}], "count": 0, "isTemplate": false}, {"id": "5d8eb0fa-ea58-4eec-bbdb-327299fec586", "data": [{"text": "What name is also given to ", "userDefined": false}, {"meta": "@CLASS_NAME", "alias": "CLASS_NAME", "text": "deep learning", "userDefined": false}, {"text": "?", "userDefined": false}], "count": 0, "isTemplate": false}, {"id": "79854de6-7d1f-40ca-9e21-f778cf7758d5", "data": [{"text": "What name is also given to ", "userDefined": false}, {"meta": "@CLASS_NAME", "alias": "CLASS_NAME", "text": "CSC 436", "userDefined": false}, {"text": "?", "userDefined": false}], "count": 0, "isTemplate": false}, {"id": "6b57789e-e7f0-40c5-8916-f3ac0f3dc1c2", "data": [{"text": "What name is also given to ", "userDefined": false}, {"meta": "@CLASS_NAME", "alias": "CLASS_NAME", "text": "CSC 402", "userDefined": false}, {"text": "?", "userDefined": false}], "count": 0, "isTemplate": false}, {"id": "db76127d-0365-4997-bb62-13286b222d94", "data": [{"text": "What is the course title for ", "userDefined": false}, {"meta": "@CLASS_NAME", "alias": "CLASS_NAME", "text": "current topics-in artificial intelligence", "userDefined": false}, {"text": "?", "userDefined": false}], "count": 0, "isTemplate": false}, {"id": "eff07864-5b2d-426c-aa78-6ee06603af21", "data": [{"text": "What is the course title for ", "userDefined": false}, {"meta": "@CLASS_NAME", "alias": "CLASS_NAME", "text": "CSC 171", "userDefined": false}, {"text": "?", "userDefined": false}], "count": 0, "isTemplate": false}, {"id": "f37ce013-ebf6-497d-85f3-108e4e6ea5be", "data": [{"text": "What is the course title for ", "userDefined": false}, {"meta": "@CLASS_NAME", "alias": "CLASS_NAME", "text": "research-in computer science ii", "userDefined": false}, {"text": "?", "userDefined": false}], "count": 0, "isTemplate": false}, {"id": "5b585455-6830-4bcf-a8df-56c56983567b", "data": [{"text": "What is the course title for ", "userDefined": false}, {"meta": "@CLASS_NAME", "alias": "CLASS_NAME", "text": "fundamentals-of computer science", "userDefined": false}, {"text": "?", "userDefined": false}], "count": 0, "isTemplate": false}, {"id": "35e5f05d-3c70-484a-b29e-35f555adba24", "data": [{"text": "What is the course title for ", "userDefined": false}, {"meta": "@CLASS_NAME", "alias": "CLASS_NAME", "text": "cooperative education experience", "userDefined": false}, {"text": "?", "userDefined": false}], "count": 0, "isTemplate": false}, {"id": "678ae910-cdea-41de-ab93-0445dd6d25b3", "data": [{"text": "What is the course title for ", "userDefined": false}, {"meta": "@CLASS_NAME", "alias": "CLASS_NAME", "text": "CSC 235", "userDefined": false}, {"text": "?", "userDefined": false}], "count": 0, "isTemplate": false}, {"id": "fc42ac23-5626-487a-b4a5-959916b05e70", "data": [{"text": "What is the course title for ", "userDefined": false}, {"meta": "@CLASS_NAME", "alias": "CLASS_NAME", "text": "computer animation", "userDefined": false}, {"text": "?", "userDefined": false}], "count": 0, "isTemplate": false}, {"id": "ae8be4fd-c66f-4a66-9793-c59b544bd4f3", "data": [{"text": "What is the course title for ", "userDefined": false}, {"meta": "@CLASS_NAME", "alias": "CLASS_NAME", "text": "CSC 325", "userDefined": false}, {"text": "?", "userDefined": false}], "count": 0, "isTemplate": false}, {"id": "c7977af7-9cbb-41fe-a565-37a1f07930d2", "data": [{"text": "What is the course title for ", "userDefined": false}, {"meta": "@CLASS_NAME", "alias": "CLASS_NAME", "text": "software engineering ii", "userDefined": false}, {"text": "?", "userDefined": false}], "count": 0, "isTemplate": false}, {"id": "49121e74-194a-49f5-8e28-37723a98bfc4", "data": [{"text": "What is the course title for ", "userDefined": false}, {"meta": "@CLASS_NAME", "alias": "CLASS_NAME", "text": "computing-for interactive arts capstone i", "userDefined": false}, {"text": "?", "userDefined": false}], "count": 0, "isTemplate": false}]