[{"count": 0, "data": [{"userDefined": false, "text": "Which courses are introductory studies?"}], "isTemplate": false, "id": "72844fb2-0a27-4007-8f27-eb38d6726b62"}, {"count": 0, "data": [{"userDefined": false, "text": "What classes are considered introductory studies?"}], "isTemplate": false, "id": "3f0a4bc6-5644-4a59-b22a-c635df9f1dab"}, {"count": 0, "data": [{"userDefined": false, "text": "What introductory classes can I take?"}], "isTemplate": false, "id": "83b3756f-3692-4c35-ba39-e0311c51f679"}, {"count": 0, "data": [{"userDefined": false, "text": "Which introductory classes can I take?"}], "isTemplate": false, "id": "98f2465a-1494-435c-9d08-dc407517bb9f"}, {"count": 0, "data": [{"userDefined": false, "text": "Which intro courses can be taken?"}], "isTemplate": false, "id": "59658e6a-32a7-450a-bd21-3c9f2aef4b6a"}, {"count": 0, "data": [{"userDefined": false, "text": "Which classes are introductory studies?"}], "isTemplate": false, "id": "781affef-e51f-417d-acc2-c5493d10b7da"}]