[{"id": "2dbe4758-90a9-4bff-b4eb-205c1d6fc275", "data": [{"text": "Would ", "userDefined": false}, {"meta": "@CLASS_NAME", "alias": "CLASS_NAME", "text": "introduction-to computer graphics", "userDefined": false}, {"text": " include ", "userDefined": false}, {"meta": "@SUBJECT_MATTER", "alias": "SUBJECT_MATTER", "text": "animation", "userDefined": false}, {"text": "?", "userDefined": false}], "count": 0, "isTemplate": false}, {"id": "d260667a-c328-4fb9-ac81-ed894596d5ef", "data": [{"text": "Would ", "userDefined": false}, {"meta": "@CLASS_NAME", "alias": "CLASS_NAME", "text": "CSC 570", "userDefined": false}, {"text": " include ", "userDefined": false}, {"meta": "@SUBJECT_MATTER", "alias": "SUBJECT_MATTER", "text": "3d", "userDefined": false}, {"text": "?", "userDefined": false}], "count": 0, "isTemplate": false}, {"id": "9e55b947-ceb5-4f3a-a08d-0855d95f5fd4", "data": [{"text": "Would ", "userDefined": false}, {"meta": "@CLASS_NAME", "alias": "CLASS_NAME", "text": "CSC 307", "userDefined": false}, {"text": " include ", "userDefined": false}, {"meta": "@SUBJECT_MATTER", "alias": "SUBJECT_MATTER", "text": "individual research", "userDefined": false}, {"text": "?", "userDefined": false}], "count": 0, "isTemplate": false}, {"id": "07b26ef2-1a1a-4da3-b170-98db57feb6f4", "data": [{"text": "Would ", "userDefined": false}, {"meta": "@CLASS_NAME", "alias": "CLASS_NAME", "text": "CSC 487", "userDefined": false}, {"text": " include ", "userDefined": false}, {"meta": "@SUBJECT_MATTER", "alias": "SUBJECT_MATTER", "text": "unix", "userDefined": false}, {"text": "?", "userDefined": false}], "count": 0, "isTemplate": false}, {"id": "416fa85c-49c4-4544-9765-25bf2dd50cad", "data": [{"text": "Would ", "userDefined": false}, {"meta": "@CLASS_NAME", "alias": "CLASS_NAME", "text": "introduction-to operating systems", "userDefined": false}, {"text": " include ", "userDefined": false}, {"meta": "@SUBJECT_MATTER", "alias": "SUBJECT_MATTER", "text": "operate system", "userDefined": false}, {"text": "?", "userDefined": false}], "count": 0, "isTemplate": false}, {"id": "a7a0a290-c126-4031-a095-abdb10a689c5", "data": [{"text": "Would ", "userDefined": false}, {"meta": "@CLASS_NAME", "alias": "CLASS_NAME", "text": "CSC 458", "userDefined": false}, {"text": " include ", "userDefined": false}, {"meta": "@SUBJECT_MATTER", "alias": "SUBJECT_MATTER", "text": "consensus", "userDefined": false}, {"text": "?", "userDefined": false}], "count": 0, "isTemplate": false}, {"id": "d43046ed-dec9-4fb5-a18a-205cc977e157", "data": [{"text": "Would ", "userDefined": false}, {"meta": "@CLASS_NAME", "alias": "CLASS_NAME", "text": "advanced rendering techniques", "userDefined": false}, {"text": " include ", "userDefined": false}, {"meta": "@SUBJECT_MATTER", "alias": "SUBJECT_MATTER", "text": "artificial intelligence", "userDefined": false}, {"text": "?", "userDefined": false}], "count": 0, "isTemplate": false}, {"id": "82e01d9a-b632-4c2c-91aa-b01a4fa0617e", "data": [{"text": "Would ", "userDefined": false}, {"meta": "@CLASS_NAME", "alias": "CLASS_NAME", "text": "CSC 123", "userDefined": false}, {"text": " include ", "userDefined": false}, {"meta": "@SUBJECT_MATTER", "alias": "SUBJECT_MATTER", "text": "graph", "userDefined": false}, {"text": "?", "userDefined": false}], "count": 0, "isTemplate": false}, {"id": "acd17335-fa53-45a6-9909-d0b15090f1b6", "data": [{"text": "Would ", "userDefined": false}, {"meta": "@CLASS_NAME", "alias": "CLASS_NAME", "text": "CSC 595", "userDefined": false}, {"text": " include ", "userDefined": false}, {"meta": "@SUBJECT_MATTER", "alias": "SUBJECT_MATTER", "text": "object orient programming", "userDefined": false}, {"text": "?", "userDefined": false}], "count": 0, "isTemplate": false}, {"id": "b8b7311d-f93b-41ce-bae6-208c31e5c6a7", "data": [{"text": "Would ", "userDefined": false}, {"meta": "@CLASS_NAME", "alias": "CLASS_NAME", "text": "introduction-to object oriented design using graphical user interfaces", "userDefined": false}, {"text": " include ", "userDefined": false}, {"meta": "@SUBJECT_MATTER", "alias": "SUBJECT_MATTER", "text": "software application", "userDefined": false}, {"text": "?", "userDefined": false}], "count": 0, "isTemplate": false}, {"id": "3e551a43-8af5-4fa9-817c-6280b88d2a2a", "data": [{"text": "Does ", "userDefined": false}, {"meta": "@CLASS_NAME", "alias": "CLASS_NAME", "text": "CSC 305", "userDefined": false}, {"text": " consist of ", "userDefined": false}, {"meta": "@SUBJECT_MATTER", "alias": "SUBJECT_MATTER", "text": "introduction software", "userDefined": false}, {"text": "?", "userDefined": false}], "count": 0, "isTemplate": false}, {"id": "b316cc25-8fde-4953-825f-37983d1871b5", "data": [{"text": "Does ", "userDefined": false}, {"meta": "@CLASS_NAME", "alias": "CLASS_NAME", "text": "cooperative education experience", "userDefined": false}, {"text": " consist of ", "userDefined": false}, {"meta": "@SUBJECT_MATTER", "alias": "SUBJECT_MATTER", "text": "web security", "userDefined": false}, {"text": "?", "userDefined": false}], "count": 0, "isTemplate": false}, {"id": "460caaf3-b4f7-48c5-bd67-054644519c21", "data": [{"text": "Does ", "userDefined": false}, {"meta": "@CLASS_NAME", "alias": "CLASS_NAME", "text": "CSC 437", "userDefined": false}, {"text": " consist of ", "userDefined": false}, {"meta": "@SUBJECT_MATTER", "alias": "SUBJECT_MATTER", "text": "topic computer", "userDefined": false}, {"text": "?", "userDefined": false}], "count": 0, "isTemplate": false}, {"id": "0e7e9048-201e-4c65-a99f-f232ea237530", "data": [{"text": "Does ", "userDefined": false}, {"meta": "@CLASS_NAME", "alias": "CLASS_NAME", "text": "accelerated introduction-to computer science", "userDefined": false}, {"text": " consist of ", "userDefined": false}, {"meta": "@SUBJECT_MATTER", "alias": "SUBJECT_MATTER", "text": "problem solving programming", "userDefined": false}, {"text": "?", "userDefined": false}], "count": 0, "isTemplate": false}, {"id": "44f01e0b-99cd-4773-b210-0121cf8872ca", "data": [{"text": "Does ", "userDefined": false}, {"meta": "@CLASS_NAME", "alias": "CLASS_NAME", "text": "computer animation", "userDefined": false}, {"text": " consist of ", "userDefined": false}, {"meta": "@SUBJECT_MATTER", "alias": "SUBJECT_MATTER", "text": "array", "userDefined": false}, {"text": "?", "userDefined": false}], "count": 0, "isTemplate": false}, {"id": "d650d891-f462-41b2-8d7b-aedda8cb6b7d", "data": [{"text": "Does ", "userDefined": false}, {"meta": "@CLASS_NAME", "alias": "CLASS_NAME", "text": "CSC 448", "userDefined": false}, {"text": " consist of ", "userDefined": false}, {"meta": "@SUBJECT_MATTER", "alias": "SUBJECT_MATTER", "text": "direct group study", "userDefined": false}, {"text": "?", "userDefined": false}], "count": 0, "isTemplate": false}, {"id": "c662e821-be3b-4695-b9bf-b3cc938dc6c9", "data": [{"text": "Does ", "userDefined": false}, {"meta": "@CLASS_NAME", "alias": "CLASS_NAME", "text": "CSC 369", "userDefined": false}, {"text": " consist of ", "userDefined": false}, {"meta": "@SUBJECT_MATTER", "alias": "SUBJECT_MATTER", "text": "digital", "userDefined": false}, {"text": "?", "userDefined": false}], "count": 0, "isTemplate": false}, {"id": "afc51acb-398b-4dfc-b536-ceeda5561374", "data": [{"text": "Does ", "userDefined": false}, {"meta": "@CLASS_NAME", "alias": "CLASS_NAME", "text": "CSC 357", "userDefined": false}, {"text": " consist of ", "userDefined": false}, {"meta": "@SUBJECT_MATTER", "alias": "SUBJECT_MATTER", "text": "set", "userDefined": false}, {"text": "?", "userDefined": false}], "count": 0, "isTemplate": false}, {"id": "5349f426-39b2-40af-83d6-f0044f3c82a7", "data": [{"text": "Does ", "userDefined": false}, {"meta": "@CLASS_NAME", "alias": "CLASS_NAME", "text": "special problems-for undergraduates", "userDefined": false}, {"text": " consist of ", "userDefined": false}, {"meta": "@SUBJECT_MATTER", "alias": "SUBJECT_MATTER", "text": "information retrieval", "userDefined": false}, {"text": "?", "userDefined": false}], "count": 0, "isTemplate": false}, {"id": "d27128c3-8eba-4e31-bacc-0b904c77499d", "data": [{"text": "Does ", "userDefined": false}, {"meta": "@CLASS_NAME", "alias": "CLASS_NAME", "text": "current topics-in software engineering", "userDefined": false}, {"text": " consist of ", "userDefined": false}, {"meta": "@SUBJECT_MATTER", "alias": "SUBJECT_MATTER", "text": "computational linguistics", "userDefined": false}, {"text": "?", "userDefined": false}], "count": 0, "isTemplate": false}, {"id": "89bd595e-d29a-46b3-bad1-a449d95a4209", "data": [{"text": "Is ", "userDefined": false}, {"meta": "@SUBJECT_MATTER", "alias": "SUBJECT_MATTER", "text": "video", "userDefined": false}, {"text": " included in ", "userDefined": false}, {"meta": "@CLASS_NAME", "alias": "CLASS_NAME", "text": "CSC 473", "userDefined": false}, {"text": "?", "userDefined": false}], "count": 0, "isTemplate": false}, {"id": "ce1c8b37-2e14-4058-b864-b363c1a4ab42", "data": [{"text": "Is ", "userDefined": false}, {"meta": "@SUBJECT_MATTER", "alias": "SUBJECT_MATTER", "text": "designing", "userDefined": false}, {"text": " included in ", "userDefined": false}, {"meta": "@CLASS_NAME", "alias": "CLASS_NAME", "text": "database management systems implementation", "userDefined": false}, {"text": "?", "userDefined": false}], "count": 0, "isTemplate": false}, {"id": "ef004da3-1eab-4674-b967-86f1e0c0b6f6", "data": [{"text": "Is ", "userDefined": false}, {"meta": "@SUBJECT_MATTER", "alias": "SUBJECT_MATTER", "text": "construction", "userDefined": false}, {"text": " included in ", "userDefined": false}, {"meta": "@CLASS_NAME", "alias": "CLASS_NAME", "text": "CSC 486", "userDefined": false}, {"text": "?", "userDefined": false}], "count": 0, "isTemplate": false}, {"id": "065a1b2f-6083-448c-a79d-f7de2a1fe4e5", "data": [{"text": "Is ", "userDefined": false}, {"meta": "@SUBJECT_MATTER", "alias": "SUBJECT_MATTER", "text": "knowledge representation", "userDefined": false}, {"text": " included in ", "userDefined": false}, {"meta": "@CLASS_NAME", "alias": "CLASS_NAME", "text": "senior project ii", "userDefined": false}, {"text": "?", "userDefined": false}], "count": 0, "isTemplate": false}, {"id": "068541c9-5b67-42b0-b896-37bd2a916f88", "data": [{"text": "Is ", "userDefined": false}, {"meta": "@SUBJECT_MATTER", "alias": "SUBJECT_MATTER", "text": "browser", "userDefined": false}, {"text": " included in ", "userDefined": false}, {"meta": "@CLASS_NAME", "alias": "CLASS_NAME", "text": "CSC 232", "userDefined": false}, {"text": "?", "userDefined": false}], "count": 0, "isTemplate": false}, {"id": "fff3fb43-157f-4f3b-8b5c-2b149c29e40a", "data": [{"text": "Is ", "userDefined": false}, {"meta": "@SUBJECT_MATTER", "alias": "SUBJECT_MATTER", "text": "browser", "userDefined": false}, {"text": " included in ", "userDefined": false}, {"meta": "@CLASS_NAME", "alias": "CLASS_NAME", "text": "research senior project ii", "userDefined": false}, {"text": "?", "userDefined": false}], "count": 0, "isTemplate": false}, {"id": "c753ec8b-ad9c-44eb-a167-9668c5e6a28c", "data": [{"text": "Is ", "userDefined": false}, {"meta": "@SUBJECT_MATTER", "alias": "SUBJECT_MATTER", "text": "language concept", "userDefined": false}, {"text": " included in ", "userDefined": false}, {"meta": "@CLASS_NAME", "alias": "CLASS_NAME", "text": "compiler construction", "userDefined": false}, {"text": "?", "userDefined": false}], "count": 0, "isTemplate": false}, {"id": "d6e004e5-86ac-4445-9197-1e2d2919d344", "data": [{"text": "Is ", "userDefined": false}, {"meta": "@SUBJECT_MATTER", "alias": "SUBJECT_MATTER", "text": "cognition", "userDefined": false}, {"text": " included in ", "userDefined": false}, {"meta": "@CLASS_NAME", "alias": "CLASS_NAME", "text": "CSC 350", "userDefined": false}, {"text": "?", "userDefined": false}], "count": 0, "isTemplate": false}, {"id": "780b5041-0d42-43be-9245-d011d6bc4d2e", "data": [{"text": "Is ", "userDefined": false}, {"meta": "@SUBJECT_MATTER", "alias": "SUBJECT_MATTER", "text": "principle object orient", "userDefined": false}, {"text": " included in ", "userDefined": false}, {"meta": "@CLASS_NAME", "alias": "CLASS_NAME", "text": "CSC 493", "userDefined": false}, {"text": "?", "userDefined": false}], "count": 0, "isTemplate": false}, {"id": "96347659-b2ff-48a2-b533-d56a65b171dc", "data": [{"text": "Is ", "userDefined": false}, {"meta": "@SUBJECT_MATTER", "alias": "SUBJECT_MATTER", "text": "design application", "userDefined": false}, {"text": " included in ", "userDefined": false}, {"meta": "@CLASS_NAME", "alias": "CLASS_NAME", "text": "CSC 593", "userDefined": false}, {"text": "?", "userDefined": false}], "count": 0, "isTemplate": false}, {"id": "7b23536d-f4ce-4cdd-8434-435a19067d9b", "data": [{"text": "Is ", "userDefined": false}, {"meta": "@SUBJECT_MATTER", "alias": "SUBJECT_MATTER", "text": "interprocess", "userDefined": false}, {"text": "? taught in ", "userDefined": false}, {"meta": "@CLASS_NAME", "alias": "CLASS_NAME", "text": "programming languages", "userDefined": false}, {"text": "?", "userDefined": false}], "count": 0, "isTemplate": false}, {"id": "317ff2f3-0c5e-4833-84f6-dcbfecf3e4ad", "data": [{"text": "Is ", "userDefined": false}, {"meta": "@SUBJECT_MATTER", "alias": "SUBJECT_MATTER", "text": "storytelling", "userDefined": false}, {"text": "? taught in ", "userDefined": false}, {"meta": "@CLASS_NAME", "alias": "CLASS_NAME", "text": "CSC 521", "userDefined": false}, {"text": "?", "userDefined": false}], "count": 0, "isTemplate": false}, {"id": "4da3f7c6-a638-4576-80b5-970f406d7287", "data": [{"text": "Is ", "userDefined": false}, {"meta": "@SUBJECT_MATTER", "alias": "SUBJECT_MATTER", "text": "software application", "userDefined": false}, {"text": "? taught in ", "userDefined": false}, {"meta": "@CLASS_NAME", "alias": "CLASS_NAME", "text": "CSC 371", "userDefined": false}, {"text": "?", "userDefined": false}], "count": 0, "isTemplate": false}, {"id": "61f73dcb-00fc-4a82-8ad4-28cb29b49131", "data": [{"text": "Is ", "userDefined": false}, {"meta": "@SUBJECT_MATTER", "alias": "SUBJECT_MATTER", "text": "theory practice", "userDefined": false}, {"text": "? taught in ", "userDefined": false}, {"meta": "@CLASS_NAME", "alias": "CLASS_NAME", "text": "project-based object-oriented programming-and design", "userDefined": false}, {"text": "?", "userDefined": false}], "count": 0, "isTemplate": false}, {"id": "d69d2d51-5f27-4d3f-bb82-ea646c2900eb", "data": [{"text": "Is ", "userDefined": false}, {"meta": "@SUBJECT_MATTER", "alias": "SUBJECT_MATTER", "text": "procedural programming", "userDefined": false}, {"text": "? taught in ", "userDefined": false}, {"meta": "@CLASS_NAME", "alias": "CLASS_NAME", "text": "cooperative education experience", "userDefined": false}, {"text": "?", "userDefined": false}], "count": 0, "isTemplate": false}, {"id": "7fb3a10a-785d-40a4-815b-ae2fdd1a4134", "data": [{"text": "Is ", "userDefined": false}, {"meta": "@SUBJECT_MATTER", "alias": "SUBJECT_MATTER", "text": "ethical", "userDefined": false}, {"text": "? taught in ", "userDefined": false}, {"meta": "@CLASS_NAME", "alias": "CLASS_NAME", "text": "CSC 410", "userDefined": false}, {"text": "?", "userDefined": false}], "count": 0, "isTemplate": false}, {"id": "338b2387-3fe3-4d21-83b9-22c2d99334c1", "data": [{"text": "Is ", "userDefined": false}, {"meta": "@SUBJECT_MATTER", "alias": "SUBJECT_MATTER", "text": "recent", "userDefined": false}, {"text": "? taught in ", "userDefined": false}, {"meta": "@CLASS_NAME", "alias": "CLASS_NAME", "text": "CSC 478", "userDefined": false}, {"text": "?", "userDefined": false}], "count": 0, "isTemplate": false}, {"id": "76e50df8-6597-4027-9afd-bf0a981d5912", "data": [{"text": "Is ", "userDefined": false}, {"meta": "@SUBJECT_MATTER", "alias": "SUBJECT_MATTER", "text": "distribute system", "userDefined": false}, {"text": "? taught in ", "userDefined": false}, {"meta": "@CLASS_NAME", "alias": "CLASS_NAME", "text": "computing-for interactive arts capstone ii", "userDefined": false}, {"text": "?", "userDefined": false}], "count": 0, "isTemplate": false}, {"id": "78f6c8f4-7133-480a-9d05-7f3bf1e7826c", "data": [{"text": "Is ", "userDefined": false}, {"meta": "@SUBJECT_MATTER", "alias": "SUBJECT_MATTER", "text": "sound", "userDefined": false}, {"text": "? taught in ", "userDefined": false}, {"meta": "@CLASS_NAME", "alias": "CLASS_NAME", "text": "CSC 290", "userDefined": false}, {"text": "?", "userDefined": false}], "count": 0, "isTemplate": false}, {"id": "ca09a2e0-2181-4f8b-b9f8-87a4938165dc", "data": [{"text": "Is ", "userDefined": false}, {"meta": "@SUBJECT_MATTER", "alias": "SUBJECT_MATTER", "text": "object orient", "userDefined": false}, {"text": "? taught in ", "userDefined": false}, {"meta": "@CLASS_NAME", "alias": "CLASS_NAME", "text": "knowledge based systems", "userDefined": false}, {"text": "?", "userDefined": false}], "count": 0, "isTemplate": false}, {"id": "05925a29-91f9-4df6-805c-c1d1fb412c64", "data": [{"text": "Does ", "userDefined": false}, {"meta": "@CLASS_NAME", "alias": "CLASS_NAME", "text": "CSC 200", "userDefined": false}, {"text": " include ", "userDefined": false}, {"meta": "@SUBJECT_MATTER", "alias": "SUBJECT_MATTER", "text": "dynamic data", "userDefined": false}, {"text": "?", "userDefined": false}], "count": 0, "isTemplate": false}, {"id": "a5f24fb1-971e-44fc-b33d-fcb376931b26", "data": [{"text": "Does ", "userDefined": false}, {"meta": "@CLASS_NAME", "alias": "CLASS_NAME", "text": "CSC 560", "userDefined": false}, {"text": " include ", "userDefined": false}, {"meta": "@SUBJECT_MATTER", "alias": "SUBJECT_MATTER", "text": "modern programming language", "userDefined": false}, {"text": "?", "userDefined": false}], "count": 0, "isTemplate": false}, {"id": "40cd8549-a82b-4422-9108-a8ab1ff66b86", "data": [{"text": "Does ", "userDefined": false}, {"meta": "@CLASS_NAME", "alias": "CLASS_NAME", "text": "computing-for interactive arts capstone i", "userDefined": false}, {"text": " include ", "userDefined": false}, {"meta": "@SUBJECT_MATTER", "alias": "SUBJECT_MATTER", "text": "high level language", "userDefined": false}, {"text": "?", "userDefined": false}], "count": 0, "isTemplate": false}, {"id": "e8b5b62c-b2d0-444c-a29e-31f5efd2eab0", "data": [{"text": "Does ", "userDefined": false}, {"meta": "@CLASS_NAME", "alias": "CLASS_NAME", "text": "CSC 307", "userDefined": false}, {"text": " include ", "userDefined": false}, {"meta": "@SUBJECT_MATTER", "alias": "SUBJECT_MATTER", "text": "video", "userDefined": false}, {"text": "?", "userDefined": false}], "count": 0, "isTemplate": false}, {"id": "37d40beb-cb60-4599-9648-49e70b09092e", "data": [{"text": "Does ", "userDefined": false}, {"meta": "@CLASS_NAME", "alias": "CLASS_NAME", "text": "introduction-to computing", "userDefined": false}, {"text": " include ", "userDefined": false}, {"meta": "@SUBJECT_MATTER", "alias": "SUBJECT_MATTER", "text": "system design", "userDefined": false}, {"text": "?", "userDefined": false}], "count": 0, "isTemplate": false}, {"id": "b44c7a8a-1e74-4977-b57b-c4f4bf72c402", "data": [{"text": "Does ", "userDefined": false}, {"meta": "@CLASS_NAME", "alias": "CLASS_NAME", "text": "CSC 530", "userDefined": false}, {"text": " include ", "userDefined": false}, {"meta": "@SUBJECT_MATTER", "alias": "SUBJECT_MATTER", "text": "architecture", "userDefined": false}, {"text": "?", "userDefined": false}], "count": 0, "isTemplate": false}, {"id": "c90d87b7-2e8d-40de-b4e5-f086f82969f1", "data": [{"text": "Does ", "userDefined": false}, {"meta": "@CLASS_NAME", "alias": "CLASS_NAME", "text": "computer graphics", "userDefined": false}, {"text": " include ", "userDefined": false}, {"meta": "@SUBJECT_MATTER", "alias": "SUBJECT_MATTER", "text": "abstraction", "userDefined": false}, {"text": "?", "userDefined": false}], "count": 0, "isTemplate": false}, {"id": "29f9efae-aef2-4e40-88c5-c62e0328fcf1", "data": [{"text": "Does ", "userDefined": false}, {"meta": "@CLASS_NAME", "alias": "CLASS_NAME", "text": "CSC 572", "userDefined": false}, {"text": " include ", "userDefined": false}, {"meta": "@SUBJECT_MATTER", "alias": "SUBJECT_MATTER", "text": "hardware", "userDefined": false}, {"text": "?", "userDefined": false}], "count": 0, "isTemplate": false}, {"id": "fb59f788-dee1-4ec7-a0cb-fb3a3914bf0c", "data": [{"text": "Does ", "userDefined": false}, {"meta": "@CLASS_NAME", "alias": "CLASS_NAME", "text": "topics-in advanced data mining", "userDefined": false}, {"text": " include ", "userDefined": false}, {"meta": "@SUBJECT_MATTER", "alias": "SUBJECT_MATTER", "text": "object orient", "userDefined": false}, {"text": "?", "userDefined": false}], "count": 0, "isTemplate": false}, {"id": "a1b4c17e-4fdf-4d0b-a636-2cd7b085d011", "data": [{"text": "Does ", "userDefined": false}, {"meta": "@CLASS_NAME", "alias": "CLASS_NAME", "text": "CSC 307", "userDefined": false}, {"text": " include ", "userDefined": false}, {"meta": "@SUBJECT_MATTER", "alias": "SUBJECT_MATTER", "text": "physical", "userDefined": false}, {"text": "?", "userDefined": false}], "count": 0, "isTemplate": false}]