[{"count": 0, "data": [{"userDefined": false, "text": "Which courses are crosslisted in "}, {"userDefined": false, "meta": "@DEPARTMENT_ABBREVIATION", "alias": "DEPARTMENT_ABBREVIATION", "text": "CPE"}, {"userDefined": false, "text": "?"}], "isTemplate": false, "id": "556b4f73-e5ac-4b95-8223-12db15bfdc07"}, {"count": 0, "data": [{"userDefined": false, "text": "What classes are crosslisted in "}, {"userDefined": false, "meta": "@DEPARTMENT_ABBREVIATION", "alias": "DEPARTMENT_ABBREVIATION", "text": "cpe"}, {"userDefined": false, "text": "?"}], "isTemplate": false, "id": "5bd5259e-a8c2-46f2-9d6c-7c94c8e4437c"}, {"count": 0, "data": [{"userDefined": false, "text": "In "}, {"userDefined": false, "meta": "@DEPARTMENT_ABBREVIATION", "alias": "DEPARTMENT_ABBREVIATION", "text": "csc"}, {"userDefined": false, "text": ", which classes are crosslisted?"}], "isTemplate": false, "id": "6dc4b71a-853e-4b76-9d68-c49e2eaacca6"}, {"count": 0, "data": [{"userDefined": false, "text": "Which classes can also be found in "}, {"userDefined": false, "meta": "@DEPARTMENT_ABBREVIATION", "alias": "DEPARTMENT_ABBREVIATION", "text": "csc"}, {"userDefined": false, "text": "?"}], "isTemplate": false, "id": "387c7ebc-4503-4858-94d1-89090a7ce700"}, {"count": 0, "data": [{"userDefined": false, "text": "Which classes are crosslisted in "}, {"userDefined": false, "meta": "@DEPARTMENT_ABBREVIATION", "alias": "DEPARTMENT_ABBREVIATION", "text": "CSC"}, {"userDefined": false, "text": "?"}], "isTemplate": false, "id": "5e909ac7-5b1a-4f10-b0d9-15c196ce2b21"}]