[{"id": "f60ad072-1d3f-4774-9707-4b2d9b429e95", "data": [{"text": "Can ", "userDefined": false}, {"meta": "@CLASS_NAME", "alias": "CLASS_NAME", "text": "CSC 436", "userDefined": false}, {"text": " only be taken as credit or no credit?", "userDefined": false}], "count": 0, "isTemplate": false}, {"id": "1008b357-8614-4899-8a57-c8291f4d9c86", "data": [{"text": "Can ", "userDefined": false}, {"meta": "@CLASS_NAME", "alias": "CLASS_NAME", "text": "advanced rendering techniques", "userDefined": false}, {"text": " only be taken as credit or no credit?", "userDefined": false}], "count": 0, "isTemplate": false}, {"id": "fff6799b-e3c2-47ee-a6be-0bca47ccceaa", "data": [{"text": "Can ", "userDefined": false}, {"meta": "@CLASS_NAME", "alias": "CLASS_NAME", "text": "CSC 405", "userDefined": false}, {"text": " only be taken as credit or no credit?", "userDefined": false}], "count": 0, "isTemplate": false}, {"id": "582b70cd-95b0-4e1a-a628-6f43fd9bf0c8", "data": [{"text": "Can ", "userDefined": false}, {"meta": "@CLASS_NAME", "alias": "CLASS_NAME", "text": "fundamentals-of computer science-for scientists-and engineers i", "userDefined": false}, {"text": " only be taken as credit or no credit?", "userDefined": false}], "count": 0, "isTemplate": false}, {"id": "901bfcef-07cc-4614-866f-56eec7c42dd0", "data": [{"text": "Can ", "userDefined": false}, {"meta": "@CLASS_NAME", "alias": "CLASS_NAME", "text": "CSC 301", "userDefined": false}, {"text": " only be taken as credit or no credit?", "userDefined": false}], "count": 0, "isTemplate": false}, {"id": "256f190f-b423-4ec6-842a-306a379fdda0", "data": [{"text": "Can ", "userDefined": false}, {"meta": "@CLASS_NAME", "alias": "CLASS_NAME", "text": "CSC 515", "userDefined": false}, {"text": " only be taken as credit or no credit?", "userDefined": false}], "count": 0, "isTemplate": false}, {"id": "afc55e8c-5770-4f25-91ff-eade10539893", "data": [{"text": "Can ", "userDefined": false}, {"meta": "@CLASS_NAME", "alias": "CLASS_NAME", "text": "CSC 348", "userDefined": false}, {"text": " only be taken as credit or no credit?", "userDefined": false}], "count": 0, "isTemplate": false}, {"id": "3b526826-4d30-4f3c-88d9-e38f6bd0453e", "data": [{"text": "Can ", "userDefined": false}, {"meta": "@CLASS_NAME", "alias": "CLASS_NAME", "text": "CSC 400", "userDefined": false}, {"text": " only be taken as credit or no credit?", "userDefined": false}], "count": 0, "isTemplate": false}, {"id": "15b49dc7-a7c1-42c3-b805-81daaf81b184", "data": [{"text": "Can ", "userDefined": false}, {"meta": "@CLASS_NAME", "alias": "CLASS_NAME", "text": "knowledge based systems", "userDefined": false}, {"text": " only be taken as credit or no credit?", "userDefined": false}], "count": 0, "isTemplate": false}, {"id": "6ee4d453-2921-40f7-86dd-4971228fe0cc", "data": [{"text": "Can ", "userDefined": false}, {"meta": "@CLASS_NAME", "alias": "CLASS_NAME", "text": "software engineering ii", "userDefined": false}, {"text": " only be taken as credit or no credit?", "userDefined": false}], "count": 0, "isTemplate": false}, {"id": "a314682e-cbc9-4e72-b918-cc6a1101eb07", "data": [{"text": "Can you only take ", "userDefined": false}, {"meta": "@CLASS_NAME", "alias": "CLASS_NAME", "text": "introduction-to interactive entertainment", "userDefined": false}, {"text": " as credit or no credit?", "userDefined": false}], "count": 0, "isTemplate": false}, {"id": "156bbe77-7904-4145-aee8-1e4f981c40d8", "data": [{"text": "Can you only take ", "userDefined": false}, {"meta": "@CLASS_NAME", "alias": "CLASS_NAME", "text": "teaching computing", "userDefined": false}, {"text": " as credit or no credit?", "userDefined": false}], "count": 0, "isTemplate": false}, {"id": "4908dba7-2fd0-4ee7-8e34-1380e518a8fa", "data": [{"text": "Can you only take ", "userDefined": false}, {"meta": "@CLASS_NAME", "alias": "CLASS_NAME", "text": "programming languages", "userDefined": false}, {"text": " as credit or no credit?", "userDefined": false}], "count": 0, "isTemplate": false}, {"id": "0b1b1857-db51-46ee-83e1-accf6c1485fe", "data": [{"text": "Can you only take ", "userDefined": false}, {"meta": "@CLASS_NAME", "alias": "CLASS_NAME", "text": "CSC 500", "userDefined": false}, {"text": " as credit or no credit?", "userDefined": false}], "count": 0, "isTemplate": false}, {"id": "a6dbdb2f-21cb-4b23-bc11-03952b5928e0", "data": [{"text": "Can you only take ", "userDefined": false}, {"meta": "@CLASS_NAME", "alias": "CLASS_NAME", "text": "introduction-to database systems", "userDefined": false}, {"text": " as credit or no credit?", "userDefined": false}], "count": 0, "isTemplate": false}, {"id": "91e18b16-8b8a-4f97-81af-4e063fc4d07f", "data": [{"text": "Can you only take ", "userDefined": false}, {"meta": "@CLASS_NAME", "alias": "CLASS_NAME", "text": "CSC 310", "userDefined": false}, {"text": " as credit or no credit?", "userDefined": false}], "count": 0, "isTemplate": false}, {"id": "1b2d56a1-ea9f-4d71-add7-c36a45ea59ac", "data": [{"text": "Can you only take ", "userDefined": false}, {"meta": "@CLASS_NAME", "alias": "CLASS_NAME", "text": "CSC 437", "userDefined": false}, {"text": " as credit or no credit?", "userDefined": false}], "count": 0, "isTemplate": false}, {"id": "b338752a-0ed6-4764-bba0-a197e66d86c6", "data": [{"text": "Can you only take ", "userDefined": false}, {"meta": "@CLASS_NAME", "alias": "CLASS_NAME", "text": "programming-for engineering students", "userDefined": false}, {"text": " as credit or no credit?", "userDefined": false}], "count": 0, "isTemplate": false}, {"id": "2bfe9955-e158-464d-893d-1b706a401b95", "data": [{"text": "Can you only take ", "userDefined": false}, {"meta": "@CLASS_NAME", "alias": "CLASS_NAME", "text": "CSC 235", "userDefined": false}, {"text": " as credit or no credit?", "userDefined": false}], "count": 0, "isTemplate": false}, {"id": "767a205f-e746-4750-a007-33d31eacec3b", "data": [{"text": "Can you only take ", "userDefined": false}, {"meta": "@CLASS_NAME", "alias": "CLASS_NAME", "text": "CSC 300", "userDefined": false}, {"text": " as credit or no credit?", "userDefined": false}], "count": 0, "isTemplate": false}, {"id": "8f210b55-75b3-4f64-aec0-c10a2acba7d7", "data": [{"text": "Is ", "userDefined": false}, {"meta": "@CLASS_NAME", "alias": "CLASS_NAME", "text": "CSC 596", "userDefined": false}, {"text": " credit or no credit only?", "userDefined": false}], "count": 0, "isTemplate": false}, {"id": "46209167-22b1-4c96-b3e0-e7a582591d8a", "data": [{"text": "Is ", "userDefined": false}, {"meta": "@CLASS_NAME", "alias": "CLASS_NAME", "text": "database modeling, design-and implementation", "userDefined": false}, {"text": " credit or no credit only?", "userDefined": false}], "count": 0, "isTemplate": false}, {"id": "e23e28fd-2535-4caf-b04e-1027a9ab011d", "data": [{"text": "Is ", "userDefined": false}, {"meta": "@CLASS_NAME", "alias": "CLASS_NAME", "text": "real-time-3d computer graphics software", "userDefined": false}, {"text": " credit or no credit only?", "userDefined": false}], "count": 0, "isTemplate": false}, {"id": "40a80ff2-48e2-4c61-ab4b-833c33f279b6", "data": [{"text": "Is ", "userDefined": false}, {"meta": "@CLASS_NAME", "alias": "CLASS_NAME", "text": "computers-for poets", "userDefined": false}, {"text": " credit or no credit only?", "userDefined": false}], "count": 0, "isTemplate": false}, {"id": "ac169848-afff-4440-b2a0-c7643ae94df1", "data": [{"text": "Is ", "userDefined": false}, {"meta": "@CLASS_NAME", "alias": "CLASS_NAME", "text": "CSC 302", "userDefined": false}, {"text": " credit or no credit only?", "userDefined": false}], "count": 0, "isTemplate": false}, {"id": "e0724867-bf3d-450d-8823-8af5699a1ce7", "data": [{"text": "Is ", "userDefined": false}, {"meta": "@CLASS_NAME", "alias": "CLASS_NAME", "text": "CSC 515", "userDefined": false}, {"text": " credit or no credit only?", "userDefined": false}], "count": 0, "isTemplate": false}, {"id": "48921084-e439-4ea3-bdf3-dd227b4208ac", "data": [{"text": "Is ", "userDefined": false}, {"meta": "@CLASS_NAME", "alias": "CLASS_NAME", "text": "current topics-in artificial intelligence", "userDefined": false}, {"text": " credit or no credit only?", "userDefined": false}], "count": 0, "isTemplate": false}, {"id": "d1cd1d00-bb12-4a69-b882-b7872d9534f5", "data": [{"text": "Is ", "userDefined": false}, {"meta": "@CLASS_NAME", "alias": "CLASS_NAME", "text": "CSC 105", "userDefined": false}, {"text": " credit or no credit only?", "userDefined": false}], "count": 0, "isTemplate": false}, {"id": "1b056d94-b7c9-48f3-9a97-49541526c9f1", "data": [{"text": "Is ", "userDefined": false}, {"meta": "@CLASS_NAME", "alias": "CLASS_NAME", "text": "bioinformatics algorithms", "userDefined": false}, {"text": " credit or no credit only?", "userDefined": false}], "count": 0, "isTemplate": false}, {"id": "0c0f126a-7d68-41fa-8e02-b6fe2275631e", "data": [{"text": "Is ", "userDefined": false}, {"meta": "@CLASS_NAME", "alias": "CLASS_NAME", "text": "current topics-in computer science", "userDefined": false}, {"text": " credit or no credit only?", "userDefined": false}], "count": 0, "isTemplate": false}, {"id": "7f07e4d1-d092-4534-ae24-7b5ade17c595", "data": [{"text": "Is ", "userDefined": false}, {"meta": "@CLASS_NAME", "alias": "CLASS_NAME", "text": "CSC 350", "userDefined": false}, {"text": " credit or no credit grading only?", "userDefined": false}], "count": 0, "isTemplate": false}, {"id": "fe2d10f4-9a7f-4ef4-ba8d-4efd4bd1929a", "data": [{"text": "Is ", "userDefined": false}, {"meta": "@CLASS_NAME", "alias": "CLASS_NAME", "text": "fundamentals-of computer science-for scientists-and engineers i", "userDefined": false}, {"text": " credit or no credit grading only?", "userDefined": false}], "count": 0, "isTemplate": false}, {"id": "4bdac4ff-59a8-40de-a0dd-66a5e1d30f4a", "data": [{"text": "Is ", "userDefined": false}, {"meta": "@CLASS_NAME", "alias": "CLASS_NAME", "text": "CSC 490", "userDefined": false}, {"text": " credit or no credit grading only?", "userDefined": false}], "count": 0, "isTemplate": false}, {"id": "d1d7e4f9-ec71-4dd7-951b-ca45d2f1463d", "data": [{"text": "Is ", "userDefined": false}, {"meta": "@CLASS_NAME", "alias": "CLASS_NAME", "text": "music programming", "userDefined": false}, {"text": " credit or no credit grading only?", "userDefined": false}], "count": 0, "isTemplate": false}, {"id": "eebc07b2-cd53-4c8f-b3b4-991e7b6958ab", "data": [{"text": "Is ", "userDefined": false}, {"meta": "@CLASS_NAME", "alias": "CLASS_NAME", "text": "teaching computer science", "userDefined": false}, {"text": " credit or no credit grading only?", "userDefined": false}], "count": 0, "isTemplate": false}, {"id": "d98c6d18-c8d3-40a6-8970-63031e96bab0", "data": [{"text": "Is ", "userDefined": false}, {"meta": "@CLASS_NAME", "alias": "CLASS_NAME", "text": "CSC 232", "userDefined": false}, {"text": " credit or no credit grading only?", "userDefined": false}], "count": 0, "isTemplate": false}, {"id": "0d6a2142-6d02-4da1-b91e-963f8fa934a0", "data": [{"text": "Is ", "userDefined": false}, {"meta": "@CLASS_NAME", "alias": "CLASS_NAME", "text": "CSC 378", "userDefined": false}, {"text": " credit or no credit grading only?", "userDefined": false}], "count": 0, "isTemplate": false}, {"id": "4241063a-817b-4f1d-8505-260b8ed71dbc", "data": [{"text": "Is ", "userDefined": false}, {"meta": "@CLASS_NAME", "alias": "CLASS_NAME", "text": "CSC 307", "userDefined": false}, {"text": " credit or no credit grading only?", "userDefined": false}], "count": 0, "isTemplate": false}, {"id": "3d0e7e20-d3b4-4326-b8cc-9960b08e91dc", "data": [{"text": "Is ", "userDefined": false}, {"meta": "@CLASS_NAME", "alias": "CLASS_NAME", "text": "computers-for poets", "userDefined": false}, {"text": " credit or no credit grading only?", "userDefined": false}], "count": 0, "isTemplate": false}, {"id": "c06fd915-6797-4f0f-a609-2d9e648724bc", "data": [{"text": "Is ", "userDefined": false}, {"meta": "@CLASS_NAME", "alias": "CLASS_NAME", "text": "interactive entertainment engineering", "userDefined": false}, {"text": " credit or no credit grading only?", "userDefined": false}], "count": 0, "isTemplate": false}, {"id": "dbbc3d8d-04a8-4784-a920-76526f09e43c", "data": [{"text": "Is ", "userDefined": false}, {"meta": "@CLASS_NAME", "alias": "CLASS_NAME", "text": "computing-for interactive arts capstone i", "userDefined": false}, {"text": " credit/no credit grading only?", "userDefined": false}], "count": 0, "isTemplate": false}, {"id": "4ce03dd4-ecd6-4da2-8c2a-071c93198cf1", "data": [{"text": "Is ", "userDefined": false}, {"meta": "@CLASS_NAME", "alias": "CLASS_NAME", "text": "CSC 487", "userDefined": false}, {"text": " credit/no credit grading only?", "userDefined": false}], "count": 0, "isTemplate": false}, {"id": "d503dfa0-fed9-4d5a-aef6-bd2811359441", "data": [{"text": "Is ", "userDefined": false}, {"meta": "@CLASS_NAME", "alias": "CLASS_NAME", "text": "research senior project i", "userDefined": false}, {"text": " credit/no credit grading only?", "userDefined": false}], "count": 0, "isTemplate": false}, {"id": "33ac06e9-7439-4075-90b3-4aa9931d6cbd", "data": [{"text": "Is ", "userDefined": false}, {"meta": "@CLASS_NAME", "alias": "CLASS_NAME", "text": "personal software process", "userDefined": false}, {"text": " credit/no credit grading only?", "userDefined": false}], "count": 0, "isTemplate": false}, {"id": "f47c7391-b4ad-4b8e-94b3-49f942ee8541", "data": [{"text": "Is ", "userDefined": false}, {"meta": "@CLASS_NAME", "alias": "CLASS_NAME", "text": "CSC 476", "userDefined": false}, {"text": " credit/no credit grading only?", "userDefined": false}], "count": 0, "isTemplate": false}, {"id": "9e2fd0b5-b14e-4c95-b209-67ba2e32bb12", "data": [{"text": "Is ", "userDefined": false}, {"meta": "@CLASS_NAME", "alias": "CLASS_NAME", "text": "introduction-to computer organization", "userDefined": false}, {"text": " credit/no credit grading only?", "userDefined": false}], "count": 0, "isTemplate": false}, {"id": "9bee733b-9512-4c49-bc19-6770448492e8", "data": [{"text": "Is ", "userDefined": false}, {"meta": "@CLASS_NAME", "alias": "CLASS_NAME", "text": "CSC 406", "userDefined": false}, {"text": " credit/no credit grading only?", "userDefined": false}], "count": 0, "isTemplate": false}, {"id": "87885d78-967b-4889-90df-c8440504fd39", "data": [{"text": "Is ", "userDefined": false}, {"meta": "@CLASS_NAME", "alias": "CLASS_NAME", "text": "teaching computing", "userDefined": false}, {"text": " credit/no credit grading only?", "userDefined": false}], "count": 0, "isTemplate": false}, {"id": "723b2c58-0eb0-490a-90c2-331f818439c0", "data": [{"text": "Is ", "userDefined": false}, {"meta": "@CLASS_NAME", "alias": "CLASS_NAME", "text": "CSC 357", "userDefined": false}, {"text": " credit/no credit grading only?", "userDefined": false}], "count": 0, "isTemplate": false}, {"id": "954bd6a0-4e0a-4679-ae47-42d9f61d9b30", "data": [{"text": "Is ", "userDefined": false}, {"meta": "@CLASS_NAME", "alias": "CLASS_NAME", "text": "introduction-to software engineering", "userDefined": false}, {"text": " credit/no credit grading only?", "userDefined": false}], "count": 0, "isTemplate": false}]