[{"id": "fa6ad3cb-c534-45cd-86e5-83429d015ca9", "data": [{"text": "What course should I take after ", "userDefined": false}, {"meta": "@CLASS_NAME", "alias": "CLASS_NAME", "text": "database systems", "userDefined": false}, {"text": "?", "userDefined": false}], "count": 0, "isTemplate": false}, {"id": "eba95192-86f9-4f82-9643-26b2a092bd3d", "data": [{"text": "What course should I take after ", "userDefined": false}, {"meta": "@CLASS_NAME", "alias": "CLASS_NAME", "text": "directed study", "userDefined": false}, {"text": "?", "userDefined": false}], "count": 0, "isTemplate": false}, {"id": "b38bd8ac-5d86-4d9d-8da9-0545c60347b2", "data": [{"text": "What course should I take after ", "userDefined": false}, {"meta": "@CLASS_NAME", "alias": "CLASS_NAME", "text": "CSC 494", "userDefined": false}, {"text": "?", "userDefined": false}], "count": 0, "isTemplate": false}, {"id": "2d7fabfe-da6e-4e3e-a2d8-8461c3decc71", "data": [{"text": "What course should I take after ", "userDefined": false}, {"meta": "@CLASS_NAME", "alias": "CLASS_NAME", "text": "introduction-to operating systems", "userDefined": false}, {"text": "?", "userDefined": false}], "count": 0, "isTemplate": false}, {"id": "a0291ad8-f449-4356-abdb-e3a30b16333a", "data": [{"text": "What course should I take after ", "userDefined": false}, {"meta": "@CLASS_NAME", "alias": "CLASS_NAME", "text": "CSC 209", "userDefined": false}, {"text": "?", "userDefined": false}], "count": 0, "isTemplate": false}, {"id": "799d02d2-abbe-41bf-883b-9e302f94c54f", "data": [{"text": "What course should I take after ", "userDefined": false}, {"meta": "@CLASS_NAME", "alias": "CLASS_NAME", "text": "CSC 482", "userDefined": false}, {"text": "?", "userDefined": false}], "count": 0, "isTemplate": false}, {"id": "aba9a261-26d0-4a55-b765-9f39b3c776af", "data": [{"text": "What course should I take after ", "userDefined": false}, {"meta": "@CLASS_NAME", "alias": "CLASS_NAME", "text": "CSC 550", "userDefined": false}, {"text": "?", "userDefined": false}], "count": 0, "isTemplate": false}, {"id": "bea657a1-7689-4d7e-86cb-04da3951ca50", "data": [{"text": "What course should I take after ", "userDefined": false}, {"meta": "@CLASS_NAME", "alias": "CLASS_NAME", "text": "CSC 569", "userDefined": false}, {"text": "?", "userDefined": false}], "count": 0, "isTemplate": false}, {"id": "d3e5fc39-c0db-4ce8-8b10-de1dbe40c93c", "data": [{"text": "What course should I take after ", "userDefined": false}, {"meta": "@CLASS_NAME", "alias": "CLASS_NAME", "text": "fundamentals-of computer science i supplemental instruction", "userDefined": false}, {"text": "?", "userDefined": false}], "count": 0, "isTemplate": false}, {"id": "625b08ef-3466-439a-b6d9-907aa9ead326", "data": [{"text": "What course should I take after ", "userDefined": false}, {"meta": "@CLASS_NAME", "alias": "CLASS_NAME", "text": "CSC 468", "userDefined": false}, {"text": "?", "userDefined": false}], "count": 0, "isTemplate": false}, {"id": "2fc0e263-5b5c-4743-ac77-98830009b9a0", "data": [{"text": "What classes build off ", "userDefined": false}, {"meta": "@CLASS_NAME", "alias": "CLASS_NAME", "text": "game design", "userDefined": false}, {"text": "?", "userDefined": false}], "count": 0, "isTemplate": false}, {"id": "a35159b2-f8aa-46df-b48c-80f22cea1508", "data": [{"text": "What classes build off ", "userDefined": false}, {"meta": "@CLASS_NAME", "alias": "CLASS_NAME", "text": "topics-in advanced data mining", "userDefined": false}, {"text": "?", "userDefined": false}], "count": 0, "isTemplate": false}, {"id": "81f0e062-296b-419f-ac25-4fbde1664725", "data": [{"text": "What classes build off ", "userDefined": false}, {"meta": "@CLASS_NAME", "alias": "CLASS_NAME", "text": "scientific-and information visualization", "userDefined": false}, {"text": "?", "userDefined": false}], "count": 0, "isTemplate": false}, {"id": "1685a8c5-8afb-4c93-a4ac-571c43ce3a15", "data": [{"text": "What classes build off ", "userDefined": false}, {"meta": "@CLASS_NAME", "alias": "CLASS_NAME", "text": "practical computer security-for everyone", "userDefined": false}, {"text": "?", "userDefined": false}], "count": 0, "isTemplate": false}, {"id": "51dbab1b-bce4-4bca-9285-debeaa8909e2", "data": [{"text": "What classes build off ", "userDefined": false}, {"meta": "@CLASS_NAME", "alias": "CLASS_NAME", "text": "senior project-- software deployment", "userDefined": false}, {"text": "?", "userDefined": false}], "count": 0, "isTemplate": false}, {"id": "1d1f1922-6682-4819-b8fd-c592b52f70e4", "data": [{"text": "What classes build off ", "userDefined": false}, {"meta": "@CLASS_NAME", "alias": "CLASS_NAME", "text": "CSC 325", "userDefined": false}, {"text": "?", "userDefined": false}], "count": 0, "isTemplate": false}, {"id": "7a9c7833-a5eb-4751-acda-4adc5c7afc39", "data": [{"text": "What classes build off ", "userDefined": false}, {"meta": "@CLASS_NAME", "alias": "CLASS_NAME", "text": "programming languages", "userDefined": false}, {"text": "?", "userDefined": false}], "count": 0, "isTemplate": false}, {"id": "5f8c6fbd-09b6-4589-9d16-79ea56f3125a", "data": [{"text": "What classes build off ", "userDefined": false}, {"meta": "@CLASS_NAME", "alias": "CLASS_NAME", "text": "introduction-to software engineering", "userDefined": false}, {"text": "?", "userDefined": false}], "count": 0, "isTemplate": false}, {"id": "8a0c6de0-067b-4c6d-b786-a177fd1c2e6b", "data": [{"text": "What classes build off ", "userDefined": false}, {"meta": "@CLASS_NAME", "alias": "CLASS_NAME", "text": "computers-and society", "userDefined": false}, {"text": "?", "userDefined": false}], "count": 0, "isTemplate": false}, {"id": "875aa7b2-fa7d-4d4c-b13c-a38415f0a7a9", "data": [{"text": "What classes build off ", "userDefined": false}, {"meta": "@CLASS_NAME", "alias": "CLASS_NAME", "text": "CSC 494", "userDefined": false}, {"text": "?", "userDefined": false}], "count": 0, "isTemplate": false}, {"id": "b0c98db4-b3ad-485b-8f8e-9821b3db51db", "data": [{"text": "Which course should I take following ", "userDefined": false}, {"meta": "@CLASS_NAME", "alias": "CLASS_NAME", "text": "CSC 378", "userDefined": false}, {"text": "?", "userDefined": false}], "count": 0, "isTemplate": false}, {"id": "8ca62439-7f14-4f75-b810-861a899bddec", "data": [{"text": "Which course should I take following ", "userDefined": false}, {"meta": "@CLASS_NAME", "alias": "CLASS_NAME", "text": "CSC 234", "userDefined": false}, {"text": "?", "userDefined": false}], "count": 0, "isTemplate": false}, {"id": "3709a66e-7916-4ff6-8109-3e39d30f1820", "data": [{"text": "Which course should I take following ", "userDefined": false}, {"meta": "@CLASS_NAME", "alias": "CLASS_NAME", "text": "CSC 453", "userDefined": false}, {"text": "?", "userDefined": false}], "count": 0, "isTemplate": false}, {"id": "dd8ff72e-9a36-47ee-8fe5-ea65da46446b", "data": [{"text": "Which course should I take following ", "userDefined": false}, {"meta": "@CLASS_NAME", "alias": "CLASS_NAME", "text": "user-centered interface design-and development", "userDefined": false}, {"text": "?", "userDefined": false}], "count": 0, "isTemplate": false}, {"id": "d9b73776-8327-47ba-ad29-24148db913e9", "data": [{"text": "Which course should I take following ", "userDefined": false}, {"meta": "@CLASS_NAME", "alias": "CLASS_NAME", "text": "CSC 422", "userDefined": false}, {"text": "?", "userDefined": false}], "count": 0, "isTemplate": false}, {"id": "a9f7a667-b0cb-4283-8311-9d69610ae777", "data": [{"text": "Which course should I take following ", "userDefined": false}, {"meta": "@CLASS_NAME", "alias": "CLASS_NAME", "text": "topics-in advanced data mining", "userDefined": false}, {"text": "?", "userDefined": false}], "count": 0, "isTemplate": false}, {"id": "a8b984bf-cf4d-4a4a-9568-a63caf5c2542", "data": [{"text": "Which course should I take following ", "userDefined": false}, {"meta": "@CLASS_NAME", "alias": "CLASS_NAME", "text": "CSC 101", "userDefined": false}, {"text": "?", "userDefined": false}], "count": 0, "isTemplate": false}, {"id": "d1fbc98c-ce8b-4742-ada8-5e5eb0f18dc5", "data": [{"text": "Which course should I take following ", "userDefined": false}, {"meta": "@CLASS_NAME", "alias": "CLASS_NAME", "text": "senior project i", "userDefined": false}, {"text": "?", "userDefined": false}], "count": 0, "isTemplate": false}, {"id": "4386c255-167d-45da-be54-ca7640f94168", "data": [{"text": "Which course should I take following ", "userDefined": false}, {"meta": "@CLASS_NAME", "alias": "CLASS_NAME", "text": "introduction-to interactive entertainment", "userDefined": false}, {"text": "?", "userDefined": false}], "count": 0, "isTemplate": false}, {"id": "e2ef8e66-17f3-4985-b7fc-b54b8d0b152c", "data": [{"text": "Which course should I take following ", "userDefined": false}, {"meta": "@CLASS_NAME", "alias": "CLASS_NAME", "text": "introduction-to mixed reality", "userDefined": false}, {"text": "?", "userDefined": false}], "count": 0, "isTemplate": false}, {"id": "d3af454a-4c6e-4dbc-a533-323eee8ad272", "data": [{"text": "What class do students typically take after ", "userDefined": false}, {"meta": "@CLASS_NAME", "alias": "CLASS_NAME", "text": "CSC 477", "userDefined": false}, {"text": "?", "userDefined": false}], "count": 0, "isTemplate": false}, {"id": "13411410-9a04-4bfe-bfa1-fc032cfacfe6", "data": [{"text": "What class do students typically take after ", "userDefined": false}, {"meta": "@CLASS_NAME", "alias": "CLASS_NAME", "text": "computer support-for knowledge management", "userDefined": false}, {"text": "?", "userDefined": false}], "count": 0, "isTemplate": false}, {"id": "a2330fcc-2825-4b18-849b-cd8d79891ab7", "data": [{"text": "What class do students typically take after ", "userDefined": false}, {"meta": "@CLASS_NAME", "alias": "CLASS_NAME", "text": "artificial intelligence", "userDefined": false}, {"text": "?", "userDefined": false}], "count": 0, "isTemplate": false}, {"id": "bb2c7d09-6f98-4a59-a562-fbd4ddf63721", "data": [{"text": "What class do students typically take after ", "userDefined": false}, {"meta": "@CLASS_NAME", "alias": "CLASS_NAME", "text": "computer security", "userDefined": false}, {"text": "?", "userDefined": false}], "count": 0, "isTemplate": false}, {"id": "142abd9d-a244-4a1f-9ab0-bbcf0468b728", "data": [{"text": "What class do students typically take after ", "userDefined": false}, {"meta": "@CLASS_NAME", "alias": "CLASS_NAME", "text": "CSC 593", "userDefined": false}, {"text": "?", "userDefined": false}], "count": 0, "isTemplate": false}, {"id": "c70e9a2e-4c97-4966-b2e1-5a12be6b2fe1", "data": [{"text": "What class do students typically take after ", "userDefined": false}, {"meta": "@CLASS_NAME", "alias": "CLASS_NAME", "text": "CSC 234", "userDefined": false}, {"text": "?", "userDefined": false}], "count": 0, "isTemplate": false}, {"id": "97611f53-bb36-4116-a68b-1efec95124a1", "data": [{"text": "What class do students typically take after ", "userDefined": false}, {"meta": "@CLASS_NAME", "alias": "CLASS_NAME", "text": "CSC 471", "userDefined": false}, {"text": "?", "userDefined": false}], "count": 0, "isTemplate": false}, {"id": "2df60a9c-37d2-45fb-8acf-b227045bffd5", "data": [{"text": "What class do students typically take after ", "userDefined": false}, {"meta": "@CLASS_NAME", "alias": "CLASS_NAME", "text": "CSC 225", "userDefined": false}, {"text": "?", "userDefined": false}], "count": 0, "isTemplate": false}, {"id": "8df5de0a-cc4f-4a7d-9646-6245822c0360", "data": [{"text": "What class do students typically take after ", "userDefined": false}, {"meta": "@CLASS_NAME", "alias": "CLASS_NAME", "text": "software engineering i", "userDefined": false}, {"text": "?", "userDefined": false}], "count": 0, "isTemplate": false}, {"id": "9b6649d2-845a-4241-8ae0-ffb52acee14c", "data": [{"text": "What class do students typically take after ", "userDefined": false}, {"meta": "@CLASS_NAME", "alias": "CLASS_NAME", "text": "database management systems implementation", "userDefined": false}, {"text": "?", "userDefined": false}], "count": 0, "isTemplate": false}, {"id": "ced496b1-9895-49cc-a3ba-2ae4a27245e3", "data": [{"text": "After ", "userDefined": false}, {"meta": "@CLASS_NAME", "alias": "CLASS_NAME", "text": "CSC 232", "userDefined": false}, {"text": ", what course should I take?", "userDefined": false}], "count": 0, "isTemplate": false}, {"id": "881331c1-9f76-4b7f-ab96-cff79ddbb576", "data": [{"text": "After ", "userDefined": false}, {"meta": "@CLASS_NAME", "alias": "CLASS_NAME", "text": "CSC 594", "userDefined": false}, {"text": ", what course should I take?", "userDefined": false}], "count": 0, "isTemplate": false}, {"id": "b586e9d3-4afa-4032-b94b-3e739313cab5", "data": [{"text": "After ", "userDefined": false}, {"meta": "@CLASS_NAME", "alias": "CLASS_NAME", "text": "fundamentals-of computer science-for scientists-and engineers ii", "userDefined": false}, {"text": ", what course should I take?", "userDefined": false}], "count": 0, "isTemplate": false}, {"id": "fd4ceb53-dcd7-4cd2-baf0-f7405cc6fb2b", "data": [{"text": "After ", "userDefined": false}, {"meta": "@CLASS_NAME", "alias": "CLASS_NAME", "text": "CSC 480", "userDefined": false}, {"text": ", what course should I take?", "userDefined": false}], "count": 0, "isTemplate": false}, {"id": "f6b6e3a3-a680-42c7-be21-28008497c643", "data": [{"text": "After ", "userDefined": false}, {"meta": "@CLASS_NAME", "alias": "CLASS_NAME", "text": "CSC 474", "userDefined": false}, {"text": ", what course should I take?", "userDefined": false}], "count": 0, "isTemplate": false}, {"id": "a100e5b8-65d2-4864-9215-4e493d8212c4", "data": [{"text": "After ", "userDefined": false}, {"meta": "@CLASS_NAME", "alias": "CLASS_NAME", "text": "fundamentals-of computer science", "userDefined": false}, {"text": ", what course should I take?", "userDefined": false}], "count": 0, "isTemplate": false}, {"id": "34a6c0b9-28b9-469b-96d0-a51f517b9d66", "data": [{"text": "After ", "userDefined": false}, {"meta": "@CLASS_NAME", "alias": "CLASS_NAME", "text": "computer networks: research topics", "userDefined": false}, {"text": ", what course should I take?", "userDefined": false}], "count": 0, "isTemplate": false}, {"id": "ba523dc9-16b6-4380-a1b3-46e6b69c3817", "data": [{"text": "After ", "userDefined": false}, {"meta": "@CLASS_NAME", "alias": "CLASS_NAME", "text": "problem solving-with computers", "userDefined": false}, {"text": ", what course should I take?", "userDefined": false}], "count": 0, "isTemplate": false}, {"id": "f2318370-66a0-4bdc-9409-9ff9cfa89139", "data": [{"text": "After ", "userDefined": false}, {"meta": "@CLASS_NAME", "alias": "CLASS_NAME", "text": "CSC 493", "userDefined": false}, {"text": ", what course should I take?", "userDefined": false}], "count": 0, "isTemplate": false}, {"id": "b4192c97-5ed9-468a-a1d0-8e9893c75001", "data": [{"text": "After ", "userDefined": false}, {"meta": "@CLASS_NAME", "alias": "CLASS_NAME", "text": "computer networks: research topics", "userDefined": false}, {"text": ", what course should I take?", "userDefined": false}], "count": 0, "isTemplate": false}, {"id": "f28d11e2-eba9-4061-807d-3309b32980a3", "data": [{"text": "What class should I take next after ", "userDefined": false}, {"meta": "@CLASS_NAME", "alias": "CLASS_NAME", "text": "CSC 321", "userDefined": false}, {"text": "?", "userDefined": false}], "count": 0, "isTemplate": false}, {"id": "b672a5c8-e3df-46eb-ad9f-d98370cfbade", "data": [{"text": "What class should I take next after ", "userDefined": false}, {"meta": "@CLASS_NAME", "alias": "CLASS_NAME", "text": "fundamentals-of computer science-for scientists-and engineers ii", "userDefined": false}, {"text": "?", "userDefined": false}], "count": 0, "isTemplate": false}, {"id": "7e3a175a-1c65-4c2b-8c71-423b33accdb4", "data": [{"text": "What class should I take next after ", "userDefined": false}, {"meta": "@CLASS_NAME", "alias": "CLASS_NAME", "text": "CSC 569", "userDefined": false}, {"text": "?", "userDefined": false}], "count": 0, "isTemplate": false}, {"id": "afc13cfd-4ccb-4abd-b436-c9301fc87441", "data": [{"text": "What class should I take next after ", "userDefined": false}, {"meta": "@CLASS_NAME", "alias": "CLASS_NAME", "text": "CSC 410", "userDefined": false}, {"text": "?", "userDefined": false}], "count": 0, "isTemplate": false}, {"id": "88702c13-929d-4d4b-b7ca-7c2f3379dd99", "data": [{"text": "What class should I take next after ", "userDefined": false}, {"meta": "@CLASS_NAME", "alias": "CLASS_NAME", "text": "introduction-to privacy: policy-and technology", "userDefined": false}, {"text": "?", "userDefined": false}], "count": 0, "isTemplate": false}, {"id": "83719f82-91d0-478b-879e-979227bb95ce", "data": [{"text": "What class should I take next after ", "userDefined": false}, {"meta": "@CLASS_NAME", "alias": "CLASS_NAME", "text": "CSC 344", "userDefined": false}, {"text": "?", "userDefined": false}], "count": 0, "isTemplate": false}, {"id": "c1edb45d-3a35-402d-b8f0-1e0558e8863e", "data": [{"text": "What class should I take next after ", "userDefined": false}, {"meta": "@CLASS_NAME", "alias": "CLASS_NAME", "text": "computational linguistics", "userDefined": false}, {"text": "?", "userDefined": false}], "count": 0, "isTemplate": false}, {"id": "b5e90f25-3210-4d4f-8415-41f261ea108d", "data": [{"text": "What class should I take next after ", "userDefined": false}, {"meta": "@CLASS_NAME", "alias": "CLASS_NAME", "text": "software engineering i", "userDefined": false}, {"text": "?", "userDefined": false}], "count": 0, "isTemplate": false}, {"id": "10e52cc8-7de0-43a3-8577-209b1f455b06", "data": [{"text": "What class should I take next after ", "userDefined": false}, {"meta": "@CLASS_NAME", "alias": "CLASS_NAME", "text": "CSC 307", "userDefined": false}, {"text": "?", "userDefined": false}], "count": 0, "isTemplate": false}, {"id": "5636e4e7-6d23-4745-ab86-a363bf2b1e6e", "data": [{"text": "What class should I take next after ", "userDefined": false}, {"meta": "@CLASS_NAME", "alias": "CLASS_NAME", "text": "CSC 371", "userDefined": false}, {"text": "?", "userDefined": false}], "count": 0, "isTemplate": false}, {"id": "c0531abb-447f-4891-a3c8-00b8174c6848", "data": [{"text": "What class should I take after ", "userDefined": false}, {"meta": "@CLASS_NAME", "alias": "CLASS_NAME", "text": "CSC 595", "userDefined": false}, {"text": "?", "userDefined": false}], "count": 0, "isTemplate": false}, {"id": "fe4b6c9d-6200-4a76-976c-051895d9a246", "data": [{"text": "What class should I take after ", "userDefined": false}, {"meta": "@CLASS_NAME", "alias": "CLASS_NAME", "text": "CSC 468", "userDefined": false}, {"text": "?", "userDefined": false}], "count": 0, "isTemplate": false}, {"id": "0d4203bd-3c75-4484-8e66-226d7fbf1883", "data": [{"text": "What class should I take after ", "userDefined": false}, {"meta": "@CLASS_NAME", "alias": "CLASS_NAME", "text": "CSC 477", "userDefined": false}, {"text": "?", "userDefined": false}], "count": 0, "isTemplate": false}, {"id": "b4cb3ce6-917e-4b6d-92d4-1b603c56b936", "data": [{"text": "What class should I take after ", "userDefined": false}, {"meta": "@CLASS_NAME", "alias": "CLASS_NAME", "text": "CSC 483", "userDefined": false}, {"text": "?", "userDefined": false}], "count": 0, "isTemplate": false}, {"id": "ed0b4451-7e1b-40a2-81cf-b61f443317c1", "data": [{"text": "What class should I take after ", "userDefined": false}, {"meta": "@CLASS_NAME", "alias": "CLASS_NAME", "text": "CSC 469", "userDefined": false}, {"text": "?", "userDefined": false}], "count": 0, "isTemplate": false}, {"id": "229a2f57-fc8d-420e-95fd-336ae1782dcc", "data": [{"text": "What class should I take after ", "userDefined": false}, {"meta": "@CLASS_NAME", "alias": "CLASS_NAME", "text": "CSC 436", "userDefined": false}, {"text": "?", "userDefined": false}], "count": 0, "isTemplate": false}, {"id": "1d31ebe1-d4bc-441e-a96a-ff02b839b92e", "data": [{"text": "What class should I take after ", "userDefined": false}, {"meta": "@CLASS_NAME", "alias": "CLASS_NAME", "text": "CSC 302", "userDefined": false}, {"text": "?", "userDefined": false}], "count": 0, "isTemplate": false}, {"id": "1b88f103-6f4c-4143-99fe-ebfe0be8cf4b", "data": [{"text": "What class should I take after ", "userDefined": false}, {"meta": "@CLASS_NAME", "alias": "CLASS_NAME", "text": "CSC 123", "userDefined": false}, {"text": "?", "userDefined": false}], "count": 0, "isTemplate": false}, {"id": "01fadf2d-e946-4ab0-babb-7a41275688ff", "data": [{"text": "What class should I take after ", "userDefined": false}, {"meta": "@CLASS_NAME", "alias": "CLASS_NAME", "text": "CSC 580", "userDefined": false}, {"text": "?", "userDefined": false}], "count": 0, "isTemplate": false}, {"id": "c2171862-442e-4868-9b30-4b2c65746284", "data": [{"text": "What class should I take after ", "userDefined": false}, {"meta": "@CLASS_NAME", "alias": "CLASS_NAME", "text": "computer security", "userDefined": false}, {"text": "?", "userDefined": false}], "count": 0, "isTemplate": false}]