[{"count": 0, "data": [{"userDefined": false, "text": "Which courses include "}, {"userDefined": false, "meta": "@SUBJECT_MATTER", "alias": "SUBJECT_MATTER", "text": "machine learning"}, {"userDefined": false, "text": "?"}], "isTemplate": false, "id": "f562b907-2939-41ce-b9b5-9a99f0a1ef50"}, {"count": 0, "data": [{"userDefined": false, "text": "What are classes that include "}, {"userDefined": false, "meta": "@SUBJECT_MATTER", "alias": "SUBJECT_MATTER", "text": "testing technique"}, {"userDefined": false, "text": "?"}], "isTemplate": false, "id": "15f03cf8-0323-41e1-a6df-1fa9b8248ee6"}, {"count": 0, "data": [{"userDefined": false, "text": "What are some classes that include "}, {"userDefined": false, "meta": "@SUBJECT_MATTER", "alias": "SUBJECT_MATTER", "text": "software modeling"}, {"userDefined": false, "text": "?"}], "isTemplate": false, "id": "051b7e3b-c50c-43ab-99c1-eccd6e0aa3ab"}, {"count": 0, "data": [{"userDefined": false, "text": "Which classes consist of "}, {"userDefined": false, "meta": "@SUBJECT_MATTER", "alias": "SUBJECT_MATTER", "text": "system programming"}, {"userDefined": false, "text": "?"}], "isTemplate": false, "id": "f09d2de4-17c9-48c0-884e-19b27e531e2c"}, {"count": 0, "data": [{"userDefined": false, "text": "Which classes touch on "}, {"userDefined": false, "meta": "@SUBJECT_MATTER", "alias": "SUBJECT_MATTER", "text": "access control"}, {"userDefined": false, "text": "?"}], "isTemplate": false, "id": "dbfd2903-7e63-49cb-bd87-02994702ba10"}, {"count": 0, "data": [{"userDefined": false, "text": "Which classes include "}, {"userDefined": false, "meta": "@SUBJECT_MATTER", "alias": "SUBJECT_MATTER", "text": "array"}, {"userDefined": false, "text": "?"}], "isTemplate": false, "id": "05f98e62-853f-4e81-af41-740eab1cfd22"}]