[{"count": 0, "data": [{"userDefined": false, "text": "Does "}, {"userDefined": false, "meta": "@CLASS_NAME", "alias": "CLASS_NAME", "text": "CSC 437"}, {"userDefined": false, "text": " allow for me to get in with instructor's consent?"}], "isTemplate": false, "id": "7f385791-c6f1-45fe-9f7a-6d8bff18faba"}, {"count": 0, "data": [{"userDefined": false, "text": "Can I get into "}, {"userDefined": false, "meta": "@CLASS_NAME", "alias": "CLASS_NAME", "text": "systems programming"}, {"userDefined": false, "text": " with the consent of the instructor?"}], "isTemplate": false, "id": "8048aa81-1f7a-4e66-9236-4fe0b57d365e"}, {"count": 0, "data": [{"userDefined": false, "text": "Does "}, {"userDefined": false, "meta": "@CLASS_NAME", "alias": "CLASS_NAME", "text": "CSC 498"}, {"userDefined": false, "text": " offer instructor's consent?"}], "isTemplate": false, "id": "bb413254-9f02-4d83-946f-50dd96186e73"}, {"count": 0, "data": [{"userDefined": false, "text": "Is instructor's consent available for "}, {"userDefined": false, "meta": "@CLASS_NAME", "alias": "CLASS_NAME", "text": "CSC 308"}, {"userDefined": false, "text": "?"}], "isTemplate": false, "id": "26547f87-3b96-4d47-9b51-0ba12445bdb0"}, {"count": 0, "data": [{"userDefined": false, "text": "Can I get into "}, {"userDefined": false, "meta": "@CLASS_NAME", "alias": "CLASS_NAME", "text": "research-in computer science i"}, {"userDefined": false, "text": " with instructor\u2019s consent?"}], "isTemplate": false, "id": "510115ee-af62-4b81-b816-7bc4b7e94105"}]