[{"count": 0, "data": [{"userDefined": false, "text": "Is instructor's consent required for "}, {"userDefined": false, "meta": "@CLASS_NAME", "alias": "CLASS_NAME", "text": "real-time-3d computer graphics software"}, {"userDefined": false, "text": "?"}], "isTemplate": false, "id": "8b5c3a42-3ed3-4af9-b825-b2b1274120da"}, {"count": 0, "data": [{"userDefined": false, "text": "Is the consent of the instructor required for "}, {"userDefined": false, "meta": "@CLASS_NAME", "alias": "CLASS_NAME", "text": "selected advanced topics"}, {"userDefined": false, "text": "?"}], "isTemplate": false, "id": "d83b74d7-081e-4e55-af38-d97821eb8059"}, {"count": 0, "data": [{"userDefined": false, "text": "Does "}, {"userDefined": false, "meta": "@CLASS_NAME", "alias": "CLASS_NAME", "text": "mobile application development"}, {"userDefined": false, "text": " require instructor's consent?"}], "isTemplate": false, "id": "aac26b3b-f12a-44d6-8393-3b5e107cce44"}, {"count": 0, "data": [{"userDefined": false, "text": "Do I need instructor's consent to take "}, {"userDefined": false, "meta": "@CLASS_NAME", "alias": "CLASS_NAME", "text": "CSC 580"}, {"userDefined": false, "text": "?"}], "isTemplate": false, "id": "1b81aa34-0866-469b-84cb-187346a43fb6"}, {"count": 0, "data": [{"userDefined": false, "text": "Do I need the consent of the instructor to take "}, {"userDefined": false, "meta": "@CLASS_NAME", "alias": "CLASS_NAME", "text": "research-in computer science ii"}, {"userDefined": false, "text": "?"}], "isTemplate": false, "id": "d95b9afe-2d57-4d44-a64d-89399845594a"}, {"count": 0, "data": [{"userDefined": false, "text": "Does "}, {"userDefined": false, "meta": "@CLASS_NAME", "alias": "CLASS_NAME", "text": "CSC 308"}, {"userDefined": false, "text": " require consent of instructor?"}], "isTemplate": false, "id": "940a10dd-4ac9-469b-9f65-47f12cb54b5c"}]