[{"count": 0, "data": [{"userDefined": false, "text": "Is "}, {"userDefined": false, "meta": "@CLASS_NAME", "alias": "CLASS_NAME", "text": "introduction-to software engineering"}, {"userDefined": false, "text": " a prereq for "}, {"userDefined": false, "meta": "@CLASS_NAME", "alias": "CLASS_NAME", "text": "compiler construction"}, {"userDefined": false, "text": "?"}], "isTemplate": false, "id": "7b7372ab-3878-45c3-a273-b6661a226f1b"}, {"count": 0, "data": [{"userDefined": false, "text": "Does "}, {"userDefined": false, "meta": "@CLASS_NAME", "alias": "CLASS_NAME", "text": "CSC 430"}, {"userDefined": false, "text": " have "}, {"userDefined": false, "meta": "@CLASS_NAME", "alias": "CLASS_NAME", "text": "implementation-of operating systems"}, {"userDefined": false, "text": " as a prerequisite?"}], "isTemplate": false, "id": "be6267c4-2b2b-4b9d-b160-8585c3646c71"}, {"count": 0, "data": [{"userDefined": false, "text": "Does "}, {"userDefined": false, "meta": "@CLASS_NAME", "alias": "CLASS_NAME", "text": "CSC 580"}, {"userDefined": false, "text": " have "}, {"userDefined": false, "meta": "@CLASS_NAME", "alias": "CLASS_NAME", "text": "introduction-to software engineering"}, {"userDefined": false, "text": " as a prereq?"}], "isTemplate": false, "id": "5159312a-ba6e-4448-ab87-0a79ebae1552"}, {"count": 0, "data": [{"userDefined": false, "text": "Is "}, {"userDefined": false, "meta": "@CLASS_NAME", "alias": "CLASS_NAME", "text": "special problems-for undergraduates"}, {"userDefined": false, "text": " a prerequisite for "}, {"userDefined": false, "meta": "@CLASS_NAME", "alias": "CLASS_NAME", "text": "CSC 405"}, {"userDefined": false, "text": "?"}], "isTemplate": false, "id": "a4eac9c1-ac65-4e84-8e8c-8126d7368b5c"}]