[{"id": "96744b7d-ccc0-4074-9c74-dd112b991359", "data": [{"text": "Is ", "userDefined": false}, {"meta": "@CLASS_NAME", "alias": "CLASS_NAME", "text": "CSC 448", "userDefined": false}, {"text": " a prereq for ", "userDefined": false}, {"meta": "@CLASS_NAME", "alias": "CLASS_NAME", "text": "CSC 365", "userDefined": false}, {"text": "?", "userDefined": false}], "count": 0, "isTemplate": false}, {"id": "3041975d-dca0-425a-8372-d02249888270", "data": [{"text": "Is ", "userDefined": false}, {"meta": "@CLASS_NAME", "alias": "CLASS_NAME", "text": "CSC 496", "userDefined": false}, {"text": " a prereq for ", "userDefined": false}, {"meta": "@CLASS_NAME", "alias": "CLASS_NAME", "text": "introduction-to database systems", "userDefined": false}, {"text": "?", "userDefined": false}], "count": 0, "isTemplate": false}, {"id": "dcc45767-fd10-41d4-93c1-6d946e511006", "data": [{"text": "Is ", "userDefined": false}, {"meta": "@CLASS_NAME", "alias": "CLASS_NAME", "text": "CSC 349", "userDefined": false}, {"text": " a prereq for ", "userDefined": false}, {"meta": "@CLASS_NAME", "alias": "CLASS_NAME", "text": "CSC 209", "userDefined": false}, {"text": "?", "userDefined": false}], "count": 0, "isTemplate": false}, {"id": "c1793ab5-8ae4-4c58-a189-a296b43cc537", "data": [{"text": "Is ", "userDefined": false}, {"meta": "@CLASS_NAME", "alias": "CLASS_NAME", "text": "knowledge discovery-from data", "userDefined": false}, {"text": " a prereq for ", "userDefined": false}, {"meta": "@CLASS_NAME", "alias": "CLASS_NAME", "text": "CSC 489", "userDefined": false}, {"text": "?", "userDefined": false}], "count": 0, "isTemplate": false}, {"id": "6c425e92-cc7f-4afc-b1f4-e383cf74a3af", "data": [{"text": "Is ", "userDefined": false}, {"meta": "@CLASS_NAME", "alias": "CLASS_NAME", "text": "distributed computing", "userDefined": false}, {"text": " a prereq for ", "userDefined": false}, {"meta": "@CLASS_NAME", "alias": "CLASS_NAME", "text": "programming-for engineering students", "userDefined": false}, {"text": "?", "userDefined": false}], "count": 0, "isTemplate": false}, {"id": "7bd70ede-fffe-4644-b28a-57ae75237dff", "data": [{"text": "Is ", "userDefined": false}, {"meta": "@CLASS_NAME", "alias": "CLASS_NAME", "text": "CSC 594", "userDefined": false}, {"text": " a prereq for ", "userDefined": false}, {"meta": "@CLASS_NAME", "alias": "CLASS_NAME", "text": "CSC 466", "userDefined": false}, {"text": "?", "userDefined": false}], "count": 0, "isTemplate": false}, {"id": "767c2d4b-5781-4e8d-849d-1056c9f93b20", "data": [{"text": "Is ", "userDefined": false}, {"meta": "@CLASS_NAME", "alias": "CLASS_NAME", "text": "CSC 350", "userDefined": false}, {"text": " a prereq for ", "userDefined": false}, {"meta": "@CLASS_NAME", "alias": "CLASS_NAME", "text": "fundamentals-of computer science-for scientists-and engineers i", "userDefined": false}, {"text": "?", "userDefined": false}], "count": 0, "isTemplate": false}, {"id": "de3a71ce-0fe5-4291-8eb2-e0ab13141ccf", "data": [{"text": "Is ", "userDefined": false}, {"meta": "@CLASS_NAME", "alias": "CLASS_NAME", "text": "computational art", "userDefined": false}, {"text": " a prereq for ", "userDefined": false}, {"meta": "@CLASS_NAME", "alias": "CLASS_NAME", "text": "computing-for interactive arts capstone i", "userDefined": false}, {"text": "?", "userDefined": false}], "count": 0, "isTemplate": false}, {"id": "ae7083f2-ec0a-43de-8823-6b8e66df073f", "data": [{"text": "Is ", "userDefined": false}, {"meta": "@CLASS_NAME", "alias": "CLASS_NAME", "text": "selected topics", "userDefined": false}, {"text": " a prereq for ", "userDefined": false}, {"meta": "@CLASS_NAME", "alias": "CLASS_NAME", "text": "cooperative education experience", "userDefined": false}, {"text": "?", "userDefined": false}], "count": 0, "isTemplate": false}, {"id": "16d3773a-9c2a-4124-9545-282696f89fc6", "data": [{"text": "Is ", "userDefined": false}, {"meta": "@CLASS_NAME", "alias": "CLASS_NAME", "text": "CSC 474", "userDefined": false}, {"text": " a prereq for ", "userDefined": false}, {"meta": "@CLASS_NAME", "alias": "CLASS_NAME", "text": "current topics-in computer systems", "userDefined": false}, {"text": "?", "userDefined": false}], "count": 0, "isTemplate": false}, {"id": "bd1389f1-f503-454b-bebf-4f9949b42651", "data": [{"text": "Does ", "userDefined": false}, {"meta": "@CLASS_NAME", "alias": "CLASS_NAME", "text": "CSC 468", "userDefined": false}, {"text": " have ", "userDefined": false}, {"meta": "@CLASS_NAME", "alias": "CLASS_NAME", "text": "computer animation", "userDefined": false}, {"text": " as a prerequisite?", "userDefined": false}], "count": 0, "isTemplate": false}, {"id": "33f91081-28d1-455f-88b0-05cde67eb86e", "data": [{"text": "Does ", "userDefined": false}, {"meta": "@CLASS_NAME", "alias": "CLASS_NAME", "text": "computing-for interactive arts capstone i", "userDefined": false}, {"text": " have ", "userDefined": false}, {"meta": "@CLASS_NAME", "alias": "CLASS_NAME", "text": "research-in computer science ii", "userDefined": false}, {"text": " as a prerequisite?", "userDefined": false}], "count": 0, "isTemplate": false}, {"id": "8bbafccc-d5a8-4976-9de3-1992307a3190", "data": [{"text": "Does ", "userDefined": false}, {"meta": "@CLASS_NAME", "alias": "CLASS_NAME", "text": "CSC 597", "userDefined": false}, {"text": " have ", "userDefined": false}, {"meta": "@CLASS_NAME", "alias": "CLASS_NAME", "text": "CSC 509", "userDefined": false}, {"text": " as a prerequisite?", "userDefined": false}], "count": 0, "isTemplate": false}, {"id": "b1c9b8cc-970b-4b63-9236-bc93c4415c26", "data": [{"text": "Does ", "userDefined": false}, {"meta": "@CLASS_NAME", "alias": "CLASS_NAME", "text": "knowledge based systems", "userDefined": false}, {"text": " have ", "userDefined": false}, {"meta": "@CLASS_NAME", "alias": "CLASS_NAME", "text": "CSC 490", "userDefined": false}, {"text": " as a prerequisite?", "userDefined": false}], "count": 0, "isTemplate": false}, {"id": "6495671d-10ab-40c8-8968-aabdaac2a4ee", "data": [{"text": "Does ", "userDefined": false}, {"meta": "@CLASS_NAME", "alias": "CLASS_NAME", "text": "CSC 453", "userDefined": false}, {"text": " have ", "userDefined": false}, {"meta": "@CLASS_NAME", "alias": "CLASS_NAME", "text": "software engineering i", "userDefined": false}, {"text": " as a prerequisite?", "userDefined": false}], "count": 0, "isTemplate": false}, {"id": "3ed135bf-ad35-4e62-8a54-db82b92e4f49", "data": [{"text": "Does ", "userDefined": false}, {"meta": "@CLASS_NAME", "alias": "CLASS_NAME", "text": "systems programming", "userDefined": false}, {"text": " have ", "userDefined": false}, {"meta": "@CLASS_NAME", "alias": "CLASS_NAME", "text": "CSC 402", "userDefined": false}, {"text": " as a prerequisite?", "userDefined": false}], "count": 0, "isTemplate": false}, {"id": "d6eb7692-45c5-41fe-a6af-da77af51963c", "data": [{"text": "Does ", "userDefined": false}, {"meta": "@CLASS_NAME", "alias": "CLASS_NAME", "text": "current topics-in human-computer interaction", "userDefined": false}, {"text": " have ", "userDefined": false}, {"meta": "@CLASS_NAME", "alias": "CLASS_NAME", "text": "computing-for interactive arts capstone i", "userDefined": false}, {"text": " as a prerequisite?", "userDefined": false}], "count": 0, "isTemplate": false}, {"id": "af0c85ef-24c9-4184-a574-5fefdd428f5a", "data": [{"text": "Does ", "userDefined": false}, {"meta": "@CLASS_NAME", "alias": "CLASS_NAME", "text": "software engineering ii", "userDefined": false}, {"text": " have ", "userDefined": false}, {"meta": "@CLASS_NAME", "alias": "CLASS_NAME", "text": "CSC 232", "userDefined": false}, {"text": " as a prerequisite?", "userDefined": false}], "count": 0, "isTemplate": false}, {"id": "45950b4f-ef6e-4d95-a4df-dd338f53d0ff", "data": [{"text": "Does ", "userDefined": false}, {"meta": "@CLASS_NAME", "alias": "CLASS_NAME", "text": "CSC 225", "userDefined": false}, {"text": " have ", "userDefined": false}, {"meta": "@CLASS_NAME", "alias": "CLASS_NAME", "text": "CSC 474", "userDefined": false}, {"text": " as a prerequisite?", "userDefined": false}], "count": 0, "isTemplate": false}, {"id": "47c137e5-7629-471f-9ec2-aaaab7e94adf", "data": [{"text": "Does ", "userDefined": false}, {"meta": "@CLASS_NAME", "alias": "CLASS_NAME", "text": "current topics-in computer security", "userDefined": false}, {"text": " have ", "userDefined": false}, {"meta": "@CLASS_NAME", "alias": "CLASS_NAME", "text": "CSC 410", "userDefined": false}, {"text": " as a prerequisite?", "userDefined": false}], "count": 0, "isTemplate": false}, {"id": "58ed13dd-4f1b-48e6-89f7-c65c484716f6", "data": [{"text": "Does ", "userDefined": false}, {"meta": "@CLASS_NAME", "alias": "CLASS_NAME", "text": "teaching computing", "userDefined": false}, {"text": " have ", "userDefined": false}, {"meta": "@CLASS_NAME", "alias": "CLASS_NAME", "text": "programming-for engineering students", "userDefined": false}, {"text": " as a prereq?", "userDefined": false}], "count": 0, "isTemplate": false}, {"id": "100f98d3-ecb8-4764-ba0d-2dc6706d924d", "data": [{"text": "Does ", "userDefined": false}, {"meta": "@CLASS_NAME", "alias": "CLASS_NAME", "text": "cooperative education experience", "userDefined": false}, {"text": " have ", "userDefined": false}, {"meta": "@CLASS_NAME", "alias": "CLASS_NAME", "text": "CSC 225", "userDefined": false}, {"text": " as a prereq?", "userDefined": false}], "count": 0, "isTemplate": false}, {"id": "57c8072d-9209-4978-987b-b80d3ca4700c", "data": [{"text": "Does ", "userDefined": false}, {"meta": "@CLASS_NAME", "alias": "CLASS_NAME", "text": "CSC 560", "userDefined": false}, {"text": " have ", "userDefined": false}, {"meta": "@CLASS_NAME", "alias": "CLASS_NAME", "text": "software evaluation", "userDefined": false}, {"text": " as a prereq?", "userDefined": false}], "count": 0, "isTemplate": false}, {"id": "9fc8249d-e8bd-40a8-bbdb-742c04bc7096", "data": [{"text": "Does ", "userDefined": false}, {"meta": "@CLASS_NAME", "alias": "CLASS_NAME", "text": "selected topics", "userDefined": false}, {"text": " have ", "userDefined": false}, {"meta": "@CLASS_NAME", "alias": "CLASS_NAME", "text": "CSC 209", "userDefined": false}, {"text": " as a prereq?", "userDefined": false}], "count": 0, "isTemplate": false}, {"id": "90422271-11e6-44ac-b36f-5f9f0df002b3", "data": [{"text": "Does ", "userDefined": false}, {"meta": "@CLASS_NAME", "alias": "CLASS_NAME", "text": "CSC 105", "userDefined": false}, {"text": " have ", "userDefined": false}, {"meta": "@CLASS_NAME", "alias": "CLASS_NAME", "text": "CSC 203", "userDefined": false}, {"text": " as a prereq?", "userDefined": false}], "count": 0, "isTemplate": false}, {"id": "45f472eb-cac1-491f-b308-1c70ff1f55f1", "data": [{"text": "Does ", "userDefined": false}, {"meta": "@CLASS_NAME", "alias": "CLASS_NAME", "text": "computer animation", "userDefined": false}, {"text": " have ", "userDefined": false}, {"meta": "@CLASS_NAME", "alias": "CLASS_NAME", "text": "CSC 593", "userDefined": false}, {"text": " as a prereq?", "userDefined": false}], "count": 0, "isTemplate": false}, {"id": "81efed9f-aa38-485f-a4e1-c237f0942492", "data": [{"text": "Does ", "userDefined": false}, {"meta": "@CLASS_NAME", "alias": "CLASS_NAME", "text": "CSC 344", "userDefined": false}, {"text": " have ", "userDefined": false}, {"meta": "@CLASS_NAME", "alias": "CLASS_NAME", "text": "CSC 484", "userDefined": false}, {"text": " as a prereq?", "userDefined": false}], "count": 0, "isTemplate": false}, {"id": "54303dda-a2ce-4fd8-86a3-a0f86affcca1", "data": [{"text": "Does ", "userDefined": false}, {"meta": "@CLASS_NAME", "alias": "CLASS_NAME", "text": "research senior project i", "userDefined": false}, {"text": " have ", "userDefined": false}, {"meta": "@CLASS_NAME", "alias": "CLASS_NAME", "text": "software evaluation", "userDefined": false}, {"text": " as a prereq?", "userDefined": false}], "count": 0, "isTemplate": false}, {"id": "18f60637-c8d5-4591-aed9-ffe70f1772cf", "data": [{"text": "Does ", "userDefined": false}, {"meta": "@CLASS_NAME", "alias": "CLASS_NAME", "text": "CSC 323", "userDefined": false}, {"text": " have ", "userDefined": false}, {"meta": "@CLASS_NAME", "alias": "CLASS_NAME", "text": "CSC 445", "userDefined": false}, {"text": " as a prereq?", "userDefined": false}], "count": 0, "isTemplate": false}, {"id": "3ca7d2fb-3238-4fbf-9600-c103165e3b6b", "data": [{"text": "Does ", "userDefined": false}, {"meta": "@CLASS_NAME", "alias": "CLASS_NAME", "text": "CSC 171", "userDefined": false}, {"text": " have ", "userDefined": false}, {"meta": "@CLASS_NAME", "alias": "CLASS_NAME", "text": "software engineering i", "userDefined": false}, {"text": " as a prereq?", "userDefined": false}], "count": 0, "isTemplate": false}, {"id": "6b8a4ab9-2fb2-4fea-84fa-a83405ef6ca1", "data": [{"text": "Is ", "userDefined": false}, {"meta": "@CLASS_NAME", "alias": "CLASS_NAME", "text": "CSC 530", "userDefined": false}, {"text": " a prerequisite for ", "userDefined": false}, {"meta": "@CLASS_NAME", "alias": "CLASS_NAME", "text": "CSC 310", "userDefined": false}, {"text": "?", "userDefined": false}], "count": 0, "isTemplate": false}, {"id": "fdfc16a9-5165-47b7-b5b6-79c87299f532", "data": [{"text": "Is ", "userDefined": false}, {"meta": "@CLASS_NAME", "alias": "CLASS_NAME", "text": "software construction", "userDefined": false}, {"text": " a prerequisite for ", "userDefined": false}, {"meta": "@CLASS_NAME", "alias": "CLASS_NAME", "text": "CSC 369", "userDefined": false}, {"text": "?", "userDefined": false}], "count": 0, "isTemplate": false}, {"id": "5e49829a-7935-4deb-98f1-578d37e1e910", "data": [{"text": "Is ", "userDefined": false}, {"meta": "@CLASS_NAME", "alias": "CLASS_NAME", "text": "CSC 357", "userDefined": false}, {"text": " a prerequisite for ", "userDefined": false}, {"meta": "@CLASS_NAME", "alias": "CLASS_NAME", "text": "CSC 371", "userDefined": false}, {"text": "?", "userDefined": false}], "count": 0, "isTemplate": false}, {"id": "83e06378-f16c-4271-b8be-ff5e954b70db", "data": [{"text": "Is ", "userDefined": false}, {"meta": "@CLASS_NAME", "alias": "CLASS_NAME", "text": "current topics-in artificial intelligence", "userDefined": false}, {"text": " a prerequisite for ", "userDefined": false}, {"meta": "@CLASS_NAME", "alias": "CLASS_NAME", "text": "teaching computer science", "userDefined": false}, {"text": "?", "userDefined": false}], "count": 0, "isTemplate": false}, {"id": "8ea7d1d7-68dc-4fb3-ac7b-7b27f1c2ba39", "data": [{"text": "Is ", "userDefined": false}, {"meta": "@CLASS_NAME", "alias": "CLASS_NAME", "text": "CSC 437", "userDefined": false}, {"text": " a prerequisite for ", "userDefined": false}, {"meta": "@CLASS_NAME", "alias": "CLASS_NAME", "text": "fundamentals-of computer science-for scientists-and engineers ii", "userDefined": false}, {"text": "?", "userDefined": false}], "count": 0, "isTemplate": false}, {"id": "1cfc93b2-4bfd-4d5d-bdfc-534eefe2cc11", "data": [{"text": "Is ", "userDefined": false}, {"meta": "@CLASS_NAME", "alias": "CLASS_NAME", "text": "CSC 590", "userDefined": false}, {"text": " a prerequisite for ", "userDefined": false}, {"meta": "@CLASS_NAME", "alias": "CLASS_NAME", "text": "scientific-and information visualization", "userDefined": false}, {"text": "?", "userDefined": false}], "count": 0, "isTemplate": false}, {"id": "b6302833-fcda-4318-963a-36378ca438c8", "data": [{"text": "Is ", "userDefined": false}, {"meta": "@CLASS_NAME", "alias": "CLASS_NAME", "text": "CSC 108", "userDefined": false}, {"text": " a prerequisite for ", "userDefined": false}, {"meta": "@CLASS_NAME", "alias": "CLASS_NAME", "text": "CSC 406", "userDefined": false}, {"text": "?", "userDefined": false}], "count": 0, "isTemplate": false}, {"id": "c0180042-cff7-462c-b996-f2b831e7b354", "data": [{"text": "Is ", "userDefined": false}, {"meta": "@CLASS_NAME", "alias": "CLASS_NAME", "text": "CSC 484", "userDefined": false}, {"text": " a prerequisite for ", "userDefined": false}, {"meta": "@CLASS_NAME", "alias": "CLASS_NAME", "text": "compiler construction", "userDefined": false}, {"text": "?", "userDefined": false}], "count": 0, "isTemplate": false}, {"id": "69e801c0-8a89-41f6-8206-5339e4a64b4e", "data": [{"text": "Is ", "userDefined": false}, {"meta": "@CLASS_NAME", "alias": "CLASS_NAME", "text": "cooperative education experience", "userDefined": false}, {"text": " a prerequisite for ", "userDefined": false}, {"meta": "@CLASS_NAME", "alias": "CLASS_NAME", "text": "computer programming-for scientists-and engineers", "userDefined": false}, {"text": "?", "userDefined": false}], "count": 0, "isTemplate": false}, {"id": "b6b78b0c-207e-4f36-836b-f132b1142338", "data": [{"text": "Is ", "userDefined": false}, {"meta": "@CLASS_NAME", "alias": "CLASS_NAME", "text": "CSC 596", "userDefined": false}, {"text": " a prerequisite for ", "userDefined": false}, {"meta": "@CLASS_NAME", "alias": "CLASS_NAME", "text": "introduction-to operating systems", "userDefined": false}, {"text": "?", "userDefined": false}], "count": 0, "isTemplate": false}]