[{"id": "af84bd54-3372-4daa-a36a-1ad189366990", "data": [{"text": "Which ", "userDefined": false}, {"meta": "@COURSE_LEVEL", "alias": "COURSE_LEVEL", "text": "400 level", "userDefined": false}, {"text": " classes are offered in ", "userDefined": false}, {"meta": "@QUARTER", "alias": "QUARTER", "text": "Fall", "userDefined": false}, {"text": "?", "userDefined": false}], "count": 0, "isTemplate": false}, {"id": "337123b5-f319-48bd-8a17-5f68ac417e2e", "data": [{"text": "Which ", "userDefined": false}, {"meta": "@COURSE_LEVEL", "alias": "COURSE_LEVEL", "text": "four hundred", "userDefined": false}, {"text": " classes are offered in ", "userDefined": false}, {"meta": "@QUARTER", "alias": "QUARTER", "text": "Autumn", "userDefined": false}, {"text": "?", "userDefined": false}], "count": 0, "isTemplate": false}, {"id": "e8448555-0fc1-4f26-a14e-c96f80b874ae", "data": [{"text": "Which ", "userDefined": false}, {"meta": "@COURSE_LEVEL", "alias": "COURSE_LEVEL", "text": "300", "userDefined": false}, {"text": " classes are offered in ", "userDefined": false}, {"meta": "@QUARTER", "alias": "QUARTER", "text": "Summer", "userDefined": false}, {"text": "?", "userDefined": false}], "count": 0, "isTemplate": false}, {"id": "ed3821ce-8749-4377-b40a-4011cfb6ade7", "data": [{"text": "Which ", "userDefined": false}, {"meta": "@COURSE_LEVEL", "alias": "COURSE_LEVEL", "text": "five hundred level", "userDefined": false}, {"text": " classes are offered in ", "userDefined": false}, {"meta": "@QUARTER", "alias": "QUARTER", "text": "Autumn", "userDefined": false}, {"text": "?", "userDefined": false}], "count": 0, "isTemplate": false}, {"id": "c6fadda8-4336-4553-83b9-26a3fbc80404", "data": [{"text": "Which ", "userDefined": false}, {"meta": "@COURSE_LEVEL", "alias": "COURSE_LEVEL", "text": "500", "userDefined": false}, {"text": " classes are offered in ", "userDefined": false}, {"meta": "@QUARTER", "alias": "QUARTER", "text": "Autumn", "userDefined": false}, {"text": "?", "userDefined": false}], "count": 0, "isTemplate": false}, {"id": "b3c89931-f752-47c2-9fc0-c066d638240c", "data": [{"text": "Which ", "userDefined": false}, {"meta": "@COURSE_LEVEL", "alias": "COURSE_LEVEL", "text": "one hundred level", "userDefined": false}, {"text": " classes are offered in ", "userDefined": false}, {"meta": "@QUARTER", "alias": "QUARTER", "text": "Fall", "userDefined": false}, {"text": "?", "userDefined": false}], "count": 0, "isTemplate": false}, {"id": "ad382ad0-d016-4a87-bdab-5f05a447f72a", "data": [{"text": "Which ", "userDefined": false}, {"meta": "@COURSE_LEVEL", "alias": "COURSE_LEVEL", "text": "100 level", "userDefined": false}, {"text": " classes are offered in ", "userDefined": false}, {"meta": "@QUARTER", "alias": "QUARTER", "text": "Spring", "userDefined": false}, {"text": "?", "userDefined": false}], "count": 0, "isTemplate": false}, {"id": "fb363583-5fd6-4992-88ad-f0c3e3234a9d", "data": [{"text": "Which ", "userDefined": false}, {"meta": "@COURSE_LEVEL", "alias": "COURSE_LEVEL", "text": "200 level", "userDefined": false}, {"text": " classes are offered in ", "userDefined": false}, {"meta": "@QUARTER", "alias": "QUARTER", "text": "Spring", "userDefined": false}, {"text": "?", "userDefined": false}], "count": 0, "isTemplate": false}, {"id": "efa40dd7-5ccb-4bd0-ac52-f0821d86a563", "data": [{"text": "Which ", "userDefined": false}, {"meta": "@COURSE_LEVEL", "alias": "COURSE_LEVEL", "text": "three hundred", "userDefined": false}, {"text": " classes are offered in ", "userDefined": false}, {"meta": "@QUARTER", "alias": "QUARTER", "text": "Winter", "userDefined": false}, {"text": "?", "userDefined": false}], "count": 0, "isTemplate": false}, {"id": "6f56b836-7ac9-4afa-b7de-b25b86c13db3", "data": [{"text": "Which ", "userDefined": false}, {"meta": "@COURSE_LEVEL", "alias": "COURSE_LEVEL", "text": "one hundred level", "userDefined": false}, {"text": " classes are offered in ", "userDefined": false}, {"meta": "@QUARTER", "alias": "QUARTER", "text": "Winter", "userDefined": false}, {"text": "?", "userDefined": false}], "count": 0, "isTemplate": false}, {"id": "99026f85-bc17-4a07-8169-5156e0677bff", "data": [{"text": "Which ", "userDefined": false}, {"meta": "@COURSE_LEVEL", "alias": "COURSE_LEVEL", "text": "100", "userDefined": false}, {"text": " courses are offered in the ", "userDefined": false}, {"meta": "@QUARTER", "alias": "QUARTER", "text": "Spring", "userDefined": false}, {"text": "?", "userDefined": false}], "count": 0, "isTemplate": false}, {"id": "2100734b-0b5d-4f07-8737-91f13d5d2a07", "data": [{"text": "Which ", "userDefined": false}, {"meta": "@COURSE_LEVEL", "alias": "COURSE_LEVEL", "text": "one hundred", "userDefined": false}, {"text": " courses are offered in the ", "userDefined": false}, {"meta": "@QUARTER", "alias": "QUARTER", "text": "Spring", "userDefined": false}, {"text": "?", "userDefined": false}], "count": 0, "isTemplate": false}, {"id": "44007d1e-ef07-48dc-9d1d-ec784b428984", "data": [{"text": "Which ", "userDefined": false}, {"meta": "@COURSE_LEVEL", "alias": "COURSE_LEVEL", "text": "500 level", "userDefined": false}, {"text": " courses are offered in the ", "userDefined": false}, {"meta": "@QUARTER", "alias": "QUARTER", "text": "Spring", "userDefined": false}, {"text": "?", "userDefined": false}], "count": 0, "isTemplate": false}, {"id": "18aa00d1-abe1-41a3-844f-f541d0f78cc5", "data": [{"text": "Which ", "userDefined": false}, {"meta": "@COURSE_LEVEL", "alias": "COURSE_LEVEL", "text": "two hundred", "userDefined": false}, {"text": " courses are offered in the ", "userDefined": false}, {"meta": "@QUARTER", "alias": "QUARTER", "text": "Summer", "userDefined": false}, {"text": "?", "userDefined": false}], "count": 0, "isTemplate": false}, {"id": "7634bddf-e016-44c1-9d5d-6fc0fb2dad0b", "data": [{"text": "Which ", "userDefined": false}, {"meta": "@COURSE_LEVEL", "alias": "COURSE_LEVEL", "text": "100", "userDefined": false}, {"text": " courses are offered in the ", "userDefined": false}, {"meta": "@QUARTER", "alias": "QUARTER", "text": "Autumn", "userDefined": false}, {"text": "?", "userDefined": false}], "count": 0, "isTemplate": false}, {"id": "aa67bb58-af16-46f6-b511-7c77faad975f", "data": [{"text": "Which ", "userDefined": false}, {"meta": "@COURSE_LEVEL", "alias": "COURSE_LEVEL", "text": "200 level", "userDefined": false}, {"text": " courses are offered in the ", "userDefined": false}, {"meta": "@QUARTER", "alias": "QUARTER", "text": "Summer", "userDefined": false}, {"text": "?", "userDefined": false}], "count": 0, "isTemplate": false}, {"id": "2795c631-32fc-42d6-8db4-18154e75bc9f", "data": [{"text": "Which ", "userDefined": false}, {"meta": "@COURSE_LEVEL", "alias": "COURSE_LEVEL", "text": "500", "userDefined": false}, {"text": " courses are offered in the ", "userDefined": false}, {"meta": "@QUARTER", "alias": "QUARTER", "text": "Summer", "userDefined": false}, {"text": "?", "userDefined": false}], "count": 0, "isTemplate": false}, {"id": "8b16abe7-9c7b-4fa5-9dff-7d9bbcdd6f23", "data": [{"text": "Which ", "userDefined": false}, {"meta": "@COURSE_LEVEL", "alias": "COURSE_LEVEL", "text": "two hundred", "userDefined": false}, {"text": " courses are offered in the ", "userDefined": false}, {"meta": "@QUARTER", "alias": "QUARTER", "text": "Spring", "userDefined": false}, {"text": "?", "userDefined": false}], "count": 0, "isTemplate": false}, {"id": "e2f0f18c-a0ac-4bf6-84ae-e2e2e429c680", "data": [{"text": "Which ", "userDefined": false}, {"meta": "@COURSE_LEVEL", "alias": "COURSE_LEVEL", "text": "two hundred", "userDefined": false}, {"text": " courses are offered in the ", "userDefined": false}, {"meta": "@QUARTER", "alias": "QUARTER", "text": "Winter", "userDefined": false}, {"text": "?", "userDefined": false}], "count": 0, "isTemplate": false}, {"id": "f5b09319-e113-4f5f-b640-eba8ac9409e9", "data": [{"text": "Which ", "userDefined": false}, {"meta": "@COURSE_LEVEL", "alias": "COURSE_LEVEL", "text": "four hundred level", "userDefined": false}, {"text": " courses are offered in the ", "userDefined": false}, {"meta": "@QUARTER", "alias": "QUARTER", "text": "Summer", "userDefined": false}, {"text": "?", "userDefined": false}], "count": 0, "isTemplate": false}, {"id": "ee16428a-f022-459d-87bd-a2d2396da6a5", "data": [{"text": "Which ", "userDefined": false}, {"meta": "@COURSE_LEVEL", "alias": "COURSE_LEVEL", "text": "one hundred", "userDefined": false}, {"text": " courses are offered in ", "userDefined": false}, {"meta": "@QUARTER", "alias": "QUARTER", "text": "Summer", "userDefined": false}, {"text": " quarter?", "userDefined": false}], "count": 0, "isTemplate": false}, {"id": "cfd517b1-039a-431d-a5bd-fb88b3490258", "data": [{"text": "Which ", "userDefined": false}, {"meta": "@COURSE_LEVEL", "alias": "COURSE_LEVEL", "text": "five hundred", "userDefined": false}, {"text": " courses are offered in ", "userDefined": false}, {"meta": "@QUARTER", "alias": "QUARTER", "text": "Winter", "userDefined": false}, {"text": " quarter?", "userDefined": false}], "count": 0, "isTemplate": false}, {"id": "37732e1f-1aa4-4d14-9ad5-45032bfc2c3e", "data": [{"text": "Which ", "userDefined": false}, {"meta": "@COURSE_LEVEL", "alias": "COURSE_LEVEL", "text": "300", "userDefined": false}, {"text": " courses are offered in ", "userDefined": false}, {"meta": "@QUARTER", "alias": "QUARTER", "text": "Summer", "userDefined": false}, {"text": " quarter?", "userDefined": false}], "count": 0, "isTemplate": false}, {"id": "acecb6e2-b26f-4e00-bbc7-1cd751f94e24", "data": [{"text": "Which ", "userDefined": false}, {"meta": "@COURSE_LEVEL", "alias": "COURSE_LEVEL", "text": "three hundred", "userDefined": false}, {"text": " courses are offered in ", "userDefined": false}, {"meta": "@QUARTER", "alias": "QUARTER", "text": "Summer", "userDefined": false}, {"text": " quarter?", "userDefined": false}], "count": 0, "isTemplate": false}, {"id": "dc6449a0-9421-4e75-b240-deabade1f3f8", "data": [{"text": "Which ", "userDefined": false}, {"meta": "@COURSE_LEVEL", "alias": "COURSE_LEVEL", "text": "one hundred level", "userDefined": false}, {"text": " courses are offered in ", "userDefined": false}, {"meta": "@QUARTER", "alias": "QUARTER", "text": "Spring", "userDefined": false}, {"text": " quarter?", "userDefined": false}], "count": 0, "isTemplate": false}, {"id": "27745667-c928-4530-a14b-7938dc356d9e", "data": [{"text": "Which ", "userDefined": false}, {"meta": "@COURSE_LEVEL", "alias": "COURSE_LEVEL", "text": "three hundred", "userDefined": false}, {"text": " courses are offered in ", "userDefined": false}, {"meta": "@QUARTER", "alias": "QUARTER", "text": "Autumn", "userDefined": false}, {"text": " quarter?", "userDefined": false}], "count": 0, "isTemplate": false}, {"id": "98107d45-8085-42e4-8d61-78e0dab9c49c", "data": [{"text": "Which ", "userDefined": false}, {"meta": "@COURSE_LEVEL", "alias": "COURSE_LEVEL", "text": "four hundred level", "userDefined": false}, {"text": " courses are offered in ", "userDefined": false}, {"meta": "@QUARTER", "alias": "QUARTER", "text": "Fall", "userDefined": false}, {"text": " quarter?", "userDefined": false}], "count": 0, "isTemplate": false}, {"id": "8ba68bec-ba13-4bbc-bf2f-f474aefc71e8", "data": [{"text": "Which ", "userDefined": false}, {"meta": "@COURSE_LEVEL", "alias": "COURSE_LEVEL", "text": "one hundred level", "userDefined": false}, {"text": " courses are offered in ", "userDefined": false}, {"meta": "@QUARTER", "alias": "QUARTER", "text": "Autumn", "userDefined": false}, {"text": " quarter?", "userDefined": false}], "count": 0, "isTemplate": false}, {"id": "14fb01ba-8cdf-4874-a702-b2e8a9d2d359", "data": [{"text": "Which ", "userDefined": false}, {"meta": "@COURSE_LEVEL", "alias": "COURSE_LEVEL", "text": "500", "userDefined": false}, {"text": " courses are offered in ", "userDefined": false}, {"meta": "@QUARTER", "alias": "QUARTER", "text": "Spring", "userDefined": false}, {"text": " quarter?", "userDefined": false}], "count": 0, "isTemplate": false}, {"id": "5a2c1f41-6090-4190-b80f-68dd6a9383b9", "data": [{"text": "Which ", "userDefined": false}, {"meta": "@COURSE_LEVEL", "alias": "COURSE_LEVEL", "text": "three hundred", "userDefined": false}, {"text": " courses are offered in ", "userDefined": false}, {"meta": "@QUARTER", "alias": "QUARTER", "text": "Winter", "userDefined": false}, {"text": " quarter?", "userDefined": false}], "count": 0, "isTemplate": false}, {"id": "c926e025-983d-464d-ad9c-95dba9b3269d", "data": [{"text": "In ", "userDefined": false}, {"meta": "@QUARTER", "alias": "QUARTER", "text": "Winter", "userDefined": false}, {"text": " quarter, which ", "userDefined": false}, {"meta": "@COURSE_LEVEL", "alias": "COURSE_LEVEL", "text": "one hundred", "userDefined": false}, {"text": " classes are offered?", "userDefined": false}], "count": 0, "isTemplate": false}, {"id": "ae3a1490-a9ca-48fa-a769-75d489f9b38f", "data": [{"text": "In ", "userDefined": false}, {"meta": "@QUARTER", "alias": "QUARTER", "text": "Autumn", "userDefined": false}, {"text": " quarter, which ", "userDefined": false}, {"meta": "@COURSE_LEVEL", "alias": "COURSE_LEVEL", "text": "500", "userDefined": false}, {"text": " classes are offered?", "userDefined": false}], "count": 0, "isTemplate": false}, {"id": "0beb7c59-ae17-4823-807c-7448fd673641", "data": [{"text": "In ", "userDefined": false}, {"meta": "@QUARTER", "alias": "QUARTER", "text": "Winter", "userDefined": false}, {"text": " quarter, which ", "userDefined": false}, {"meta": "@COURSE_LEVEL", "alias": "COURSE_LEVEL", "text": "100 level", "userDefined": false}, {"text": " classes are offered?", "userDefined": false}], "count": 0, "isTemplate": false}, {"id": "23991fcc-a7da-43a0-ab77-1da92854b48b", "data": [{"text": "In ", "userDefined": false}, {"meta": "@QUARTER", "alias": "QUARTER", "text": "Autumn", "userDefined": false}, {"text": " quarter, which ", "userDefined": false}, {"meta": "@COURSE_LEVEL", "alias": "COURSE_LEVEL", "text": "400 level", "userDefined": false}, {"text": " classes are offered?", "userDefined": false}], "count": 0, "isTemplate": false}, {"id": "78dc77e1-e751-43b5-ba49-036244cb4215", "data": [{"text": "In ", "userDefined": false}, {"meta": "@QUARTER", "alias": "QUARTER", "text": "Fall", "userDefined": false}, {"text": " quarter, which ", "userDefined": false}, {"meta": "@COURSE_LEVEL", "alias": "COURSE_LEVEL", "text": "100", "userDefined": false}, {"text": " classes are offered?", "userDefined": false}], "count": 0, "isTemplate": false}, {"id": "2cf9724d-481d-445e-98b1-90152de9a8f1", "data": [{"text": "In ", "userDefined": false}, {"meta": "@QUARTER", "alias": "QUARTER", "text": "Spring", "userDefined": false}, {"text": " quarter, which ", "userDefined": false}, {"meta": "@COURSE_LEVEL", "alias": "COURSE_LEVEL", "text": "two hundred", "userDefined": false}, {"text": " classes are offered?", "userDefined": false}], "count": 0, "isTemplate": false}, {"id": "625d2bd4-bde5-4180-9293-e3193cf1fb08", "data": [{"text": "In ", "userDefined": false}, {"meta": "@QUARTER", "alias": "QUARTER", "text": "Summer", "userDefined": false}, {"text": " quarter, which ", "userDefined": false}, {"meta": "@COURSE_LEVEL", "alias": "COURSE_LEVEL", "text": "100 level", "userDefined": false}, {"text": " classes are offered?", "userDefined": false}], "count": 0, "isTemplate": false}, {"id": "a069d4b6-7abe-4e16-acaf-8babf86b87a7", "data": [{"text": "In ", "userDefined": false}, {"meta": "@QUARTER", "alias": "QUARTER", "text": "Spring", "userDefined": false}, {"text": " quarter, which ", "userDefined": false}, {"meta": "@COURSE_LEVEL", "alias": "COURSE_LEVEL", "text": "two hundred level", "userDefined": false}, {"text": " classes are offered?", "userDefined": false}], "count": 0, "isTemplate": false}, {"id": "d0384bec-3f6c-434d-a416-4240d9d04cac", "data": [{"text": "In ", "userDefined": false}, {"meta": "@QUARTER", "alias": "QUARTER", "text": "Fall", "userDefined": false}, {"text": " quarter, which ", "userDefined": false}, {"meta": "@COURSE_LEVEL", "alias": "COURSE_LEVEL", "text": "one hundred", "userDefined": false}, {"text": " classes are offered?", "userDefined": false}], "count": 0, "isTemplate": false}, {"id": "84e42b06-6476-4e0a-a8bd-784d9de4a627", "data": [{"text": "In ", "userDefined": false}, {"meta": "@QUARTER", "alias": "QUARTER", "text": "Winter", "userDefined": false}, {"text": " quarter, which ", "userDefined": false}, {"meta": "@COURSE_LEVEL", "alias": "COURSE_LEVEL", "text": "one hundred level", "userDefined": false}, {"text": " classes are offered?", "userDefined": false}], "count": 0, "isTemplate": false}, {"id": "c5b351a1-8880-4b35-8d53-b4c9c77091a2", "data": [{"text": "Which ", "userDefined": false}, {"meta": "@COURSE_LEVEL", "alias": "COURSE_LEVEL", "text": "500 level", "userDefined": false}, {"text": " classes are available in ", "userDefined": false}, {"meta": "@QUARTER", "alias": "QUARTER", "text": "Fall", "userDefined": false}, {"text": "?", "userDefined": false}], "count": 0, "isTemplate": false}, {"id": "aded68a3-9170-4335-9d4a-81b8b0ace926", "data": [{"text": "Which ", "userDefined": false}, {"meta": "@COURSE_LEVEL", "alias": "COURSE_LEVEL", "text": "four hundred", "userDefined": false}, {"text": " classes are available in ", "userDefined": false}, {"meta": "@QUARTER", "alias": "QUARTER", "text": "Spring", "userDefined": false}, {"text": "?", "userDefined": false}], "count": 0, "isTemplate": false}, {"id": "7268c3bc-4162-4515-93ee-9052c7b1db39", "data": [{"text": "Which ", "userDefined": false}, {"meta": "@COURSE_LEVEL", "alias": "COURSE_LEVEL", "text": "one hundred", "userDefined": false}, {"text": " classes are available in ", "userDefined": false}, {"meta": "@QUARTER", "alias": "QUARTER", "text": "Winter", "userDefined": false}, {"text": "?", "userDefined": false}], "count": 0, "isTemplate": false}, {"id": "b149d489-5287-4e18-9e07-0792096fd50b", "data": [{"text": "Which ", "userDefined": false}, {"meta": "@COURSE_LEVEL", "alias": "COURSE_LEVEL", "text": "three hundred", "userDefined": false}, {"text": " classes are available in ", "userDefined": false}, {"meta": "@QUARTER", "alias": "QUARTER", "text": "Spring", "userDefined": false}, {"text": "?", "userDefined": false}], "count": 0, "isTemplate": false}, {"id": "651e2b19-3f5f-48f9-ab7d-d7b110c0b36b", "data": [{"text": "Which ", "userDefined": false}, {"meta": "@COURSE_LEVEL", "alias": "COURSE_LEVEL", "text": "100", "userDefined": false}, {"text": " classes are available in ", "userDefined": false}, {"meta": "@QUARTER", "alias": "QUARTER", "text": "Summer", "userDefined": false}, {"text": "?", "userDefined": false}], "count": 0, "isTemplate": false}, {"id": "3a7d87fd-ebc1-423d-bd20-62a6877f5335", "data": [{"text": "Which ", "userDefined": false}, {"meta": "@COURSE_LEVEL", "alias": "COURSE_LEVEL", "text": "200 level", "userDefined": false}, {"text": " classes are available in ", "userDefined": false}, {"meta": "@QUARTER", "alias": "QUARTER", "text": "Summer", "userDefined": false}, {"text": "?", "userDefined": false}], "count": 0, "isTemplate": false}, {"id": "a17fa8e4-7965-44c4-8be8-baf8ad1bc624", "data": [{"text": "Which ", "userDefined": false}, {"meta": "@COURSE_LEVEL", "alias": "COURSE_LEVEL", "text": "500 level", "userDefined": false}, {"text": " classes are available in ", "userDefined": false}, {"meta": "@QUARTER", "alias": "QUARTER", "text": "Winter", "userDefined": false}, {"text": "?", "userDefined": false}], "count": 0, "isTemplate": false}, {"id": "a810e50f-60cb-4db8-8d4e-ab5c0449229e", "data": [{"text": "Which ", "userDefined": false}, {"meta": "@COURSE_LEVEL", "alias": "COURSE_LEVEL", "text": "three hundred", "userDefined": false}, {"text": " classes are available in ", "userDefined": false}, {"meta": "@QUARTER", "alias": "QUARTER", "text": "Winter", "userDefined": false}, {"text": "?", "userDefined": false}], "count": 0, "isTemplate": false}, {"id": "f863fe5d-c118-4267-abbb-8849c4727cd0", "data": [{"text": "Which ", "userDefined": false}, {"meta": "@COURSE_LEVEL", "alias": "COURSE_LEVEL", "text": "one hundred", "userDefined": false}, {"text": " classes are available in ", "userDefined": false}, {"meta": "@QUARTER", "alias": "QUARTER", "text": "Winter", "userDefined": false}, {"text": "?", "userDefined": false}], "count": 0, "isTemplate": false}, {"id": "96932020-1126-4535-a768-8bb376981631", "data": [{"text": "Which ", "userDefined": false}, {"meta": "@COURSE_LEVEL", "alias": "COURSE_LEVEL", "text": "300 level", "userDefined": false}, {"text": " classes are available in ", "userDefined": false}, {"meta": "@QUARTER", "alias": "QUARTER", "text": "Winter", "userDefined": false}, {"text": "?", "userDefined": false}], "count": 0, "isTemplate": false}, {"id": "13a1f1a2-c93d-46dc-bf36-7878c4fbe46c", "data": [{"text": "Which ", "userDefined": false}, {"meta": "@COURSE_LEVEL", "alias": "COURSE_LEVEL", "text": "two hundred", "userDefined": false}, {"text": " courses are available in the ", "userDefined": false}, {"meta": "@QUARTER", "alias": "QUARTER", "text": "Fall", "userDefined": false}, {"text": "?", "userDefined": false}], "count": 0, "isTemplate": false}, {"id": "2d1e4d2d-83ea-46d0-93a7-c592398d3946", "data": [{"text": "Which ", "userDefined": false}, {"meta": "@COURSE_LEVEL", "alias": "COURSE_LEVEL", "text": "five hundred level", "userDefined": false}, {"text": " courses are available in the ", "userDefined": false}, {"meta": "@QUARTER", "alias": "QUARTER", "text": "Spring", "userDefined": false}, {"text": "?", "userDefined": false}], "count": 0, "isTemplate": false}, {"id": "9006cbc1-7f94-4aac-8dc8-ca136ed7c348", "data": [{"text": "Which ", "userDefined": false}, {"meta": "@COURSE_LEVEL", "alias": "COURSE_LEVEL", "text": "100", "userDefined": false}, {"text": " courses are available in the ", "userDefined": false}, {"meta": "@QUARTER", "alias": "QUARTER", "text": "Spring", "userDefined": false}, {"text": "?", "userDefined": false}], "count": 0, "isTemplate": false}, {"id": "e0958893-8d0e-43ff-8370-277788ba2915", "data": [{"text": "Which ", "userDefined": false}, {"meta": "@COURSE_LEVEL", "alias": "COURSE_LEVEL", "text": "200 level", "userDefined": false}, {"text": " courses are available in the ", "userDefined": false}, {"meta": "@QUARTER", "alias": "QUARTER", "text": "Fall", "userDefined": false}, {"text": "?", "userDefined": false}], "count": 0, "isTemplate": false}, {"id": "d962f876-3f04-4ce5-897d-df007f704ca4", "data": [{"text": "Which ", "userDefined": false}, {"meta": "@COURSE_LEVEL", "alias": "COURSE_LEVEL", "text": "three hundred", "userDefined": false}, {"text": " courses are available in the ", "userDefined": false}, {"meta": "@QUARTER", "alias": "QUARTER", "text": "Spring", "userDefined": false}, {"text": "?", "userDefined": false}], "count": 0, "isTemplate": false}, {"id": "f02dae88-bd76-42f5-b80f-6557021e0674", "data": [{"text": "Which ", "userDefined": false}, {"meta": "@COURSE_LEVEL", "alias": "COURSE_LEVEL", "text": "300", "userDefined": false}, {"text": " courses are available in the ", "userDefined": false}, {"meta": "@QUARTER", "alias": "QUARTER", "text": "Winter", "userDefined": false}, {"text": "?", "userDefined": false}], "count": 0, "isTemplate": false}, {"id": "14f8d196-5179-42b1-8d0c-b4ed50a0c550", "data": [{"text": "Which ", "userDefined": false}, {"meta": "@COURSE_LEVEL", "alias": "COURSE_LEVEL", "text": "five hundred", "userDefined": false}, {"text": " courses are available in the ", "userDefined": false}, {"meta": "@QUARTER", "alias": "QUARTER", "text": "Summer", "userDefined": false}, {"text": "?", "userDefined": false}], "count": 0, "isTemplate": false}, {"id": "fcffc934-9573-4a27-8d11-29309a47f766", "data": [{"text": "Which ", "userDefined": false}, {"meta": "@COURSE_LEVEL", "alias": "COURSE_LEVEL", "text": "three hundred level", "userDefined": false}, {"text": " courses are available in the ", "userDefined": false}, {"meta": "@QUARTER", "alias": "QUARTER", "text": "Fall", "userDefined": false}, {"text": "?", "userDefined": false}], "count": 0, "isTemplate": false}, {"id": "e9a93fcf-e5cc-4372-8366-59c176fab427", "data": [{"text": "Which ", "userDefined": false}, {"meta": "@COURSE_LEVEL", "alias": "COURSE_LEVEL", "text": "100", "userDefined": false}, {"text": " courses are available in the ", "userDefined": false}, {"meta": "@QUARTER", "alias": "QUARTER", "text": "Fall", "userDefined": false}, {"text": "?", "userDefined": false}], "count": 0, "isTemplate": false}, {"id": "5496812b-d0fa-4163-bcf7-7eee0e7c32a6", "data": [{"text": "Which ", "userDefined": false}, {"meta": "@COURSE_LEVEL", "alias": "COURSE_LEVEL", "text": "500 level", "userDefined": false}, {"text": " courses are available in the ", "userDefined": false}, {"meta": "@QUARTER", "alias": "QUARTER", "text": "Fall", "userDefined": false}, {"text": "?", "userDefined": false}], "count": 0, "isTemplate": false}, {"id": "62f4c1f3-a353-4dd1-9dfc-f6018fe5db9f", "data": [{"text": "Which ", "userDefined": false}, {"meta": "@COURSE_LEVEL", "alias": "COURSE_LEVEL", "text": "100 level", "userDefined": false}, {"text": " courses are available in ", "userDefined": false}, {"meta": "@QUARTER", "alias": "QUARTER", "text": "Summer", "userDefined": false}, {"text": " quarter?", "userDefined": false}], "count": 0, "isTemplate": false}, {"id": "52a7816e-f334-4238-a2e4-8e711f044eef", "data": [{"text": "Which ", "userDefined": false}, {"meta": "@COURSE_LEVEL", "alias": "COURSE_LEVEL", "text": "100 level", "userDefined": false}, {"text": " courses are available in ", "userDefined": false}, {"meta": "@QUARTER", "alias": "QUARTER", "text": "Winter", "userDefined": false}, {"text": " quarter?", "userDefined": false}], "count": 0, "isTemplate": false}, {"id": "8cab851d-3f93-455e-a4c2-163908fd709a", "data": [{"text": "Which ", "userDefined": false}, {"meta": "@COURSE_LEVEL", "alias": "COURSE_LEVEL", "text": "100", "userDefined": false}, {"text": " courses are available in ", "userDefined": false}, {"meta": "@QUARTER", "alias": "QUARTER", "text": "Winter", "userDefined": false}, {"text": " quarter?", "userDefined": false}], "count": 0, "isTemplate": false}, {"id": "de3c2298-cf01-465c-ac5e-d6d2fee6ca7f", "data": [{"text": "Which ", "userDefined": false}, {"meta": "@COURSE_LEVEL", "alias": "COURSE_LEVEL", "text": "one hundred level", "userDefined": false}, {"text": " courses are available in ", "userDefined": false}, {"meta": "@QUARTER", "alias": "QUARTER", "text": "Winter", "userDefined": false}, {"text": " quarter?", "userDefined": false}], "count": 0, "isTemplate": false}, {"id": "960312d8-1578-4407-a33c-3091e2b117de", "data": [{"text": "Which ", "userDefined": false}, {"meta": "@COURSE_LEVEL", "alias": "COURSE_LEVEL", "text": "one hundred", "userDefined": false}, {"text": " courses are available in ", "userDefined": false}, {"meta": "@QUARTER", "alias": "QUARTER", "text": "Summer", "userDefined": false}, {"text": " quarter?", "userDefined": false}], "count": 0, "isTemplate": false}, {"id": "710fa451-aeb6-47ae-b769-e966010e0746", "data": [{"text": "Which ", "userDefined": false}, {"meta": "@COURSE_LEVEL", "alias": "COURSE_LEVEL", "text": "500", "userDefined": false}, {"text": " courses are available in ", "userDefined": false}, {"meta": "@QUARTER", "alias": "QUARTER", "text": "Summer", "userDefined": false}, {"text": " quarter?", "userDefined": false}], "count": 0, "isTemplate": false}, {"id": "ce99a219-6271-4d08-8ab6-5f7b59f16f27", "data": [{"text": "Which ", "userDefined": false}, {"meta": "@COURSE_LEVEL", "alias": "COURSE_LEVEL", "text": "400 level", "userDefined": false}, {"text": " courses are available in ", "userDefined": false}, {"meta": "@QUARTER", "alias": "QUARTER", "text": "Winter", "userDefined": false}, {"text": " quarter?", "userDefined": false}], "count": 0, "isTemplate": false}, {"id": "7ca73207-f3d9-4e40-9237-a06f4e219abf", "data": [{"text": "Which ", "userDefined": false}, {"meta": "@COURSE_LEVEL", "alias": "COURSE_LEVEL", "text": "100 level", "userDefined": false}, {"text": " courses are available in ", "userDefined": false}, {"meta": "@QUARTER", "alias": "QUARTER", "text": "Summer", "userDefined": false}, {"text": " quarter?", "userDefined": false}], "count": 0, "isTemplate": false}, {"id": "fc66aa6e-6973-4a43-93ce-4921b7c7b7a7", "data": [{"text": "Which ", "userDefined": false}, {"meta": "@COURSE_LEVEL", "alias": "COURSE_LEVEL", "text": "300", "userDefined": false}, {"text": " courses are available in ", "userDefined": false}, {"meta": "@QUARTER", "alias": "QUARTER", "text": "Winter", "userDefined": false}, {"text": " quarter?", "userDefined": false}], "count": 0, "isTemplate": false}, {"id": "a4c67603-5552-4948-bc24-e763914a89cb", "data": [{"text": "Which ", "userDefined": false}, {"meta": "@COURSE_LEVEL", "alias": "COURSE_LEVEL", "text": "100", "userDefined": false}, {"text": " courses are available in ", "userDefined": false}, {"meta": "@QUARTER", "alias": "QUARTER", "text": "Summer", "userDefined": false}, {"text": " quarter?", "userDefined": false}], "count": 0, "isTemplate": false}, {"id": "66b4ecd6-aab3-4d7e-b9c0-5a948ae74e31", "data": [{"text": "In ", "userDefined": false}, {"meta": "@QUARTER", "alias": "QUARTER", "text": "Fall", "userDefined": false}, {"text": " quarter, which ", "userDefined": false}, {"meta": "@COURSE_LEVEL", "alias": "COURSE_LEVEL", "text": "one hundred level", "userDefined": false}, {"text": " classes are available?", "userDefined": false}], "count": 0, "isTemplate": false}, {"id": "3b48dc6e-c0ff-4bf2-a8c3-5687cdf8ed72", "data": [{"text": "In ", "userDefined": false}, {"meta": "@QUARTER", "alias": "QUARTER", "text": "Winter", "userDefined": false}, {"text": " quarter, which ", "userDefined": false}, {"meta": "@COURSE_LEVEL", "alias": "COURSE_LEVEL", "text": "five hundred", "userDefined": false}, {"text": " classes are available?", "userDefined": false}], "count": 0, "isTemplate": false}, {"id": "8d8983a8-0a79-4ebd-bae9-3b8666bef65a", "data": [{"text": "In ", "userDefined": false}, {"meta": "@QUARTER", "alias": "QUARTER", "text": "Fall", "userDefined": false}, {"text": " quarter, which ", "userDefined": false}, {"meta": "@COURSE_LEVEL", "alias": "COURSE_LEVEL", "text": "one hundred", "userDefined": false}, {"text": " classes are available?", "userDefined": false}], "count": 0, "isTemplate": false}, {"id": "c70852eb-dcea-41fe-9838-a758a70ccf77", "data": [{"text": "In ", "userDefined": false}, {"meta": "@QUARTER", "alias": "QUARTER", "text": "Fall", "userDefined": false}, {"text": " quarter, which ", "userDefined": false}, {"meta": "@COURSE_LEVEL", "alias": "COURSE_LEVEL", "text": "five hundred", "userDefined": false}, {"text": " classes are available?", "userDefined": false}], "count": 0, "isTemplate": false}, {"id": "3c9cb08c-0c51-4f46-8e17-1c2f15c5bb09", "data": [{"text": "In ", "userDefined": false}, {"meta": "@QUARTER", "alias": "QUARTER", "text": "Spring", "userDefined": false}, {"text": " quarter, which ", "userDefined": false}, {"meta": "@COURSE_LEVEL", "alias": "COURSE_LEVEL", "text": "400 level", "userDefined": false}, {"text": " classes are available?", "userDefined": false}], "count": 0, "isTemplate": false}, {"id": "c47796b2-a065-45ad-9305-c1a7be0928d4", "data": [{"text": "In ", "userDefined": false}, {"meta": "@QUARTER", "alias": "QUARTER", "text": "Spring", "userDefined": false}, {"text": " quarter, which ", "userDefined": false}, {"meta": "@COURSE_LEVEL", "alias": "COURSE_LEVEL", "text": "three hundred level", "userDefined": false}, {"text": " classes are available?", "userDefined": false}], "count": 0, "isTemplate": false}, {"id": "1036bf7f-2eaf-4038-81b7-ca54e0e7393a", "data": [{"text": "In ", "userDefined": false}, {"meta": "@QUARTER", "alias": "QUARTER", "text": "Fall", "userDefined": false}, {"text": " quarter, which ", "userDefined": false}, {"meta": "@COURSE_LEVEL", "alias": "COURSE_LEVEL", "text": "five hundred", "userDefined": false}, {"text": " classes are available?", "userDefined": false}], "count": 0, "isTemplate": false}, {"id": "b7bdef56-73d0-4349-8183-d2f1a58601aa", "data": [{"text": "In ", "userDefined": false}, {"meta": "@QUARTER", "alias": "QUARTER", "text": "Fall", "userDefined": false}, {"text": " quarter, which ", "userDefined": false}, {"meta": "@COURSE_LEVEL", "alias": "COURSE_LEVEL", "text": "200 level", "userDefined": false}, {"text": " classes are available?", "userDefined": false}], "count": 0, "isTemplate": false}, {"id": "582f5a1a-7fea-4fc2-a3ad-822e2c12aec8", "data": [{"text": "In ", "userDefined": false}, {"meta": "@QUARTER", "alias": "QUARTER", "text": "Fall", "userDefined": false}, {"text": " quarter, which ", "userDefined": false}, {"meta": "@COURSE_LEVEL", "alias": "COURSE_LEVEL", "text": "two hundred", "userDefined": false}, {"text": " classes are available?", "userDefined": false}], "count": 0, "isTemplate": false}, {"id": "1dc5c104-4028-4b94-aa39-4bccb6dda63a", "data": [{"text": "In ", "userDefined": false}, {"meta": "@QUARTER", "alias": "QUARTER", "text": "Winter", "userDefined": false}, {"text": " quarter, which ", "userDefined": false}, {"meta": "@COURSE_LEVEL", "alias": "COURSE_LEVEL", "text": "300 level", "userDefined": false}, {"text": " classes are available?", "userDefined": false}], "count": 0, "isTemplate": false}, {"id": "db979bf7-18c3-4b9c-a918-2308b6e90966", "data": [{"text": "Which ", "userDefined": false}, {"meta": "@COURSE_LEVEL", "alias": "COURSE_LEVEL", "text": "five hundred", "userDefined": false}, {"text": " courses are offered in ", "userDefined": false}, {"meta": "@QUARTER", "alias": "QUARTER", "text": "Summer", "userDefined": false}, {"text": "?", "userDefined": false}], "count": 0, "isTemplate": false}, {"id": "72fb551c-7d37-4e25-8369-ef2ba0cfa7e7", "data": [{"text": "Which ", "userDefined": false}, {"meta": "@COURSE_LEVEL", "alias": "COURSE_LEVEL", "text": "300", "userDefined": false}, {"text": " courses are offered in ", "userDefined": false}, {"meta": "@QUARTER", "alias": "QUARTER", "text": "Autumn", "userDefined": false}, {"text": "?", "userDefined": false}], "count": 0, "isTemplate": false}, {"id": "59ee567c-a498-4482-b293-3adc5992daf4", "data": [{"text": "Which ", "userDefined": false}, {"meta": "@COURSE_LEVEL", "alias": "COURSE_LEVEL", "text": "400 level", "userDefined": false}, {"text": " courses are offered in ", "userDefined": false}, {"meta": "@QUARTER", "alias": "QUARTER", "text": "Summer", "userDefined": false}, {"text": "?", "userDefined": false}], "count": 0, "isTemplate": false}, {"id": "dae5a64e-f18d-490c-9d7f-66444733ff31", "data": [{"text": "Which ", "userDefined": false}, {"meta": "@COURSE_LEVEL", "alias": "COURSE_LEVEL", "text": "four hundred level", "userDefined": false}, {"text": " courses are offered in ", "userDefined": false}, {"meta": "@QUARTER", "alias": "QUARTER", "text": "Summer", "userDefined": false}, {"text": "?", "userDefined": false}], "count": 0, "isTemplate": false}, {"id": "1a64048b-c96b-4f58-bb4b-dfb07be12fe6", "data": [{"text": "Which ", "userDefined": false}, {"meta": "@COURSE_LEVEL", "alias": "COURSE_LEVEL", "text": "200 level", "userDefined": false}, {"text": " courses are offered in ", "userDefined": false}, {"meta": "@QUARTER", "alias": "QUARTER", "text": "Spring", "userDefined": false}, {"text": "?", "userDefined": false}], "count": 0, "isTemplate": false}, {"id": "a8a2d268-04b8-4102-bf86-fda66bf74766", "data": [{"text": "Which ", "userDefined": false}, {"meta": "@COURSE_LEVEL", "alias": "COURSE_LEVEL", "text": "two hundred", "userDefined": false}, {"text": " courses are offered in ", "userDefined": false}, {"meta": "@QUARTER", "alias": "QUARTER", "text": "Autumn", "userDefined": false}, {"text": "?", "userDefined": false}], "count": 0, "isTemplate": false}, {"id": "41d1fbe8-7a7e-4be3-97e1-78a31f7f4f44", "data": [{"text": "Which ", "userDefined": false}, {"meta": "@COURSE_LEVEL", "alias": "COURSE_LEVEL", "text": "three hundred", "userDefined": false}, {"text": " courses are offered in ", "userDefined": false}, {"meta": "@QUARTER", "alias": "QUARTER", "text": "Spring", "userDefined": false}, {"text": "?", "userDefined": false}], "count": 0, "isTemplate": false}, {"id": "b94b81db-a7d2-4892-82aa-ac27007ea713", "data": [{"text": "Which ", "userDefined": false}, {"meta": "@COURSE_LEVEL", "alias": "COURSE_LEVEL", "text": "two hundred level", "userDefined": false}, {"text": " courses are offered in ", "userDefined": false}, {"meta": "@QUARTER", "alias": "QUARTER", "text": "Spring", "userDefined": false}, {"text": "?", "userDefined": false}], "count": 0, "isTemplate": false}, {"id": "26e00934-7045-4b23-a103-ca4ebad3b95d", "data": [{"text": "Which ", "userDefined": false}, {"meta": "@COURSE_LEVEL", "alias": "COURSE_LEVEL", "text": "one hundred level", "userDefined": false}, {"text": " courses are offered in ", "userDefined": false}, {"meta": "@QUARTER", "alias": "QUARTER", "text": "Winter", "userDefined": false}, {"text": "?", "userDefined": false}], "count": 0, "isTemplate": false}, {"id": "9f490ada-b3dc-4c28-9e84-f3d85b7abca2", "data": [{"text": "Which ", "userDefined": false}, {"meta": "@COURSE_LEVEL", "alias": "COURSE_LEVEL", "text": "four hundred level", "userDefined": false}, {"text": " courses are offered in ", "userDefined": false}, {"meta": "@QUARTER", "alias": "QUARTER", "text": "Spring", "userDefined": false}, {"text": "?", "userDefined": false}], "count": 0, "isTemplate": false}]