[{"count": 0, "data": [{"userDefined": false, "text": "Which "}, {"userDefined": false, "meta": "@COURSE_LEVEL", "alias": "COURSE_LEVEL", "text": "three hundred"}, {"userDefined": false, "text": " classes are offered in "}, {"userDefined": false, "meta": "@QUARTER", "alias": "QUARTER", "text": "Winter"}, {"userDefined": false, "text": "?"}], "isTemplate": false, "id": "2f14e2ae-d7a3-47cc-a0c7-69b31ccb7ad4"}, {"count": 0, "data": [{"userDefined": false, "text": "Which "}, {"userDefined": false, "meta": "@COURSE_LEVEL", "alias": "COURSE_LEVEL", "text": "100"}, {"userDefined": false, "text": " courses are offered in the "}, {"userDefined": false, "meta": "@QUARTER", "alias": "QUARTER", "text": "Summer"}, {"userDefined": false, "text": "?"}], "isTemplate": false, "id": "8f344ae8-3e89-4cbe-9c15-320851557cd4"}, {"count": 0, "data": [{"userDefined": false, "text": "Which "}, {"userDefined": false, "meta": "@COURSE_LEVEL", "alias": "COURSE_LEVEL", "text": "two hundred"}, {"userDefined": false, "text": " courses are offered in "}, {"userDefined": false, "meta": "@QUARTER", "alias": "QUARTER", "text": "Spring"}, {"userDefined": false, "text": " quarter?"}], "isTemplate": false, "id": "4ffc7528-6d4d-477e-984e-5ca0013e0710"}, {"count": 0, "data": [{"userDefined": false, "text": "In "}, {"userDefined": false, "meta": "@QUARTER", "alias": "QUARTER", "text": "Summer"}, {"userDefined": false, "text": " quarter, which "}, {"userDefined": false, "meta": "@COURSE_LEVEL", "alias": "COURSE_LEVEL", "text": "two hundred"}, {"userDefined": false, "text": " classes are offered?"}], "isTemplate": false, "id": "7cc1e97f-2781-4fef-9a8a-5ddc96ad9a47"}, {"count": 0, "data": [{"userDefined": false, "text": "Which "}, {"userDefined": false, "meta": "@COURSE_LEVEL", "alias": "COURSE_LEVEL", "text": "100"}, {"userDefined": false, "text": " classes are available in "}, {"userDefined": false, "meta": "@QUARTER", "alias": "QUARTER", "text": "Winter"}, {"userDefined": false, "text": "?"}], "isTemplate": false, "id": "65b24cea-64e4-461c-9b27-0c79947258b6"}, {"count": 0, "data": [{"userDefined": false, "text": "Which "}, {"userDefined": false, "meta": "@COURSE_LEVEL", "alias": "COURSE_LEVEL", "text": "two hundred"}, {"userDefined": false, "text": " courses are available in the "}, {"userDefined": false, "meta": "@QUARTER", "alias": "QUARTER", "text": "Winter"}, {"userDefined": false, "text": "?"}], "isTemplate": false, "id": "1dc0afef-7a46-4c65-a4f1-a0edbd3a71c3"}, {"count": 0, "data": [{"userDefined": false, "text": "Which "}, {"userDefined": false, "meta": "@COURSE_LEVEL", "alias": "COURSE_LEVEL", "text": "100"}, {"userDefined": false, "text": " courses are available in "}, {"userDefined": false, "meta": "@QUARTER", "alias": "QUARTER", "text": "Winter"}, {"userDefined": false, "text": " quarter?"}], "isTemplate": false, "id": "7b524c0e-a72f-46f5-a9bd-14d4a919876e"}, {"count": 0, "data": [{"userDefined": false, "text": "In "}, {"userDefined": false, "meta": "@QUARTER", "alias": "QUARTER", "text": "Spring"}, {"userDefined": false, "text": " quarter, which "}, {"userDefined": false, "meta": "@COURSE_LEVEL", "alias": "COURSE_LEVEL", "text": "one hundred"}, {"userDefined": false, "text": " classes are available?"}], "isTemplate": false, "id": "3e4e2cae-f7b2-4b7a-9978-f49dd8b89668"}, {"count": 0, "data": [{"userDefined": false, "text": "Which "}, {"userDefined": false, "meta": "@COURSE_LEVEL", "alias": "COURSE_LEVEL", "text": "100"}, {"userDefined": false, "text": " courses are offered in "}, {"userDefined": false, "meta": "@QUARTER", "alias": "QUARTER", "text": "Autumn"}, {"userDefined": false, "text": "?"}], "isTemplate": false, "id": "f3e5b4c8-5c8f-4eb5-bb25-c0933870fa78"}]