[{"count": 0, "data": [{"userDefined": false, "text": "How many classes are offered in the "}, {"userDefined": false, "meta": "@QUARTER", "alias": "QUARTER", "text": "Winter"}, {"userDefined": false, "text": "?"}], "isTemplate": false, "id": "ec7ec7bd-2357-413e-949d-bcfeed138f5d"}, {"count": 0, "data": [{"userDefined": false, "text": "How many classes are there in the "}, {"userDefined": false, "meta": "@QUARTER", "alias": "QUARTER", "text": "Winter"}, {"userDefined": false, "text": "?"}], "isTemplate": false, "id": "00da23c2-a157-4aa3-b108-7d7441ba56c4"}, {"count": 0, "data": [{"userDefined": false, "text": "How many classes in the "}, {"userDefined": false, "meta": "@QUARTER", "alias": "QUARTER", "text": "Winter"}, {"userDefined": false, "text": "?"}], "isTemplate": false, "id": "507dd7c1-9e98-475e-9899-c9ff1e4c2307"}, {"count": 0, "data": [{"userDefined": false, "text": "How many courses are offered in the "}, {"userDefined": false, "meta": "@QUARTER", "alias": "QUARTER", "text": "Summer"}, {"userDefined": false, "text": "?"}], "isTemplate": false, "id": "0e4a0af5-1c85-4486-9434-d1a05d2dbe3f"}, {"count": 0, "data": [{"userDefined": false, "text": "How many courses are there in the "}, {"userDefined": false, "meta": "@QUARTER", "alias": "QUARTER", "text": "Spring"}, {"userDefined": false, "text": "?"}], "isTemplate": false, "id": "f8c31b64-f8f3-4b8b-89dc-481729474c58"}, {"count": 0, "data": [{"userDefined": false, "text": "How many courses in the "}, {"userDefined": false, "meta": "@QUARTER", "alias": "QUARTER", "text": "Fall"}, {"userDefined": false, "text": "?"}], "isTemplate": false, "id": "a332aa1c-8df7-4d6b-b929-bf1d51ea1de6"}, {"count": 0, "data": [{"userDefined": false, "text": "How many classes are offered in "}, {"userDefined": false, "meta": "@QUARTER", "alias": "QUARTER", "text": "Spring"}, {"userDefined": false, "text": " quarter?"}], "isTemplate": false, "id": "127e6bd3-2ff6-4387-8d44-f93bfb9c8d77"}]