[{"count": 0, "data": [{"userDefined": false, "text": "What is the easiest way to be able to take "}, {"userDefined": false, "meta": "@CLASS_NAME", "alias": "CLASS_NAME", "text": "CSC 582"}, {"userDefined": false, "text": "?"}], "isTemplate": false, "id": "d74edd3d-8ce9-4a09-94c4-a159207d65f7"}, {"count": 0, "data": [{"userDefined": false, "text": "What is the shortest path to be able to take "}, {"userDefined": false, "meta": "@CLASS_NAME", "alias": "CLASS_NAME", "text": "computing-for interactive arts capstone i"}, {"userDefined": false, "text": "?"}], "isTemplate": false, "id": "ff3a58ff-7e0a-49e9-bf28-abe435a0d56f"}, {"count": 0, "data": [{"userDefined": false, "text": "What is the shortest path of classes to be able to take "}, {"userDefined": false, "meta": "@CLASS_NAME", "alias": "CLASS_NAME", "text": "computers-for poets"}, {"userDefined": false, "text": "?"}], "isTemplate": false, "id": "279cf68c-9abf-4a9e-b534-f2483576106c"}, {"count": 0, "data": [{"userDefined": false, "text": "What is the shortest path to taking "}, {"userDefined": false, "meta": "@CLASS_NAME", "alias": "CLASS_NAME", "text": "CSC 471"}, {"userDefined": false, "text": "?"}], "isTemplate": false, "id": "bc588d8c-360a-4e08-b4b6-fdcd9ed2a0dc"}]