[{"count": 0, "data": [{"userDefined": false, "text": "What technical electives should I select to do research in "}, {"userDefined": false, "meta": "@SUBJECT_MATTER", "alias": "SUBJECT_MATTER", "text": "foundation"}, {"userDefined": false, "text": "?"}], "isTemplate": false, "id": "6bfe123d-16ff-4f51-9969-26d6d0b595b1"}, {"count": 0, "data": [{"userDefined": false, "text": "What are some good tech electives to study "}, {"userDefined": false, "meta": "@SUBJECT_MATTER", "alias": "SUBJECT_MATTER", "text": "sound"}, {"userDefined": false, "text": "?"}], "isTemplate": false, "id": "a931e3e7-d541-4b8f-9c22-f5ff753c434b"}, {"count": 0, "data": [{"userDefined": false, "text": "What classes should I take to get a job in "}, {"userDefined": false, "meta": "@SUBJECT_MATTER", "alias": "SUBJECT_MATTER", "text": "logic"}, {"userDefined": false, "text": "?"}], "isTemplate": false, "id": "3f4c696f-34e2-4cbc-8756-8ea034c03cb0"}, {"count": 0, "data": [{"userDefined": false, "text": "What are good technical electives to study "}, {"userDefined": false, "meta": "@SUBJECT_MATTER", "alias": "SUBJECT_MATTER", "text": "prototype"}, {"userDefined": false, "text": "?"}], "isTemplate": false, "id": "5795a8a8-21ca-418b-aee5-90e44950b67b"}, {"count": 0, "data": [{"userDefined": false, "text": "What technical electives should I select to focus on "}, {"userDefined": false, "meta": "@SUBJECT_MATTER", "alias": "SUBJECT_MATTER", "text": "cognition"}, {"userDefined": false, "text": "?"}], "isTemplate": false, "id": "6f176e12-9342-48b7-aba6-2196bf5374e1"}]