[{"count": 0, "data": [{"userDefined": false, "text": "Which term usually offers the least course variety?"}], "isTemplate": false, "id": "8e75aa5d-7651-4a48-96ec-adc65d26f969"}, {"count": 0, "data": [{"userDefined": false, "text": "Which quarter typically offers very little course variety?"}], "isTemplate": false, "id": "7eeab6fa-7283-43ee-accc-47bffd02405e"}, {"count": 0, "data": [{"userDefined": false, "text": "Which term typically offers the least class variety?"}], "isTemplate": false, "id": "c5b0d7e8-928a-4918-8ed9-eb743422724b"}, {"count": 0, "data": [{"userDefined": false, "text": "Which term usually offers the least class variety?"}], "isTemplate": false, "id": "696175c9-98d6-4b1a-9bda-3faec8296aec"}, {"count": 0, "data": [{"userDefined": false, "text": "Which quarter has the least class variety?"}], "isTemplate": false, "id": "8ac0b9b6-d94f-4d4d-80ea-01c77778b0d2"}, {"count": 0, "data": [{"userDefined": false, "text": "Which quarter has the least course variety?"}], "isTemplate": false, "id": "9c6870f8-5f43-485d-8b26-69342fafeab3"}, {"count": 0, "data": [{"userDefined": false, "text": "Which term typically offers the least course variety?"}], "isTemplate": false, "id": "13e7217f-32ba-4041-a438-79492adf0493"}]