[{"count": 0, "data": [{"userDefined": false, "text": "Which upper division classes are offered in "}, {"userDefined": false, "meta": "@QUARTER", "alias": "QUARTER", "text": "Summer"}, {"userDefined": false, "text": "?"}], "isTemplate": false, "id": "bdb52a58-f0e9-42c4-a173-323a14b8c76e"}, {"count": 0, "data": [{"userDefined": false, "text": "Which upper division courses are offered in the "}, {"userDefined": false, "meta": "@QUARTER", "alias": "QUARTER", "text": "Fall"}, {"userDefined": false, "text": "?"}], "isTemplate": false, "id": "411060bc-6fa8-4a5c-ad20-d13a88e05f75"}, {"count": 0, "data": [{"userDefined": false, "text": "In "}, {"userDefined": false, "meta": "@QUARTER", "alias": "QUARTER", "text": "Winter"}, {"userDefined": false, "text": ", what upper division classes are offered?"}], "isTemplate": false, "id": "b21946bc-eaf1-4d83-b274-0b73337752df"}, {"count": 0, "data": [{"userDefined": false, "text": "What upper division classes are offered in "}, {"userDefined": false, "meta": "@QUARTER", "alias": "QUARTER", "text": "Fall"}, {"userDefined": false, "text": " quarter?"}], "isTemplate": false, "id": "e3e7185e-e1f7-4f56-9096-533a4ce1b3d3"}, {"count": 0, "data": [{"userDefined": false, "text": "Which upper division courses are offered in "}, {"userDefined": false, "meta": "@QUARTER", "alias": "QUARTER", "text": "Winter"}, {"userDefined": false, "text": "?"}], "isTemplate": false, "id": "301f9f57-9d39-4102-be62-c952ecc9d635"}]