[{"count": 0, "data": [{"userDefined": false, "text": "Does "}, {"userDefined": false, "meta": "@QUARTER", "alias": "QUARTER", "text": "Winter"}, {"userDefined": false, "text": " offer any lower division classes?"}], "isTemplate": false, "id": "7f92a008-b1a8-4f43-a87f-fdd6db330e31"}, {"count": 0, "data": [{"userDefined": false, "text": "Does "}, {"userDefined": false, "meta": "@QUARTER", "alias": "QUARTER", "text": "Summer"}, {"userDefined": false, "text": " quarter offer any lower division courses?"}], "isTemplate": false, "id": "589bfd59-74cf-4c92-8e3d-5e693b57d5b6"}, {"count": 0, "data": [{"userDefined": false, "text": "Are there any lower division courses in the "}, {"userDefined": false, "meta": "@QUARTER", "alias": "QUARTER", "text": "Autumn"}, {"userDefined": false, "text": "?"}], "isTemplate": false, "id": "98bbc8b1-4c3b-4e3f-88ee-eeabbd0928fb"}, {"count": 0, "data": [{"userDefined": false, "text": "Are there lower division courses offered in the "}, {"userDefined": false, "meta": "@QUARTER", "alias": "QUARTER", "text": "Fall"}, {"userDefined": false, "text": "?"}], "isTemplate": false, "id": "a6f47900-e55e-4ef0-b8f3-615491c18aef"}, {"count": 0, "data": [{"userDefined": false, "text": "Are there lower division courses offered in "}, {"userDefined": false, "meta": "@QUARTER", "alias": "QUARTER", "text": "Summer"}, {"userDefined": false, "text": "?"}], "isTemplate": false, "id": "8781750d-092a-46fb-9147-b34e1c372f8d"}, {"count": 0, "data": [{"userDefined": false, "text": "Are there lower division courses offered in "}, {"userDefined": false, "meta": "@QUARTER", "alias": "QUARTER", "text": "Autumn"}, {"userDefined": false, "text": " quarter?"}], "isTemplate": false, "id": "8f7bb51f-7e79-48a7-84c9-4e212bd2eeca"}, {"count": 0, "data": [{"userDefined": false, "text": "Does "}, {"userDefined": false, "meta": "@QUARTER", "alias": "QUARTER", "text": "Summer"}, {"userDefined": false, "text": " offer any lower division courses?"}], "isTemplate": false, "id": "108d68dd-b47b-431b-897c-175e44ae6f6e"}]