[{"id": "436b2ad7-87d4-490d-a0b4-4f7a0e28f41d", "data": [{"text": "Which lower division classes are offered in ", "userDefined": false}, {"meta": "@QUARTER", "alias": "QUARTER", "text": "Spring", "userDefined": false}, {"text": "?", "userDefined": false}], "count": 0, "isTemplate": false}, {"id": "84da4c3a-ad28-45f7-a241-56786118aec9", "data": [{"text": "Which lower division classes are offered in ", "userDefined": false}, {"meta": "@QUARTER", "alias": "QUARTER", "text": "Spring", "userDefined": false}, {"text": "?", "userDefined": false}], "count": 0, "isTemplate": false}, {"id": "31c66b4f-70a6-4277-91a7-9c08a79e99ae", "data": [{"text": "Which lower division classes are offered in ", "userDefined": false}, {"meta": "@QUARTER", "alias": "QUARTER", "text": "Spring", "userDefined": false}, {"text": "?", "userDefined": false}], "count": 0, "isTemplate": false}, {"id": "e7a7c504-c4fe-46e4-bab5-847ae1aa2fd2", "data": [{"text": "Which lower division classes are offered in ", "userDefined": false}, {"meta": "@QUARTER", "alias": "QUARTER", "text": "Winter", "userDefined": false}, {"text": "?", "userDefined": false}], "count": 0, "isTemplate": false}, {"id": "7bf2a108-b4b9-45e9-9566-2612a91a1017", "data": [{"text": "Which lower division classes are offered in ", "userDefined": false}, {"meta": "@QUARTER", "alias": "QUARTER", "text": "Fall", "userDefined": false}, {"text": "?", "userDefined": false}], "count": 0, "isTemplate": false}, {"id": "ae99fa95-f32f-4573-8f8d-3a6972318708", "data": [{"text": "Which lower division classes are offered in ", "userDefined": false}, {"meta": "@QUARTER", "alias": "QUARTER", "text": "Spring", "userDefined": false}, {"text": "?", "userDefined": false}], "count": 0, "isTemplate": false}, {"id": "e1692c47-ae2c-4ded-a48d-9bfb23f7677b", "data": [{"text": "Which lower division classes are offered in ", "userDefined": false}, {"meta": "@QUARTER", "alias": "QUARTER", "text": "Winter", "userDefined": false}, {"text": "?", "userDefined": false}], "count": 0, "isTemplate": false}, {"id": "59d695a7-829c-4608-9085-cd6ee7cc0aaf", "data": [{"text": "Which lower division classes are offered in ", "userDefined": false}, {"meta": "@QUARTER", "alias": "QUARTER", "text": "Autumn", "userDefined": false}, {"text": "?", "userDefined": false}], "count": 0, "isTemplate": false}, {"id": "93906d42-7ce1-4c03-88b1-d4530d3fdd84", "data": [{"text": "Which lower division classes are offered in ", "userDefined": false}, {"meta": "@QUARTER", "alias": "QUARTER", "text": "Winter", "userDefined": false}, {"text": "?", "userDefined": false}], "count": 0, "isTemplate": false}, {"id": "b1665a41-3d23-48bd-b7c1-89ac600ecf2b", "data": [{"text": "Which lower division classes are offered in ", "userDefined": false}, {"meta": "@QUARTER", "alias": "QUARTER", "text": "Summer", "userDefined": false}, {"text": "?", "userDefined": false}], "count": 0, "isTemplate": false}, {"id": "02e87cee-80ec-4cd3-96c4-0740f296ceca", "data": [{"text": "Which lower division courses are offered in ", "userDefined": false}, {"meta": "@QUARTER", "alias": "QUARTER", "text": "Summer", "userDefined": false}, {"text": " quarter?", "userDefined": false}], "count": 0, "isTemplate": false}, {"id": "763d1148-2f05-4ed6-be99-1d0b2d22f5cd", "data": [{"text": "Which lower division courses are offered in ", "userDefined": false}, {"meta": "@QUARTER", "alias": "QUARTER", "text": "Summer", "userDefined": false}, {"text": " quarter?", "userDefined": false}], "count": 0, "isTemplate": false}, {"id": "aa9ff112-b57d-4722-af8b-872806e04181", "data": [{"text": "Which lower division courses are offered in ", "userDefined": false}, {"meta": "@QUARTER", "alias": "QUARTER", "text": "Spring", "userDefined": false}, {"text": " quarter?", "userDefined": false}], "count": 0, "isTemplate": false}, {"id": "1ec33af5-32d0-48ca-ad24-50a31a23f07a", "data": [{"text": "Which lower division courses are offered in ", "userDefined": false}, {"meta": "@QUARTER", "alias": "QUARTER", "text": "Fall", "userDefined": false}, {"text": " quarter?", "userDefined": false}], "count": 0, "isTemplate": false}, {"id": "a34675a4-49a7-4013-8a0e-2b3626cdd7b5", "data": [{"text": "Which lower division courses are offered in ", "userDefined": false}, {"meta": "@QUARTER", "alias": "QUARTER", "text": "Summer", "userDefined": false}, {"text": " quarter?", "userDefined": false}], "count": 0, "isTemplate": false}, {"id": "8de55ae0-ad5d-490d-96a8-1e451db4bdfd", "data": [{"text": "Which lower division courses are offered in ", "userDefined": false}, {"meta": "@QUARTER", "alias": "QUARTER", "text": "Autumn", "userDefined": false}, {"text": " quarter?", "userDefined": false}], "count": 0, "isTemplate": false}, {"id": "81a10308-c8ad-4dae-a793-523ec385c5ff", "data": [{"text": "Which lower division courses are offered in ", "userDefined": false}, {"meta": "@QUARTER", "alias": "QUARTER", "text": "Fall", "userDefined": false}, {"text": " quarter?", "userDefined": false}], "count": 0, "isTemplate": false}, {"id": "4bfd0276-d7a8-4b13-96e5-cdb8f3e7d109", "data": [{"text": "Which lower division courses are offered in ", "userDefined": false}, {"meta": "@QUARTER", "alias": "QUARTER", "text": "Winter", "userDefined": false}, {"text": " quarter?", "userDefined": false}], "count": 0, "isTemplate": false}, {"id": "6cd7ebd2-a29f-4d82-89fb-e40e2c853779", "data": [{"text": "Which lower division courses are offered in ", "userDefined": false}, {"meta": "@QUARTER", "alias": "QUARTER", "text": "Fall", "userDefined": false}, {"text": " quarter?", "userDefined": false}], "count": 0, "isTemplate": false}, {"id": "f6cd5152-7b67-4022-8034-b439eed00810", "data": [{"text": "Which lower division courses are offered in ", "userDefined": false}, {"meta": "@QUARTER", "alias": "QUARTER", "text": "Winter", "userDefined": false}, {"text": " quarter?", "userDefined": false}], "count": 0, "isTemplate": false}, {"id": "3179356b-e1bc-411e-8842-abf94723234a", "data": [{"text": "Which lower division courses are offered in the ", "userDefined": false}, {"meta": "@QUARTER", "alias": "QUARTER", "text": "Spring", "userDefined": false}, {"text": "?", "userDefined": false}], "count": 0, "isTemplate": false}, {"id": "11af70af-b9b2-489c-ac83-140b27aa1617", "data": [{"text": "Which lower division courses are offered in the ", "userDefined": false}, {"meta": "@QUARTER", "alias": "QUARTER", "text": "Winter", "userDefined": false}, {"text": "?", "userDefined": false}], "count": 0, "isTemplate": false}, {"id": "885a5f5c-30e7-4aa7-b194-97178fd8f563", "data": [{"text": "Which lower division courses are offered in the ", "userDefined": false}, {"meta": "@QUARTER", "alias": "QUARTER", "text": "Spring", "userDefined": false}, {"text": "?", "userDefined": false}], "count": 0, "isTemplate": false}, {"id": "f570f25a-40e0-478b-bdae-75707bc1ef61", "data": [{"text": "Which lower division courses are offered in the ", "userDefined": false}, {"meta": "@QUARTER", "alias": "QUARTER", "text": "Winter", "userDefined": false}, {"text": "?", "userDefined": false}], "count": 0, "isTemplate": false}, {"id": "c3e73b6e-5680-4abd-8893-01a5cf88b755", "data": [{"text": "Which lower division courses are offered in the ", "userDefined": false}, {"meta": "@QUARTER", "alias": "QUARTER", "text": "Autumn", "userDefined": false}, {"text": "?", "userDefined": false}], "count": 0, "isTemplate": false}, {"id": "4aae5067-1779-49ed-bf8b-a9cc4b67ef43", "data": [{"text": "Which lower division courses are offered in the ", "userDefined": false}, {"meta": "@QUARTER", "alias": "QUARTER", "text": "Summer", "userDefined": false}, {"text": "?", "userDefined": false}], "count": 0, "isTemplate": false}, {"id": "6d829287-f2a1-4112-9348-176a40acb223", "data": [{"text": "Which lower division courses are offered in the ", "userDefined": false}, {"meta": "@QUARTER", "alias": "QUARTER", "text": "Summer", "userDefined": false}, {"text": "?", "userDefined": false}], "count": 0, "isTemplate": false}, {"id": "ff210710-2136-4419-b6d5-aa9aeb8c0d39", "data": [{"text": "Which lower division courses are offered in the ", "userDefined": false}, {"meta": "@QUARTER", "alias": "QUARTER", "text": "Spring", "userDefined": false}, {"text": "?", "userDefined": false}], "count": 0, "isTemplate": false}, {"id": "76b5a681-1e23-4122-897c-4a013da79494", "data": [{"text": "Which lower division courses are offered in the ", "userDefined": false}, {"meta": "@QUARTER", "alias": "QUARTER", "text": "Summer", "userDefined": false}, {"text": "?", "userDefined": false}], "count": 0, "isTemplate": false}, {"id": "02b79315-04c6-45e9-a2cc-95a44380c031", "data": [{"text": "Which lower division courses are offered in the ", "userDefined": false}, {"meta": "@QUARTER", "alias": "QUARTER", "text": "Autumn", "userDefined": false}, {"text": "?", "userDefined": false}], "count": 0, "isTemplate": false}, {"id": "00c4db2d-3dd9-434d-aa66-e5229c9c91e0", "data": [{"text": "What lower division classes are offered in ", "userDefined": false}, {"meta": "@QUARTER", "alias": "QUARTER", "text": "Summer", "userDefined": false}, {"text": "?", "userDefined": false}], "count": 0, "isTemplate": false}, {"id": "b2b44490-a545-497b-b5ea-aee50a998a96", "data": [{"text": "What lower division classes are offered in ", "userDefined": false}, {"meta": "@QUARTER", "alias": "QUARTER", "text": "Autumn", "userDefined": false}, {"text": "?", "userDefined": false}], "count": 0, "isTemplate": false}, {"id": "74fbd1d8-baab-4e2a-985f-e25bb9661a21", "data": [{"text": "What lower division classes are offered in ", "userDefined": false}, {"meta": "@QUARTER", "alias": "QUARTER", "text": "Winter", "userDefined": false}, {"text": "?", "userDefined": false}], "count": 0, "isTemplate": false}, {"id": "4197e58b-bd36-4fe4-9fea-8f3acfdd7096", "data": [{"text": "What lower division classes are offered in ", "userDefined": false}, {"meta": "@QUARTER", "alias": "QUARTER", "text": "Summer", "userDefined": false}, {"text": "?", "userDefined": false}], "count": 0, "isTemplate": false}, {"id": "ff31d101-2335-4c66-9ef7-f07494512bbf", "data": [{"text": "What lower division classes are offered in ", "userDefined": false}, {"meta": "@QUARTER", "alias": "QUARTER", "text": "Summer", "userDefined": false}, {"text": "?", "userDefined": false}], "count": 0, "isTemplate": false}, {"id": "e3b863e9-4777-447e-bb14-2094b1d1a2a9", "data": [{"text": "What lower division classes are offered in ", "userDefined": false}, {"meta": "@QUARTER", "alias": "QUARTER", "text": "Summer", "userDefined": false}, {"text": "?", "userDefined": false}], "count": 0, "isTemplate": false}, {"id": "55a319ed-b672-472e-8be1-a91ee78abb91", "data": [{"text": "What lower division classes are offered in ", "userDefined": false}, {"meta": "@QUARTER", "alias": "QUARTER", "text": "Winter", "userDefined": false}, {"text": "?", "userDefined": false}], "count": 0, "isTemplate": false}, {"id": "f306c7e6-9644-4076-9ef1-4fc8bc000893", "data": [{"text": "What lower division classes are offered in ", "userDefined": false}, {"meta": "@QUARTER", "alias": "QUARTER", "text": "Summer", "userDefined": false}, {"text": "?", "userDefined": false}], "count": 0, "isTemplate": false}, {"id": "30bfea77-b29b-4b4b-a4f1-375a0e1e2ea8", "data": [{"text": "What lower division classes are offered in ", "userDefined": false}, {"meta": "@QUARTER", "alias": "QUARTER", "text": "Spring", "userDefined": false}, {"text": "?", "userDefined": false}], "count": 0, "isTemplate": false}, {"id": "101cacb4-4e84-40e0-89c4-7e9912f3563b", "data": [{"text": "What lower division classes are offered in ", "userDefined": false}, {"meta": "@QUARTER", "alias": "QUARTER", "text": "Winter", "userDefined": false}, {"text": "?", "userDefined": false}], "count": 0, "isTemplate": false}, {"id": "668a7e61-7c58-4683-8e95-dd64effab1c7", "data": [{"text": "What lower division classes are available in the ", "userDefined": false}, {"meta": "@QUARTER", "alias": "QUARTER", "text": "Spring", "userDefined": false}, {"text": "?", "userDefined": false}], "count": 0, "isTemplate": false}, {"id": "e3320e89-1026-4cde-b8ad-c86b3dcf0e53", "data": [{"text": "What lower division classes are available in the ", "userDefined": false}, {"meta": "@QUARTER", "alias": "QUARTER", "text": "Winter", "userDefined": false}, {"text": "?", "userDefined": false}], "count": 0, "isTemplate": false}, {"id": "ff98b00d-ce88-4eac-ab94-aac488340b7b", "data": [{"text": "What lower division classes are available in the ", "userDefined": false}, {"meta": "@QUARTER", "alias": "QUARTER", "text": "Summer", "userDefined": false}, {"text": "?", "userDefined": false}], "count": 0, "isTemplate": false}, {"id": "29aca2d5-8775-4728-8457-9af15ef67672", "data": [{"text": "What lower division classes are available in the ", "userDefined": false}, {"meta": "@QUARTER", "alias": "QUARTER", "text": "Summer", "userDefined": false}, {"text": "?", "userDefined": false}], "count": 0, "isTemplate": false}, {"id": "b451fcfa-2a73-4c71-a7c4-0d65d822221f", "data": [{"text": "What lower division classes are available in the ", "userDefined": false}, {"meta": "@QUARTER", "alias": "QUARTER", "text": "Summer", "userDefined": false}, {"text": "?", "userDefined": false}], "count": 0, "isTemplate": false}, {"id": "ecb40d04-87b3-4242-ab8b-1b70c85d2226", "data": [{"text": "What lower division classes are available in the ", "userDefined": false}, {"meta": "@QUARTER", "alias": "QUARTER", "text": "Summer", "userDefined": false}, {"text": "?", "userDefined": false}], "count": 0, "isTemplate": false}, {"id": "28007ea7-c3b1-44ce-8140-6408c06556ed", "data": [{"text": "What lower division classes are available in the ", "userDefined": false}, {"meta": "@QUARTER", "alias": "QUARTER", "text": "Fall", "userDefined": false}, {"text": "?", "userDefined": false}], "count": 0, "isTemplate": false}, {"id": "cf4820ad-6897-4bb4-85d6-6ace3199c701", "data": [{"text": "What lower division classes are available in the ", "userDefined": false}, {"meta": "@QUARTER", "alias": "QUARTER", "text": "Summer", "userDefined": false}, {"text": "?", "userDefined": false}], "count": 0, "isTemplate": false}, {"id": "edc66aa9-b996-450b-be94-7748767f4bda", "data": [{"text": "What lower division classes are available in the ", "userDefined": false}, {"meta": "@QUARTER", "alias": "QUARTER", "text": "Summer", "userDefined": false}, {"text": "?", "userDefined": false}], "count": 0, "isTemplate": false}, {"id": "d03894df-61a0-4918-bd3f-f8432894384a", "data": [{"text": "What lower division classes are available in the ", "userDefined": false}, {"meta": "@QUARTER", "alias": "QUARTER", "text": "Spring", "userDefined": false}, {"text": "?", "userDefined": false}], "count": 0, "isTemplate": false}, {"id": "55e5715c-560d-4e88-be1e-baf68300f50f", "data": [{"text": "Which lower division courses are offered in ", "userDefined": false}, {"meta": "@QUARTER", "alias": "QUARTER", "text": "Fall", "userDefined": false}, {"text": "?", "userDefined": false}], "count": 0, "isTemplate": false}, {"id": "d8f2d4a7-f370-4ba9-b97b-704280a22f11", "data": [{"text": "Which lower division courses are offered in ", "userDefined": false}, {"meta": "@QUARTER", "alias": "QUARTER", "text": "Fall", "userDefined": false}, {"text": "?", "userDefined": false}], "count": 0, "isTemplate": false}, {"id": "352e3cf7-fa30-41f0-91b4-03715009cdba", "data": [{"text": "Which lower division courses are offered in ", "userDefined": false}, {"meta": "@QUARTER", "alias": "QUARTER", "text": "Winter", "userDefined": false}, {"text": "?", "userDefined": false}], "count": 0, "isTemplate": false}, {"id": "a3e0c2f1-ba71-4e8b-96ab-ea6119625856", "data": [{"text": "Which lower division courses are offered in ", "userDefined": false}, {"meta": "@QUARTER", "alias": "QUARTER", "text": "Winter", "userDefined": false}, {"text": "?", "userDefined": false}], "count": 0, "isTemplate": false}, {"id": "e3d2e874-d5ba-464b-81d9-03a5c206dc0e", "data": [{"text": "Which lower division courses are offered in ", "userDefined": false}, {"meta": "@QUARTER", "alias": "QUARTER", "text": "Winter", "userDefined": false}, {"text": "?", "userDefined": false}], "count": 0, "isTemplate": false}, {"id": "bf3aaad5-96c8-409b-aa1d-280bcdf5e935", "data": [{"text": "Which lower division courses are offered in ", "userDefined": false}, {"meta": "@QUARTER", "alias": "QUARTER", "text": "Fall", "userDefined": false}, {"text": "?", "userDefined": false}], "count": 0, "isTemplate": false}, {"id": "a6ef2bf4-cbe2-43cf-a442-9f2f50c9433c", "data": [{"text": "Which lower division courses are offered in ", "userDefined": false}, {"meta": "@QUARTER", "alias": "QUARTER", "text": "Fall", "userDefined": false}, {"text": "?", "userDefined": false}], "count": 0, "isTemplate": false}, {"id": "5e585bfa-0338-4d48-871b-756e8fd8c685", "data": [{"text": "Which lower division courses are offered in ", "userDefined": false}, {"meta": "@QUARTER", "alias": "QUARTER", "text": "Fall", "userDefined": false}, {"text": "?", "userDefined": false}], "count": 0, "isTemplate": false}, {"id": "a9ce1a28-25ab-446d-a36c-9424fc436f1f", "data": [{"text": "Which lower division courses are offered in ", "userDefined": false}, {"meta": "@QUARTER", "alias": "QUARTER", "text": "Winter", "userDefined": false}, {"text": "?", "userDefined": false}], "count": 0, "isTemplate": false}, {"id": "a2ed37be-b227-410a-84b1-3773c6d879cb", "data": [{"text": "Which lower division courses are offered in ", "userDefined": false}, {"meta": "@QUARTER", "alias": "QUARTER", "text": "Spring", "userDefined": false}, {"text": "?", "userDefined": false}], "count": 0, "isTemplate": false}]