[{"count": 0, "data": [{"userDefined": false, "text": "Does "}, {"userDefined": false, "meta": "@QUARTER", "alias": "QUARTER", "text": "Spring"}, {"userDefined": false, "text": " offer any upper division classes?"}], "isTemplate": false, "id": "4f828b40-af1f-466f-8b91-1122a976e6e9"}, {"count": 0, "data": [{"userDefined": false, "text": "Are there upper division courses offered in the "}, {"userDefined": false, "meta": "@QUARTER", "alias": "QUARTER", "text": "Spring"}, {"userDefined": false, "text": "?"}], "isTemplate": false, "id": "a326361b-458c-4bb3-ae6d-c272cfd6dd5d"}, {"count": 0, "data": [{"userDefined": false, "text": "Are upper division courses offered in "}, {"userDefined": false, "meta": "@QUARTER", "alias": "QUARTER", "text": "Fall"}, {"userDefined": false, "text": "?"}], "isTemplate": false, "id": "98131f49-03e9-42ef-a4b4-67e29ccaf7e8"}, {"count": 0, "data": [{"userDefined": false, "text": "Are there any upper division courses offered in "}, {"userDefined": false, "meta": "@QUARTER", "alias": "QUARTER", "text": "Spring"}, {"userDefined": false, "text": " quarter"}], "isTemplate": false, "id": "302225bd-a4c5-4db2-9611-a2935509a52f"}, {"count": 0, "data": [{"userDefined": false, "text": "Does "}, {"userDefined": false, "meta": "@QUARTER", "alias": "QUARTER", "text": "Summer"}, {"userDefined": false, "text": " offer any upper division courses?"}], "isTemplate": false, "id": "5bd51470-dd14-4e92-a618-501520703cb3"}]