[{"id": "c1ef0aeb-4eab-49eb-9bad-f4ae3bf3daf5", "data": [{"text": "Which upper division classes are offered in ", "userDefined": false}, {"meta": "@QUARTER", "alias": "QUARTER", "text": "Autumn", "userDefined": false}, {"text": "?", "userDefined": false}], "count": 0, "isTemplate": false}, {"id": "3cd1e103-1204-49cb-81e2-06542a80d379", "data": [{"text": "Which upper division classes are offered in ", "userDefined": false}, {"meta": "@QUARTER", "alias": "QUARTER", "text": "Summer", "userDefined": false}, {"text": "?", "userDefined": false}], "count": 0, "isTemplate": false}, {"id": "df2f15c5-3cd7-4937-b5d1-8f201a7506ef", "data": [{"text": "Which upper division classes are offered in ", "userDefined": false}, {"meta": "@QUARTER", "alias": "QUARTER", "text": "Summer", "userDefined": false}, {"text": "?", "userDefined": false}], "count": 0, "isTemplate": false}, {"id": "25bc42f3-1e0b-4887-bdea-2ef2c1929bf5", "data": [{"text": "Which upper division classes are offered in ", "userDefined": false}, {"meta": "@QUARTER", "alias": "QUARTER", "text": "Winter", "userDefined": false}, {"text": "?", "userDefined": false}], "count": 0, "isTemplate": false}, {"id": "d2d7de78-cad0-4e2f-bb11-7569215252c3", "data": [{"text": "Which upper division classes are offered in ", "userDefined": false}, {"meta": "@QUARTER", "alias": "QUARTER", "text": "Summer", "userDefined": false}, {"text": "?", "userDefined": false}], "count": 0, "isTemplate": false}, {"id": "6c24b029-ba02-4a23-a557-06a12a63c401", "data": [{"text": "Which upper division classes are offered in ", "userDefined": false}, {"meta": "@QUARTER", "alias": "QUARTER", "text": "Spring", "userDefined": false}, {"text": "?", "userDefined": false}], "count": 0, "isTemplate": false}, {"id": "ecf644c2-4e54-4083-b728-6059d878c59a", "data": [{"text": "Which upper division classes are offered in ", "userDefined": false}, {"meta": "@QUARTER", "alias": "QUARTER", "text": "Spring", "userDefined": false}, {"text": "?", "userDefined": false}], "count": 0, "isTemplate": false}, {"id": "024012e8-d371-479e-a924-296a373c1b84", "data": [{"text": "Which upper division classes are offered in ", "userDefined": false}, {"meta": "@QUARTER", "alias": "QUARTER", "text": "Spring", "userDefined": false}, {"text": "?", "userDefined": false}], "count": 0, "isTemplate": false}, {"id": "6becd093-39d4-4f4a-bec4-3c392f29c6d6", "data": [{"text": "Which upper division classes are offered in ", "userDefined": false}, {"meta": "@QUARTER", "alias": "QUARTER", "text": "Spring", "userDefined": false}, {"text": "?", "userDefined": false}], "count": 0, "isTemplate": false}, {"id": "4d2e5433-4aaf-4f99-ab9d-38da22ba3356", "data": [{"text": "Which upper division classes are offered in ", "userDefined": false}, {"meta": "@QUARTER", "alias": "QUARTER", "text": "Fall", "userDefined": false}, {"text": "?", "userDefined": false}], "count": 0, "isTemplate": false}, {"id": "7e8c3bc7-1d93-41ed-86e8-871167141bad", "data": [{"text": "Which upper division courses are offered in the ", "userDefined": false}, {"meta": "@QUARTER", "alias": "QUARTER", "text": "Spring", "userDefined": false}, {"text": "?", "userDefined": false}], "count": 0, "isTemplate": false}, {"id": "7e481096-1c1b-4c17-b88a-bcf359967462", "data": [{"text": "Which upper division courses are offered in the ", "userDefined": false}, {"meta": "@QUARTER", "alias": "QUARTER", "text": "Summer", "userDefined": false}, {"text": "?", "userDefined": false}], "count": 0, "isTemplate": false}, {"id": "4dd1503c-1d35-4290-901b-3a41395e5e67", "data": [{"text": "Which upper division courses are offered in the ", "userDefined": false}, {"meta": "@QUARTER", "alias": "QUARTER", "text": "Spring", "userDefined": false}, {"text": "?", "userDefined": false}], "count": 0, "isTemplate": false}, {"id": "6b3248c7-d00f-47c1-9045-e25bddc9e902", "data": [{"text": "Which upper division courses are offered in the ", "userDefined": false}, {"meta": "@QUARTER", "alias": "QUARTER", "text": "Spring", "userDefined": false}, {"text": "?", "userDefined": false}], "count": 0, "isTemplate": false}, {"id": "a77b1e0e-97de-49ab-b572-d3d7ef2e2d7c", "data": [{"text": "Which upper division courses are offered in the ", "userDefined": false}, {"meta": "@QUARTER", "alias": "QUARTER", "text": "Fall", "userDefined": false}, {"text": "?", "userDefined": false}], "count": 0, "isTemplate": false}, {"id": "275aaa15-de51-4feb-8bfd-69043c95c0e7", "data": [{"text": "Which upper division courses are offered in the ", "userDefined": false}, {"meta": "@QUARTER", "alias": "QUARTER", "text": "Spring", "userDefined": false}, {"text": "?", "userDefined": false}], "count": 0, "isTemplate": false}, {"id": "7c85f0ab-7753-4d1a-8152-96fea9de1292", "data": [{"text": "Which upper division courses are offered in the ", "userDefined": false}, {"meta": "@QUARTER", "alias": "QUARTER", "text": "Summer", "userDefined": false}, {"text": "?", "userDefined": false}], "count": 0, "isTemplate": false}, {"id": "0daada5d-714e-4e98-bbef-2bf780748ffe", "data": [{"text": "Which upper division courses are offered in the ", "userDefined": false}, {"meta": "@QUARTER", "alias": "QUARTER", "text": "Winter", "userDefined": false}, {"text": "?", "userDefined": false}], "count": 0, "isTemplate": false}, {"id": "c4c0a14f-ff92-4040-bd1e-cb25a1f9fcc2", "data": [{"text": "Which upper division courses are offered in the ", "userDefined": false}, {"meta": "@QUARTER", "alias": "QUARTER", "text": "Summer", "userDefined": false}, {"text": "?", "userDefined": false}], "count": 0, "isTemplate": false}, {"id": "a2c3019e-8c9f-4d68-abca-b6d9ee432fdf", "data": [{"text": "Which upper division courses are offered in the ", "userDefined": false}, {"meta": "@QUARTER", "alias": "QUARTER", "text": "Summer", "userDefined": false}, {"text": "?", "userDefined": false}], "count": 0, "isTemplate": false}, {"id": "77008bb5-dd1c-46fb-84a0-8795e7e034d8", "data": [{"text": "In ", "userDefined": false}, {"meta": "@QUARTER", "alias": "QUARTER", "text": "Fall", "userDefined": false}, {"text": ", what upper division classes are offered?", "userDefined": false}], "count": 0, "isTemplate": false}, {"id": "966f185d-96ed-43b8-9322-85b4f8ad483d", "data": [{"text": "In ", "userDefined": false}, {"meta": "@QUARTER", "alias": "QUARTER", "text": "Autumn", "userDefined": false}, {"text": ", what upper division classes are offered?", "userDefined": false}], "count": 0, "isTemplate": false}, {"id": "c4efb898-03aa-4024-a5c0-128557039d4b", "data": [{"text": "In ", "userDefined": false}, {"meta": "@QUARTER", "alias": "QUARTER", "text": "Summer", "userDefined": false}, {"text": ", what upper division classes are offered?", "userDefined": false}], "count": 0, "isTemplate": false}, {"id": "bee63017-1a77-4ba7-8df1-3cf439e54bce", "data": [{"text": "In ", "userDefined": false}, {"meta": "@QUARTER", "alias": "QUARTER", "text": "Spring", "userDefined": false}, {"text": ", what upper division classes are offered?", "userDefined": false}], "count": 0, "isTemplate": false}, {"id": "c84cd265-10ee-4fda-8d87-d73ab5f06c5d", "data": [{"text": "In ", "userDefined": false}, {"meta": "@QUARTER", "alias": "QUARTER", "text": "Fall", "userDefined": false}, {"text": ", what upper division classes are offered?", "userDefined": false}], "count": 0, "isTemplate": false}, {"id": "5acfb370-30f6-4dbf-acaf-5aa83ab95f7d", "data": [{"text": "In ", "userDefined": false}, {"meta": "@QUARTER", "alias": "QUARTER", "text": "Spring", "userDefined": false}, {"text": ", what upper division classes are offered?", "userDefined": false}], "count": 0, "isTemplate": false}, {"id": "7c3d35b7-3864-4f45-af44-7aaeefa1d579", "data": [{"text": "In ", "userDefined": false}, {"meta": "@QUARTER", "alias": "QUARTER", "text": "Autumn", "userDefined": false}, {"text": ", what upper division classes are offered?", "userDefined": false}], "count": 0, "isTemplate": false}, {"id": "17d76907-7cfc-4c5f-bb61-b4939c977630", "data": [{"text": "In ", "userDefined": false}, {"meta": "@QUARTER", "alias": "QUARTER", "text": "Fall", "userDefined": false}, {"text": ", what upper division classes are offered?", "userDefined": false}], "count": 0, "isTemplate": false}, {"id": "69cd1d2a-254c-48fe-a94f-9bc73cbec1ee", "data": [{"text": "In ", "userDefined": false}, {"meta": "@QUARTER", "alias": "QUARTER", "text": "Fall", "userDefined": false}, {"text": ", what upper division classes are offered?", "userDefined": false}], "count": 0, "isTemplate": false}, {"id": "98f5e602-5d0d-4958-a331-4de38b390550", "data": [{"text": "In ", "userDefined": false}, {"meta": "@QUARTER", "alias": "QUARTER", "text": "Winter", "userDefined": false}, {"text": ", what upper division classes are offered?", "userDefined": false}], "count": 0, "isTemplate": false}, {"id": "4cd2cca5-8fca-4573-bf96-5501a703b110", "data": [{"text": "What upper division classes are offered in ", "userDefined": false}, {"meta": "@QUARTER", "alias": "QUARTER", "text": "Spring", "userDefined": false}, {"text": " quarter?", "userDefined": false}], "count": 0, "isTemplate": false}, {"id": "7f6519f3-2b22-4c72-a191-74519a276474", "data": [{"text": "What upper division classes are offered in ", "userDefined": false}, {"meta": "@QUARTER", "alias": "QUARTER", "text": "Autumn", "userDefined": false}, {"text": " quarter?", "userDefined": false}], "count": 0, "isTemplate": false}, {"id": "4e4af6d6-d269-4afc-9ace-ec9f751934fa", "data": [{"text": "What upper division classes are offered in ", "userDefined": false}, {"meta": "@QUARTER", "alias": "QUARTER", "text": "Winter", "userDefined": false}, {"text": " quarter?", "userDefined": false}], "count": 0, "isTemplate": false}, {"id": "178551fc-0c17-4b23-b808-5d4f5d598276", "data": [{"text": "What upper division classes are offered in ", "userDefined": false}, {"meta": "@QUARTER", "alias": "QUARTER", "text": "Winter", "userDefined": false}, {"text": " quarter?", "userDefined": false}], "count": 0, "isTemplate": false}, {"id": "66597ade-65d1-4ea2-bf0b-e04771888d77", "data": [{"text": "What upper division classes are offered in ", "userDefined": false}, {"meta": "@QUARTER", "alias": "QUARTER", "text": "Autumn", "userDefined": false}, {"text": " quarter?", "userDefined": false}], "count": 0, "isTemplate": false}, {"id": "da7325a9-9473-4b78-ac79-3c29697ebbef", "data": [{"text": "What upper division classes are offered in ", "userDefined": false}, {"meta": "@QUARTER", "alias": "QUARTER", "text": "Fall", "userDefined": false}, {"text": " quarter?", "userDefined": false}], "count": 0, "isTemplate": false}, {"id": "e6865108-cb95-4f6c-8a95-5de537a6635c", "data": [{"text": "What upper division classes are offered in ", "userDefined": false}, {"meta": "@QUARTER", "alias": "QUARTER", "text": "Fall", "userDefined": false}, {"text": " quarter?", "userDefined": false}], "count": 0, "isTemplate": false}, {"id": "f1090d6f-635c-4062-aff2-c1f6b08fa4ec", "data": [{"text": "What upper division classes are offered in ", "userDefined": false}, {"meta": "@QUARTER", "alias": "QUARTER", "text": "Summer", "userDefined": false}, {"text": " quarter?", "userDefined": false}], "count": 0, "isTemplate": false}, {"id": "ea16de67-78ce-4613-b29d-dc89c6d2fe3f", "data": [{"text": "What upper division classes are offered in ", "userDefined": false}, {"meta": "@QUARTER", "alias": "QUARTER", "text": "Winter", "userDefined": false}, {"text": " quarter?", "userDefined": false}], "count": 0, "isTemplate": false}, {"id": "526982be-cc3b-4953-a772-65c36510f69a", "data": [{"text": "What upper division classes are offered in ", "userDefined": false}, {"meta": "@QUARTER", "alias": "QUARTER", "text": "Summer", "userDefined": false}, {"text": " quarter?", "userDefined": false}], "count": 0, "isTemplate": false}, {"id": "3031bf14-f014-4539-b715-c88d9f31dcc2", "data": [{"text": "Which upper division courses are offered in ", "userDefined": false}, {"meta": "@QUARTER", "alias": "QUARTER", "text": "Winter", "userDefined": false}, {"text": "?", "userDefined": false}], "count": 0, "isTemplate": false}, {"id": "6cb2d5ff-f94f-4ea5-940b-58010007126d", "data": [{"text": "Which upper division courses are offered in ", "userDefined": false}, {"meta": "@QUARTER", "alias": "QUARTER", "text": "Winter", "userDefined": false}, {"text": "?", "userDefined": false}], "count": 0, "isTemplate": false}, {"id": "64a6f133-3c37-4ae5-b372-0c1804fe8a8d", "data": [{"text": "Which upper division courses are offered in ", "userDefined": false}, {"meta": "@QUARTER", "alias": "QUARTER", "text": "Winter", "userDefined": false}, {"text": "?", "userDefined": false}], "count": 0, "isTemplate": false}, {"id": "4e67a8ab-5147-4592-8ac1-686ffb95b5db", "data": [{"text": "Which upper division courses are offered in ", "userDefined": false}, {"meta": "@QUARTER", "alias": "QUARTER", "text": "Winter", "userDefined": false}, {"text": "?", "userDefined": false}], "count": 0, "isTemplate": false}, {"id": "fb65c59e-8d0c-4acc-abfc-6046c411486a", "data": [{"text": "Which upper division courses are offered in ", "userDefined": false}, {"meta": "@QUARTER", "alias": "QUARTER", "text": "Spring", "userDefined": false}, {"text": "?", "userDefined": false}], "count": 0, "isTemplate": false}, {"id": "01119b21-4eb1-41d0-a6ec-4a04dcc9a262", "data": [{"text": "Which upper division courses are offered in ", "userDefined": false}, {"meta": "@QUARTER", "alias": "QUARTER", "text": "Summer", "userDefined": false}, {"text": "?", "userDefined": false}], "count": 0, "isTemplate": false}, {"id": "2bc664d8-1c76-402d-be8a-eb83d6e420cf", "data": [{"text": "Which upper division courses are offered in ", "userDefined": false}, {"meta": "@QUARTER", "alias": "QUARTER", "text": "Spring", "userDefined": false}, {"text": "?", "userDefined": false}], "count": 0, "isTemplate": false}, {"id": "8a788ce5-091b-40dd-85d2-96d21a589ad3", "data": [{"text": "Which upper division courses are offered in ", "userDefined": false}, {"meta": "@QUARTER", "alias": "QUARTER", "text": "Summer", "userDefined": false}, {"text": "?", "userDefined": false}], "count": 0, "isTemplate": false}, {"id": "0509226a-eb28-4408-af0f-eb9156518ee5", "data": [{"text": "Which upper division courses are offered in ", "userDefined": false}, {"meta": "@QUARTER", "alias": "QUARTER", "text": "Summer", "userDefined": false}, {"text": "?", "userDefined": false}], "count": 0, "isTemplate": false}, {"id": "6562d30b-65cf-4190-afb9-c3fec38bcd34", "data": [{"text": "Which upper division courses are offered in ", "userDefined": false}, {"meta": "@QUARTER", "alias": "QUARTER", "text": "Winter", "userDefined": false}, {"text": "?", "userDefined": false}], "count": 0, "isTemplate": false}]