[{"count": 0, "data": [{"userDefined": false, "text": "Which lower division classes are offered in "}, {"userDefined": false, "meta": "@QUARTER", "alias": "QUARTER", "text": "Autumn"}, {"userDefined": false, "text": "?"}], "isTemplate": false, "id": "20c1460d-7774-456b-832f-345121fd35b4"}, {"count": 0, "data": [{"userDefined": false, "text": "Which lower division courses are offered in "}, {"userDefined": false, "meta": "@QUARTER", "alias": "QUARTER", "text": "Winter"}, {"userDefined": false, "text": " quarter?"}], "isTemplate": false, "id": "de72a4e9-6f7d-4127-b6d7-c30c0f7f2c5b"}, {"count": 0, "data": [{"userDefined": false, "text": "Which lower division courses are offered in the "}, {"userDefined": false, "meta": "@QUARTER", "alias": "QUARTER", "text": "Winter"}, {"userDefined": false, "text": "?"}], "isTemplate": false, "id": "61764063-1e95-40ff-993b-d873146266f4"}, {"count": 0, "data": [{"userDefined": false, "text": "What lower division classes are offered in "}, {"userDefined": false, "meta": "@QUARTER", "alias": "QUARTER", "text": "Winter"}, {"userDefined": false, "text": "?"}], "isTemplate": false, "id": "f672877f-2a41-4d1e-9e25-872e7366c343"}, {"count": 0, "data": [{"userDefined": false, "text": "What lower division classes are available in the "}, {"userDefined": false, "meta": "@QUARTER", "alias": "QUARTER", "text": "Summer"}, {"userDefined": false, "text": "?"}], "isTemplate": false, "id": "77c9be8c-e0e6-4ca5-95c1-ab69bf30897b"}, {"count": 0, "data": [{"userDefined": false, "text": "Which lower division courses are offered in "}, {"userDefined": false, "meta": "@QUARTER", "alias": "QUARTER", "text": "Autumn"}, {"userDefined": false, "text": "?"}], "isTemplate": false, "id": "c3efa09a-94c1-4fa1-b569-92f3035a69ee"}]