[
  {
    "id": "a23b558f-573d-443a-a315-a34696e5bb15",
    "data": [
      {
        "text": "What quarter is ",
        "userDefined": false
      },
      {
        "text": "csc 357",
        "alias": "CLASS_NAME",
        "meta": "@CLASS_NAME",
        "userDefined": false
      },
      {
        "text": " offered?",
        "userDefined": false
      }
    ],
    "isTemplate": false,
    "count": 0
  },
  {
    "id": "7d13b770-f322-4268-be63-0d3ea8c0ea3d",
    "data": [
      {
        "text": "When\u0027s ",
        "userDefined": false
      },
      {
        "text": "system programming",
        "alias": "CLASS_NAME",
        "meta": "@CLASS_NAME",
        "userDefined": false
      },
      {
        "text": " offered?",
        "userDefined": false
      }
    ],
    "isTemplate": false,
    "count": 0
  },
  {
    "id": "5320a094-939b-4626-ae98-c6b3c08d0f71",
    "data": [
      {
        "text": "When is ",
        "userDefined": false
      },
      {
        "text": "csc 202",
        "alias": "CLASS_NAME",
        "meta": "@CLASS_NAME",
        "userDefined": false
      },
      {
        "text": " offered?",
        "userDefined": false
      }
    ],
    "isTemplate": false,
    "count": 0
  },
  {
    "id": "cd8d4688-a5bb-4496-87f0-f4678dedd31c",
    "data": [
      {
        "text": "When is ",
        "userDefined": false
      },
      {
        "text": "csc 101",
        "alias": "CLASS_NAME",
        "meta": "@CLASS_NAME",
        "userDefined": false
      },
      {
        "text": " typically offered?",
        "userDefined": false
      }
    ],
    "isTemplate": false,
    "count": 0
  },
  {
    "id": "6b6557c1-d5c1-4ad9-87a4-759bef8cdc9d",
    "data": [
      {
        "text": "What terms is ",
        "userDefined": false
      },
      {
        "text": "systems programming",
        "alias": "CLASS_NAME",
        "meta": "@CLASS_NAME",
        "userDefined": false
      },
      {
        "text": " typically offered?",
        "userDefined": false
      }
    ],
    "isTemplate": false,
    "count": 0
  }
]