[{"count": 0, "data": [{"userDefined": false, "text": "Are "}, {"userDefined": false, "meta": "@COURSE_LEVEL", "alias": "COURSE_LEVEL", "text": "100"}, {"userDefined": false, "text": " classes are offered in "}, {"userDefined": false, "meta": "@QUARTER", "alias": "QUARTER", "text": "Winter"}, {"userDefined": false, "text": "?"}], "isTemplate": false, "id": "49398fb6-6eb9-44e6-887f-20b540aed51e"}, {"count": 0, "data": [{"userDefined": false, "text": "Are "}, {"userDefined": false, "meta": "@COURSE_LEVEL", "alias": "COURSE_LEVEL", "text": "two hundred"}, {"userDefined": false, "text": " courses are offered in the "}, {"userDefined": false, "meta": "@QUARTER", "alias": "QUARTER", "text": "Autumn"}, {"userDefined": false, "text": "?"}], "isTemplate": false, "id": "e345726b-20b5-4aa2-9642-5d73f25f0a05"}, {"count": 0, "data": [{"userDefined": false, "text": "Are "}, {"userDefined": false, "meta": "@COURSE_LEVEL", "alias": "COURSE_LEVEL", "text": "100"}, {"userDefined": false, "text": " courses are offered in "}, {"userDefined": false, "meta": "@QUARTER", "alias": "QUARTER", "text": "Spring"}, {"userDefined": false, "text": " quarter?"}], "isTemplate": false, "id": "438c7eab-65f5-4a4a-a9f9-9e1e5338518e"}, {"count": 0, "data": [{"userDefined": false, "text": "In "}, {"userDefined": false, "meta": "@QUARTER", "alias": "QUARTER", "text": "Winter"}, {"userDefined": false, "text": " quarter, are "}, {"userDefined": false, "meta": "@COURSE_LEVEL", "alias": "COURSE_LEVEL", "text": "three hundred"}, {"userDefined": false, "text": " classes are offered?"}], "isTemplate": false, "id": "97164ded-9922-4042-8e04-76cf3a20aa13"}, {"count": 0, "data": [{"userDefined": false, "text": "Are "}, {"userDefined": false, "meta": "@COURSE_LEVEL", "alias": "COURSE_LEVEL", "text": "three hundred"}, {"userDefined": false, "text": " classes are available in "}, {"userDefined": false, "meta": "@QUARTER", "alias": "QUARTER", "text": "Spring"}, {"userDefined": false, "text": "?"}], "isTemplate": false, "id": "c1fa4475-98ba-46c2-bc1c-f991e1531ff8"}, {"count": 0, "data": [{"userDefined": false, "text": "Are "}, {"userDefined": false, "meta": "@COURSE_LEVEL", "alias": "COURSE_LEVEL", "text": "two hundred"}, {"userDefined": false, "text": " courses are available in the "}, {"userDefined": false, "meta": "@QUARTER", "alias": "QUARTER", "text": "Winter"}, {"userDefined": false, "text": "?"}], "isTemplate": false, "id": "95bd2d5e-ae84-4296-b81c-58a99996a573"}, {"count": 0, "data": [{"userDefined": false, "text": "Are "}, {"userDefined": false, "meta": "@COURSE_LEVEL", "alias": "COURSE_LEVEL", "text": "100"}, {"userDefined": false, "text": " courses are available in "}, {"userDefined": false, "meta": "@QUARTER", "alias": "QUARTER", "text": "Fall"}, {"userDefined": false, "text": " quarter?"}], "isTemplate": false, "id": "4accdef2-c3ad-4d8b-a9d0-4f26e733f236"}, {"count": 0, "data": [{"userDefined": false, "text": "In "}, {"userDefined": false, "meta": "@QUARTER", "alias": "QUARTER", "text": "Winter"}, {"userDefined": false, "text": " quarter, are "}, {"userDefined": false, "meta": "@COURSE_LEVEL", "alias": "COURSE_LEVEL", "text": "100"}, {"userDefined": false, "text": " classes are available?"}], "isTemplate": false, "id": "7befde47-c518-4de1-a19a-8880886dcd35"}, {"count": 0, "data": [{"userDefined": false, "text": "Does "}, {"userDefined": false, "meta": "@QUARTER", "alias": "QUARTER", "text": "Summer"}, {"userDefined": false, "text": " offer any "}, {"userDefined": false, "meta": "@COURSE_LEVEL", "alias": "COURSE_LEVEL", "text": "three hundred"}, {"userDefined": false, "text": " courses?"}], "isTemplate": false, "id": "2924c163-479f-415b-b1a2-520b2dceb580"}]