[{"count": 0, "data": [{"userDefined": false, "text": "Which quarter typically offers the least "}, {"userDefined": false, "meta": "@COURSE_LEVEL", "alias": "COURSE_LEVEL", "text": "three hundred"}, {"userDefined": false, "text": " courses?"}], "isTemplate": false, "id": "7cdb30cf-8c91-4bed-b541-15ac4096743d"}, {"count": 0, "data": [{"userDefined": false, "text": "Which quarter typically offers the least "}, {"userDefined": false, "meta": "@COURSE_LEVEL", "alias": "COURSE_LEVEL", "text": "two hundred"}, {"userDefined": false, "text": " classes?"}], "isTemplate": false, "id": "91ab0ee2-b3b2-47a3-bb6b-41e6823f4324"}, {"count": 0, "data": [{"userDefined": false, "text": "In what term are the least "}, {"userDefined": false, "meta": "@COURSE_LEVEL", "alias": "COURSE_LEVEL", "text": "100"}, {"userDefined": false, "text": " classes offered?"}], "isTemplate": false, "id": "f0a38736-df13-49bc-b5d9-3cb16db06d6c"}, {"count": 0, "data": [{"userDefined": false, "text": "In what term are the least "}, {"userDefined": false, "meta": "@COURSE_LEVEL", "alias": "COURSE_LEVEL", "text": "100"}, {"userDefined": false, "text": " courses offered?"}], "isTemplate": false, "id": "1cc12a8d-cf16-4d26-bf2e-5aff8916bb02"}, {"count": 0, "data": [{"userDefined": false, "text": "When are the least "}, {"userDefined": false, "meta": "@COURSE_LEVEL", "alias": "COURSE_LEVEL", "text": "100"}, {"userDefined": false, "text": " classes offered?"}], "isTemplate": false, "id": "d26e3eb3-d3b9-4107-94f1-f7e9eb574c1c"}, {"count": 0, "data": [{"userDefined": false, "text": "When are the least "}, {"userDefined": false, "meta": "@COURSE_LEVEL", "alias": "COURSE_LEVEL", "text": "two hundred"}, {"userDefined": false, "text": " courses offered?"}], "isTemplate": false, "id": "4e37a7c5-9fd9-4971-b809-37927ecd6389"}, {"count": 0, "data": [{"userDefined": false, "text": "Which term typically offers the least "}, {"userDefined": false, "meta": "@COURSE_LEVEL", "alias": "COURSE_LEVEL", "text": "one hundred"}, {"userDefined": false, "text": " level courses?"}], "isTemplate": false, "id": "6bd1f19a-e8ba-4c7c-b1f0-baa691eb9cab"}]