[{"id": "12aa105d-89dc-4378-ae2b-e2bca6c0df90", "data": [{"text": "When is ", "userDefined": false}, {"meta": "@CLASS_NAME", "alias": "CLASS_NAME", "text": "CSC 290", "userDefined": false}, {"text": " typically offered?", "userDefined": false}], "count": 0, "isTemplate": false}, {"id": "00d5faf9-f6f0-4b72-9bd1-abb3100b38d8", "data": [{"text": "When is ", "userDefined": false}, {"meta": "@CLASS_NAME", "alias": "CLASS_NAME", "text": "CSC 566", "userDefined": false}, {"text": " typically offered?", "userDefined": false}], "count": 0, "isTemplate": false}, {"id": "94f064c8-9137-4a5f-a8a5-9200024e2483", "data": [{"text": "When is ", "userDefined": false}, {"meta": "@CLASS_NAME", "alias": "CLASS_NAME", "text": "CSC 481", "userDefined": false}, {"text": " typically offered?", "userDefined": false}], "count": 0, "isTemplate": false}, {"id": "5d573865-8ca1-4693-8ccf-4c188bc9223b", "data": [{"text": "When is ", "userDefined": false}, {"meta": "@CLASS_NAME", "alias": "CLASS_NAME", "text": "computer graphics", "userDefined": false}, {"text": " typically offered?", "userDefined": false}], "count": 0, "isTemplate": false}, {"id": "c2d58d62-7cc8-452a-afe3-a88ec92c14a1", "data": [{"text": "When is ", "userDefined": false}, {"meta": "@CLASS_NAME", "alias": "CLASS_NAME", "text": "software evaluation", "userDefined": false}, {"text": " typically offered?", "userDefined": false}], "count": 0, "isTemplate": false}, {"id": "5351a36d-9eb9-476f-a7a1-52036f84bf95", "data": [{"text": "When is ", "userDefined": false}, {"meta": "@CLASS_NAME", "alias": "CLASS_NAME", "text": "research-in computer science i", "userDefined": false}, {"text": " typically offered?", "userDefined": false}], "count": 0, "isTemplate": false}, {"id": "700b6cb3-62d1-4a9f-874a-09e36b0fc307", "data": [{"text": "When is ", "userDefined": false}, {"meta": "@CLASS_NAME", "alias": "CLASS_NAME", "text": "CSC 595", "userDefined": false}, {"text": " typically offered?", "userDefined": false}], "count": 0, "isTemplate": false}, {"id": "fea1a1b9-f280-4bb4-92a1-175bdf2b7705", "data": [{"text": "When is ", "userDefined": false}, {"meta": "@CLASS_NAME", "alias": "CLASS_NAME", "text": "CSC 466", "userDefined": false}, {"text": " typically offered?", "userDefined": false}], "count": 0, "isTemplate": false}, {"id": "a122a902-0fb9-4c25-ad4b-e8f003b2a8d1", "data": [{"text": "When is ", "userDefined": false}, {"meta": "@CLASS_NAME", "alias": "CLASS_NAME", "text": "CSC 453", "userDefined": false}, {"text": " typically offered?", "userDefined": false}], "count": 0, "isTemplate": false}, {"id": "97c72734-f1a4-4659-add0-1a29efd7a1a5", "data": [{"text": "When is ", "userDefined": false}, {"meta": "@CLASS_NAME", "alias": "CLASS_NAME", "text": "CSC 231", "userDefined": false}, {"text": " typically offered?", "userDefined": false}], "count": 0, "isTemplate": false}, {"id": "9be0004a-93fe-4663-ab9c-bac4579b2f6d", "data": [{"text": "When is ", "userDefined": false}, {"meta": "@CLASS_NAME", "alias": "CLASS_NAME", "text": "current topics-in human-computer interaction", "userDefined": false}, {"text": " offered?", "userDefined": false}], "count": 0, "isTemplate": false}, {"id": "ecbd06a8-034c-4957-bd05-317dc6e577b5", "data": [{"text": "When is ", "userDefined": false}, {"meta": "@CLASS_NAME", "alias": "CLASS_NAME", "text": "advanced rendering techniques", "userDefined": false}, {"text": " offered?", "userDefined": false}], "count": 0, "isTemplate": false}, {"id": "e01e8023-f043-47af-a301-23b7085b74d6", "data": [{"text": "When is ", "userDefined": false}, {"meta": "@CLASS_NAME", "alias": "CLASS_NAME", "text": "personal software process", "userDefined": false}, {"text": " offered?", "userDefined": false}], "count": 0, "isTemplate": false}, {"id": "03f6bafc-37bd-4067-89f2-b5bde6ee3a2b", "data": [{"text": "When is ", "userDefined": false}, {"meta": "@CLASS_NAME", "alias": "CLASS_NAME", "text": "CSC 101", "userDefined": false}, {"text": " offered?", "userDefined": false}], "count": 0, "isTemplate": false}, {"id": "13f69d6b-ae4b-421a-bcfb-0641f833dec1", "data": [{"text": "When is ", "userDefined": false}, {"meta": "@CLASS_NAME", "alias": "CLASS_NAME", "text": "CSC 564", "userDefined": false}, {"text": " offered?", "userDefined": false}], "count": 0, "isTemplate": false}, {"id": "d89d0e83-44ee-46d6-bb3f-199540f8b3ca", "data": [{"text": "When is ", "userDefined": false}, {"meta": "@CLASS_NAME", "alias": "CLASS_NAME", "text": "computer support-for knowledge management", "userDefined": false}, {"text": " offered?", "userDefined": false}], "count": 0, "isTemplate": false}, {"id": "dbbcdd27-f9a7-4a2e-908a-8c41d8dfb9a6", "data": [{"text": "When is ", "userDefined": false}, {"meta": "@CLASS_NAME", "alias": "CLASS_NAME", "text": "computational art", "userDefined": false}, {"text": " offered?", "userDefined": false}], "count": 0, "isTemplate": false}, {"id": "e422c056-b088-4c3a-8040-34e1c18a499e", "data": [{"text": "When is ", "userDefined": false}, {"meta": "@CLASS_NAME", "alias": "CLASS_NAME", "text": "current topics-in computer graphics", "userDefined": false}, {"text": " offered?", "userDefined": false}], "count": 0, "isTemplate": false}, {"id": "4221ac23-7a5b-4df9-b071-c0db29f62cad", "data": [{"text": "When is ", "userDefined": false}, {"meta": "@CLASS_NAME", "alias": "CLASS_NAME", "text": "introduction-to software engineering", "userDefined": false}, {"text": " offered?", "userDefined": false}], "count": 0, "isTemplate": false}, {"id": "49ac3a32-5ade-465e-a2fa-be06a3edbebc", "data": [{"text": "When is ", "userDefined": false}, {"meta": "@CLASS_NAME", "alias": "CLASS_NAME", "text": "CSC 477", "userDefined": false}, {"text": " offered?", "userDefined": false}], "count": 0, "isTemplate": false}, {"id": "5377bf41-7ef7-405f-bac1-d4e66f003188", "data": [{"text": "When's ", "userDefined": false}, {"meta": "@CLASS_NAME", "alias": "CLASS_NAME", "text": "CSC 311", "userDefined": false}, {"text": " offered?", "userDefined": false}], "count": 0, "isTemplate": false}, {"id": "e6ff2df7-f28e-4258-8e1e-02354adc2bb4", "data": [{"text": "When's ", "userDefined": false}, {"meta": "@CLASS_NAME", "alias": "CLASS_NAME", "text": "CSC 429", "userDefined": false}, {"text": " offered?", "userDefined": false}], "count": 0, "isTemplate": false}, {"id": "25861ff4-bdb0-4b42-9026-1acd1458b6ca", "data": [{"text": "When's ", "userDefined": false}, {"meta": "@CLASS_NAME", "alias": "CLASS_NAME", "text": "teaching computer science", "userDefined": false}, {"text": " offered?", "userDefined": false}], "count": 0, "isTemplate": false}, {"id": "e29c8e61-1db1-4392-9639-713cc10b5cfe", "data": [{"text": "When's ", "userDefined": false}, {"meta": "@CLASS_NAME", "alias": "CLASS_NAME", "text": "software engineering ii", "userDefined": false}, {"text": " offered?", "userDefined": false}], "count": 0, "isTemplate": false}, {"id": "8f0d0ba0-aa82-4670-8e0c-574eacf38261", "data": [{"text": "When's ", "userDefined": false}, {"meta": "@CLASS_NAME", "alias": "CLASS_NAME", "text": "bioinformatics algorithms", "userDefined": false}, {"text": " offered?", "userDefined": false}], "count": 0, "isTemplate": false}, {"id": "caee0e87-3671-43a4-abeb-c3a996c4c7db", "data": [{"text": "When's ", "userDefined": false}, {"meta": "@CLASS_NAME", "alias": "CLASS_NAME", "text": "programming languages", "userDefined": false}, {"text": " offered?", "userDefined": false}], "count": 0, "isTemplate": false}, {"id": "5d587ec5-856a-4800-81a3-840e5a7888ba", "data": [{"text": "When's ", "userDefined": false}, {"meta": "@CLASS_NAME", "alias": "CLASS_NAME", "text": "CSC 490", "userDefined": false}, {"text": " offered?", "userDefined": false}], "count": 0, "isTemplate": false}, {"id": "b06fef83-c49d-4f3c-8c2f-0c60580956e6", "data": [{"text": "When's ", "userDefined": false}, {"meta": "@CLASS_NAME", "alias": "CLASS_NAME", "text": "distributed systems", "userDefined": false}, {"text": " offered?", "userDefined": false}], "count": 0, "isTemplate": false}, {"id": "d6ace1d7-f91e-47d3-8d14-515b17d11cf9", "data": [{"text": "When's ", "userDefined": false}, {"meta": "@CLASS_NAME", "alias": "CLASS_NAME", "text": "computer security", "userDefined": false}, {"text": " offered?", "userDefined": false}], "count": 0, "isTemplate": false}, {"id": "930d7c66-2541-4118-b497-5025a988750b", "data": [{"text": "When's ", "userDefined": false}, {"meta": "@CLASS_NAME", "alias": "CLASS_NAME", "text": "special problems-for undergraduates", "userDefined": false}, {"text": " offered?", "userDefined": false}], "count": 0, "isTemplate": false}, {"id": "a48a4ef8-7d09-4fce-9864-f43f9ee0b71c", "data": [{"text": "What quarter is ", "userDefined": false}, {"meta": "@CLASS_NAME", "alias": "CLASS_NAME", "text": "selected topics", "userDefined": false}, {"text": " offered?", "userDefined": false}], "count": 0, "isTemplate": false}, {"id": "8bd5ceeb-7c6a-4977-b9c0-680dabea3b51", "data": [{"text": "What quarter is ", "userDefined": false}, {"meta": "@CLASS_NAME", "alias": "CLASS_NAME", "text": "CSC 590", "userDefined": false}, {"text": " offered?", "userDefined": false}], "count": 0, "isTemplate": false}, {"id": "c93ccf58-872d-4f71-a4ae-072cdbd38bd6", "data": [{"text": "What quarter is ", "userDefined": false}, {"meta": "@CLASS_NAME", "alias": "CLASS_NAME", "text": "CSC 232", "userDefined": false}, {"text": " offered?", "userDefined": false}], "count": 0, "isTemplate": false}, {"id": "7833cb5d-a9db-4864-86e4-df79d3f4e284", "data": [{"text": "What quarter is ", "userDefined": false}, {"meta": "@CLASS_NAME", "alias": "CLASS_NAME", "text": "introduction-to database systems", "userDefined": false}, {"text": " offered?", "userDefined": false}], "count": 0, "isTemplate": false}, {"id": "7448452d-ee63-410a-a517-dd429fa47e4d", "data": [{"text": "What quarter is ", "userDefined": false}, {"meta": "@CLASS_NAME", "alias": "CLASS_NAME", "text": "introduction-to computer security", "userDefined": false}, {"text": " offered?", "userDefined": false}], "count": 0, "isTemplate": false}, {"id": "ad2c33a2-a0d8-4336-ae8f-2fe3e4a19507", "data": [{"text": "What quarter is ", "userDefined": false}, {"meta": "@CLASS_NAME", "alias": "CLASS_NAME", "text": "CSC 378", "userDefined": false}, {"text": " offered?", "userDefined": false}], "count": 0, "isTemplate": false}, {"id": "b3e81f88-ea61-40c1-b54d-d2b7a5e1dd2f", "data": [{"text": "What quarter is ", "userDefined": false}, {"meta": "@CLASS_NAME", "alias": "CLASS_NAME", "text": "data structures", "userDefined": false}, {"text": " offered?", "userDefined": false}], "count": 0, "isTemplate": false}, {"id": "bbe81b5e-27d0-41cf-93a4-5b361b6abefd", "data": [{"text": "What quarter is ", "userDefined": false}, {"meta": "@CLASS_NAME", "alias": "CLASS_NAME", "text": "CSC 234", "userDefined": false}, {"text": " offered?", "userDefined": false}], "count": 0, "isTemplate": false}, {"id": "32160238-2613-4ecc-8eb6-17311740efae", "data": [{"text": "What quarter is ", "userDefined": false}, {"meta": "@CLASS_NAME", "alias": "CLASS_NAME", "text": "CSC 489", "userDefined": false}, {"text": " offered?", "userDefined": false}], "count": 0, "isTemplate": false}, {"id": "a44ec1dc-b5ff-4591-8b5b-477f345302b6", "data": [{"text": "What quarter is ", "userDefined": false}, {"meta": "@CLASS_NAME", "alias": "CLASS_NAME", "text": "CSC 594", "userDefined": false}, {"text": " offered?", "userDefined": false}], "count": 0, "isTemplate": false}, {"id": "663739c1-c6d9-4c36-a015-f23ad47870ba", "data": [{"text": "What terms is ", "userDefined": false}, {"meta": "@CLASS_NAME", "alias": "CLASS_NAME", "text": "special problems", "userDefined": false}, {"text": " typically offered?", "userDefined": false}], "count": 0, "isTemplate": false}, {"id": "54a7eaf2-9a5c-483f-b8c6-ea523d2d4a43", "data": [{"text": "What terms is ", "userDefined": false}, {"meta": "@CLASS_NAME", "alias": "CLASS_NAME", "text": "software evaluation", "userDefined": false}, {"text": " typically offered?", "userDefined": false}], "count": 0, "isTemplate": false}, {"id": "88be2f9e-18b4-4bb2-9075-70af850efd95", "data": [{"text": "What terms is ", "userDefined": false}, {"meta": "@CLASS_NAME", "alias": "CLASS_NAME", "text": "CSC 595", "userDefined": false}, {"text": " typically offered?", "userDefined": false}], "count": 0, "isTemplate": false}, {"id": "53f2a611-935b-42e1-8d40-a15df461e24b", "data": [{"text": "What terms is ", "userDefined": false}, {"meta": "@CLASS_NAME", "alias": "CLASS_NAME", "text": "game design", "userDefined": false}, {"text": " typically offered?", "userDefined": false}], "count": 0, "isTemplate": false}, {"id": "4fe6f5d0-80c3-4748-9b90-b59c8c33e97f", "data": [{"text": "What terms is ", "userDefined": false}, {"meta": "@CLASS_NAME", "alias": "CLASS_NAME", "text": "computing-for interactive arts capstone ii", "userDefined": false}, {"text": " typically offered?", "userDefined": false}], "count": 0, "isTemplate": false}, {"id": "52eda299-c5d6-4ca2-a700-66a98b4acba4", "data": [{"text": "What terms is ", "userDefined": false}, {"meta": "@CLASS_NAME", "alias": "CLASS_NAME", "text": "CSC 466", "userDefined": false}, {"text": " typically offered?", "userDefined": false}], "count": 0, "isTemplate": false}, {"id": "9ea82d70-7351-44f4-88b7-9876bcf0fbf0", "data": [{"text": "What terms is ", "userDefined": false}, {"meta": "@CLASS_NAME", "alias": "CLASS_NAME", "text": "computer networks: research topics", "userDefined": false}, {"text": " typically offered?", "userDefined": false}], "count": 0, "isTemplate": false}, {"id": "3bef6e92-7466-483c-a6ea-78c348fbc989", "data": [{"text": "What terms is ", "userDefined": false}, {"meta": "@CLASS_NAME", "alias": "CLASS_NAME", "text": "individual software design-and development", "userDefined": false}, {"text": " typically offered?", "userDefined": false}], "count": 0, "isTemplate": false}, {"id": "c20d1237-3a8d-40c2-9035-42be0a554e99", "data": [{"text": "What terms is ", "userDefined": false}, {"meta": "@CLASS_NAME", "alias": "CLASS_NAME", "text": "CSC 469", "userDefined": false}, {"text": " typically offered?", "userDefined": false}], "count": 0, "isTemplate": false}, {"id": "b26e7071-d186-46cb-8ccf-f428da1fa620", "data": [{"text": "What terms is ", "userDefined": false}, {"meta": "@CLASS_NAME", "alias": "CLASS_NAME", "text": "CSC 572", "userDefined": false}, {"text": " typically offered?", "userDefined": false}], "count": 0, "isTemplate": false}]