[{"count": 0, "data": [{"userDefined": false, "text": "Which term usually has the most course variety?"}], "isTemplate": false, "id": "6d7a04ac-6523-483f-b41d-fa261d091909"}, {"count": 0, "data": [{"userDefined": false, "text": "Which term offers the most class variety?"}], "isTemplate": false, "id": "65ea3a46-9f7c-40fe-b0a4-df2f0e5d14d8"}, {"count": 0, "data": [{"userDefined": false, "text": "Which term has the most class variety?"}], "isTemplate": false, "id": "641697be-4413-488e-a98b-cad4946f7fc2"}, {"count": 0, "data": [{"userDefined": false, "text": "Which quarter typically offers the most course variety?"}], "isTemplate": false, "id": "7f5858a3-d496-46f3-af8e-46a15c52ed01"}, {"count": 0, "data": [{"userDefined": false, "text": "Which quarter usually has the most course variety?"}], "isTemplate": false, "id": "887340c0-f6c8-4d7b-8f1c-0bd82a4b3506"}, {"count": 0, "data": [{"userDefined": false, "text": "Which quarter offers the most class variety?"}], "isTemplate": false, "id": "3220dfc1-b91d-4311-8ba9-2393b90c91fa"}, {"count": 0, "data": [{"userDefined": false, "text": "Which quarter has the most class variety?"}], "isTemplate": false, "id": "ec796976-aa99-4f25-8c47-055e4c96c5fa"}, {"count": 0, "data": [{"userDefined": false, "text": "Which term typically offers the most course variety?"}], "isTemplate": false, "id": "576d64ee-f679-43a2-92c6-e959a8209892"}]