[{"id": "6695b7cc-9aab-4240-8bf5-ab25fd98b53a", "data": [{"text": "Are ", "userDefined": false}, {"meta": "@COURSE_LEVEL", "alias": "COURSE_LEVEL", "text": "300 level", "userDefined": false}, {"text": " classes are offered in ", "userDefined": false}, {"meta": "@QUARTER", "alias": "QUARTER", "text": "Summer", "userDefined": false}, {"text": "?", "userDefined": false}], "count": 0, "isTemplate": false}, {"id": "4abd051a-89ff-426c-8c97-1702ef5ee67e", "data": [{"text": "Are ", "userDefined": false}, {"meta": "@COURSE_LEVEL", "alias": "COURSE_LEVEL", "text": "one hundred", "userDefined": false}, {"text": " classes are offered in ", "userDefined": false}, {"meta": "@QUARTER", "alias": "QUARTER", "text": "Spring", "userDefined": false}, {"text": "?", "userDefined": false}], "count": 0, "isTemplate": false}, {"id": "1facc6a0-f0c3-4c5e-a3e2-62ebd16747d6", "data": [{"text": "Are ", "userDefined": false}, {"meta": "@COURSE_LEVEL", "alias": "COURSE_LEVEL", "text": "300", "userDefined": false}, {"text": " classes are offered in ", "userDefined": false}, {"meta": "@QUARTER", "alias": "QUARTER", "text": "Summer", "userDefined": false}, {"text": "?", "userDefined": false}], "count": 0, "isTemplate": false}, {"id": "f0fee8ec-fe7d-4caa-ad38-6b51d69cdd02", "data": [{"text": "Are ", "userDefined": false}, {"meta": "@COURSE_LEVEL", "alias": "COURSE_LEVEL", "text": "300", "userDefined": false}, {"text": " classes are offered in ", "userDefined": false}, {"meta": "@QUARTER", "alias": "QUARTER", "text": "Fall", "userDefined": false}, {"text": "?", "userDefined": false}], "count": 0, "isTemplate": false}, {"id": "fd225058-b709-4f5f-971b-2ae3701bc649", "data": [{"text": "Are ", "userDefined": false}, {"meta": "@COURSE_LEVEL", "alias": "COURSE_LEVEL", "text": "one hundred", "userDefined": false}, {"text": " classes are offered in ", "userDefined": false}, {"meta": "@QUARTER", "alias": "QUARTER", "text": "Summer", "userDefined": false}, {"text": "?", "userDefined": false}], "count": 0, "isTemplate": false}, {"id": "ad28b074-b92b-4c02-befc-4743cf70d60f", "data": [{"text": "Are ", "userDefined": false}, {"meta": "@COURSE_LEVEL", "alias": "COURSE_LEVEL", "text": "500 level", "userDefined": false}, {"text": " classes are offered in ", "userDefined": false}, {"meta": "@QUARTER", "alias": "QUARTER", "text": "Spring", "userDefined": false}, {"text": "?", "userDefined": false}], "count": 0, "isTemplate": false}, {"id": "373d1af6-f944-405c-ab97-1ff09d2bb96f", "data": [{"text": "Are ", "userDefined": false}, {"meta": "@COURSE_LEVEL", "alias": "COURSE_LEVEL", "text": "four hundred level", "userDefined": false}, {"text": " classes are offered in ", "userDefined": false}, {"meta": "@QUARTER", "alias": "QUARTER", "text": "Spring", "userDefined": false}, {"text": "?", "userDefined": false}], "count": 0, "isTemplate": false}, {"id": "cfc77e21-96ef-498f-8dd2-bdca6fececea", "data": [{"text": "Are ", "userDefined": false}, {"meta": "@COURSE_LEVEL", "alias": "COURSE_LEVEL", "text": "three hundred", "userDefined": false}, {"text": " classes are offered in ", "userDefined": false}, {"meta": "@QUARTER", "alias": "QUARTER", "text": "Summer", "userDefined": false}, {"text": "?", "userDefined": false}], "count": 0, "isTemplate": false}, {"id": "f045a0d2-fba3-460c-a9c8-21dc7609b93d", "data": [{"text": "Are ", "userDefined": false}, {"meta": "@COURSE_LEVEL", "alias": "COURSE_LEVEL", "text": "500 level", "userDefined": false}, {"text": " classes are offered in ", "userDefined": false}, {"meta": "@QUARTER", "alias": "QUARTER", "text": "Winter", "userDefined": false}, {"text": "?", "userDefined": false}], "count": 0, "isTemplate": false}, {"id": "ba0c0fdf-ad9e-457d-88b5-e010cf52ac7e", "data": [{"text": "Are ", "userDefined": false}, {"meta": "@COURSE_LEVEL", "alias": "COURSE_LEVEL", "text": "three hundred level", "userDefined": false}, {"text": " classes are offered in ", "userDefined": false}, {"meta": "@QUARTER", "alias": "QUARTER", "text": "Winter", "userDefined": false}, {"text": "?", "userDefined": false}], "count": 0, "isTemplate": false}, {"id": "4f12de08-10ab-4a67-8150-a6cf5ee82c4f", "data": [{"text": "Are ", "userDefined": false}, {"meta": "@COURSE_LEVEL", "alias": "COURSE_LEVEL", "text": "200", "userDefined": false}, {"text": " courses are offered in the ", "userDefined": false}, {"meta": "@QUARTER", "alias": "QUARTER", "text": "Winter", "userDefined": false}, {"text": "?", "userDefined": false}], "count": 0, "isTemplate": false}, {"id": "51165c6c-7c88-410b-a8d4-1bd32f383e59", "data": [{"text": "Are ", "userDefined": false}, {"meta": "@COURSE_LEVEL", "alias": "COURSE_LEVEL", "text": "three hundred level", "userDefined": false}, {"text": " courses are offered in the ", "userDefined": false}, {"meta": "@QUARTER", "alias": "QUARTER", "text": "Summer", "userDefined": false}, {"text": "?", "userDefined": false}], "count": 0, "isTemplate": false}, {"id": "1cab4de4-b2f6-4026-a78d-403e37074097", "data": [{"text": "Are ", "userDefined": false}, {"meta": "@COURSE_LEVEL", "alias": "COURSE_LEVEL", "text": "one hundred level", "userDefined": false}, {"text": " courses are offered in the ", "userDefined": false}, {"meta": "@QUARTER", "alias": "QUARTER", "text": "Fall", "userDefined": false}, {"text": "?", "userDefined": false}], "count": 0, "isTemplate": false}, {"id": "6e5e6841-48e6-48bf-b583-2f200fa80226", "data": [{"text": "Are ", "userDefined": false}, {"meta": "@COURSE_LEVEL", "alias": "COURSE_LEVEL", "text": "400", "userDefined": false}, {"text": " courses are offered in the ", "userDefined": false}, {"meta": "@QUARTER", "alias": "QUARTER", "text": "Winter", "userDefined": false}, {"text": "?", "userDefined": false}], "count": 0, "isTemplate": false}, {"id": "8de25e0f-c4f8-44ad-b323-e3de3a6e7509", "data": [{"text": "Are ", "userDefined": false}, {"meta": "@COURSE_LEVEL", "alias": "COURSE_LEVEL", "text": "three hundred level", "userDefined": false}, {"text": " courses are offered in the ", "userDefined": false}, {"meta": "@QUARTER", "alias": "QUARTER", "text": "Spring", "userDefined": false}, {"text": "?", "userDefined": false}], "count": 0, "isTemplate": false}, {"id": "a4a8f971-2d42-4364-9321-e0ac74e95263", "data": [{"text": "Are ", "userDefined": false}, {"meta": "@COURSE_LEVEL", "alias": "COURSE_LEVEL", "text": "two hundred", "userDefined": false}, {"text": " courses are offered in the ", "userDefined": false}, {"meta": "@QUARTER", "alias": "QUARTER", "text": "Spring", "userDefined": false}, {"text": "?", "userDefined": false}], "count": 0, "isTemplate": false}, {"id": "a34fbce7-4c78-4790-908f-9277fff24d8b", "data": [{"text": "Are ", "userDefined": false}, {"meta": "@COURSE_LEVEL", "alias": "COURSE_LEVEL", "text": "200", "userDefined": false}, {"text": " courses are offered in the ", "userDefined": false}, {"meta": "@QUARTER", "alias": "QUARTER", "text": "Fall", "userDefined": false}, {"text": "?", "userDefined": false}], "count": 0, "isTemplate": false}, {"id": "401c8e5c-23f6-45c4-a8ae-74628dd94fd7", "data": [{"text": "Are ", "userDefined": false}, {"meta": "@COURSE_LEVEL", "alias": "COURSE_LEVEL", "text": "100 level", "userDefined": false}, {"text": " courses are offered in the ", "userDefined": false}, {"meta": "@QUARTER", "alias": "QUARTER", "text": "Spring", "userDefined": false}, {"text": "?", "userDefined": false}], "count": 0, "isTemplate": false}, {"id": "8101c063-8c9d-45f0-9ef1-4d948e2f812f", "data": [{"text": "Are ", "userDefined": false}, {"meta": "@COURSE_LEVEL", "alias": "COURSE_LEVEL", "text": "300", "userDefined": false}, {"text": " courses are offered in the ", "userDefined": false}, {"meta": "@QUARTER", "alias": "QUARTER", "text": "Summer", "userDefined": false}, {"text": "?", "userDefined": false}], "count": 0, "isTemplate": false}, {"id": "ac2ab3c8-9fdb-4e40-af06-95180de0b5a9", "data": [{"text": "Are ", "userDefined": false}, {"meta": "@COURSE_LEVEL", "alias": "COURSE_LEVEL", "text": "200 level", "userDefined": false}, {"text": " courses are offered in the ", "userDefined": false}, {"meta": "@QUARTER", "alias": "QUARTER", "text": "Autumn", "userDefined": false}, {"text": "?", "userDefined": false}], "count": 0, "isTemplate": false}, {"id": "e7a4b35d-f599-47f2-98d2-df7a37987b48", "data": [{"text": "Are ", "userDefined": false}, {"meta": "@COURSE_LEVEL", "alias": "COURSE_LEVEL", "text": "500 level", "userDefined": false}, {"text": " courses are offered in ", "userDefined": false}, {"meta": "@QUARTER", "alias": "QUARTER", "text": "Spring", "userDefined": false}, {"text": " quarter?", "userDefined": false}], "count": 0, "isTemplate": false}, {"id": "14fdf66a-d8e0-4968-8273-4fc0161a536e", "data": [{"text": "Are ", "userDefined": false}, {"meta": "@COURSE_LEVEL", "alias": "COURSE_LEVEL", "text": "400", "userDefined": false}, {"text": " courses are offered in ", "userDefined": false}, {"meta": "@QUARTER", "alias": "QUARTER", "text": "Spring", "userDefined": false}, {"text": " quarter?", "userDefined": false}], "count": 0, "isTemplate": false}, {"id": "996f26f6-8926-481b-8c9b-903913fb5448", "data": [{"text": "Are ", "userDefined": false}, {"meta": "@COURSE_LEVEL", "alias": "COURSE_LEVEL", "text": "100 level", "userDefined": false}, {"text": " courses are offered in ", "userDefined": false}, {"meta": "@QUARTER", "alias": "QUARTER", "text": "Summer", "userDefined": false}, {"text": " quarter?", "userDefined": false}], "count": 0, "isTemplate": false}, {"id": "deb88020-dbbd-48c1-9a61-8529c74a671c", "data": [{"text": "Are ", "userDefined": false}, {"meta": "@COURSE_LEVEL", "alias": "COURSE_LEVEL", "text": "500", "userDefined": false}, {"text": " courses are offered in ", "userDefined": false}, {"meta": "@QUARTER", "alias": "QUARTER", "text": "Spring", "userDefined": false}, {"text": " quarter?", "userDefined": false}], "count": 0, "isTemplate": false}, {"id": "b8a145ce-5be8-4484-8f98-3d4ac655c45e", "data": [{"text": "Are ", "userDefined": false}, {"meta": "@COURSE_LEVEL", "alias": "COURSE_LEVEL", "text": "200 level", "userDefined": false}, {"text": " courses are offered in ", "userDefined": false}, {"meta": "@QUARTER", "alias": "QUARTER", "text": "Summer", "userDefined": false}, {"text": " quarter?", "userDefined": false}], "count": 0, "isTemplate": false}, {"id": "b4eacd36-3ef4-4b4c-8f0f-2d4ab2fe20ef", "data": [{"text": "Are ", "userDefined": false}, {"meta": "@COURSE_LEVEL", "alias": "COURSE_LEVEL", "text": "500", "userDefined": false}, {"text": " courses are offered in ", "userDefined": false}, {"meta": "@QUARTER", "alias": "QUARTER", "text": "Fall", "userDefined": false}, {"text": " quarter?", "userDefined": false}], "count": 0, "isTemplate": false}, {"id": "ab8e9c62-ae23-4a5a-a0d3-bced3483d0cf", "data": [{"text": "Are ", "userDefined": false}, {"meta": "@COURSE_LEVEL", "alias": "COURSE_LEVEL", "text": "five hundred", "userDefined": false}, {"text": " courses are offered in ", "userDefined": false}, {"meta": "@QUARTER", "alias": "QUARTER", "text": "Summer", "userDefined": false}, {"text": " quarter?", "userDefined": false}], "count": 0, "isTemplate": false}, {"id": "ed53f837-3492-495c-8183-4f4d83c97ebe", "data": [{"text": "Are ", "userDefined": false}, {"meta": "@COURSE_LEVEL", "alias": "COURSE_LEVEL", "text": "300 level", "userDefined": false}, {"text": " courses are offered in ", "userDefined": false}, {"meta": "@QUARTER", "alias": "QUARTER", "text": "Fall", "userDefined": false}, {"text": " quarter?", "userDefined": false}], "count": 0, "isTemplate": false}, {"id": "b7597e2a-8343-4617-8c5d-b15787e01b66", "data": [{"text": "Are ", "userDefined": false}, {"meta": "@COURSE_LEVEL", "alias": "COURSE_LEVEL", "text": "five hundred", "userDefined": false}, {"text": " courses are offered in ", "userDefined": false}, {"meta": "@QUARTER", "alias": "QUARTER", "text": "Spring", "userDefined": false}, {"text": " quarter?", "userDefined": false}], "count": 0, "isTemplate": false}, {"id": "b9c458a9-c4b9-47ae-9037-b6a3c92cb3a2", "data": [{"text": "Are ", "userDefined": false}, {"meta": "@COURSE_LEVEL", "alias": "COURSE_LEVEL", "text": "100", "userDefined": false}, {"text": " courses are offered in ", "userDefined": false}, {"meta": "@QUARTER", "alias": "QUARTER", "text": "Winter", "userDefined": false}, {"text": " quarter?", "userDefined": false}], "count": 0, "isTemplate": false}, {"id": "2bc7c86c-c13c-47ed-8b39-04337af33a61", "data": [{"text": "In ", "userDefined": false}, {"meta": "@QUARTER", "alias": "QUARTER", "text": "Summer", "userDefined": false}, {"text": " quarter, are ", "userDefined": false}, {"meta": "@COURSE_LEVEL", "alias": "COURSE_LEVEL", "text": "two hundred level", "userDefined": false}, {"text": " classes are offered?", "userDefined": false}], "count": 0, "isTemplate": false}, {"id": "fe8956ce-5b0e-4fcf-b1dc-dfed50d6e99c", "data": [{"text": "In ", "userDefined": false}, {"meta": "@QUARTER", "alias": "QUARTER", "text": "Autumn", "userDefined": false}, {"text": " quarter, are ", "userDefined": false}, {"meta": "@COURSE_LEVEL", "alias": "COURSE_LEVEL", "text": "100", "userDefined": false}, {"text": " classes are offered?", "userDefined": false}], "count": 0, "isTemplate": false}, {"id": "f0623bfb-66c4-4692-84d6-d1c0cbd3dc19", "data": [{"text": "In ", "userDefined": false}, {"meta": "@QUARTER", "alias": "QUARTER", "text": "Spring", "userDefined": false}, {"text": " quarter, are ", "userDefined": false}, {"meta": "@COURSE_LEVEL", "alias": "COURSE_LEVEL", "text": "four hundred level", "userDefined": false}, {"text": " classes are offered?", "userDefined": false}], "count": 0, "isTemplate": false}, {"id": "53df7e67-89f7-4b68-96d9-1ff836239104", "data": [{"text": "In ", "userDefined": false}, {"meta": "@QUARTER", "alias": "QUARTER", "text": "Summer", "userDefined": false}, {"text": " quarter, are ", "userDefined": false}, {"meta": "@COURSE_LEVEL", "alias": "COURSE_LEVEL", "text": "one hundred level", "userDefined": false}, {"text": " classes are offered?", "userDefined": false}], "count": 0, "isTemplate": false}, {"id": "6995b7e6-953d-4d53-a5e4-7a3284d50ccd", "data": [{"text": "In ", "userDefined": false}, {"meta": "@QUARTER", "alias": "QUARTER", "text": "Summer", "userDefined": false}, {"text": " quarter, are ", "userDefined": false}, {"meta": "@COURSE_LEVEL", "alias": "COURSE_LEVEL", "text": "two hundred level", "userDefined": false}, {"text": " classes are offered?", "userDefined": false}], "count": 0, "isTemplate": false}, {"id": "60fc8943-ad7c-420e-9326-d8a84a2eca4c", "data": [{"text": "In ", "userDefined": false}, {"meta": "@QUARTER", "alias": "QUARTER", "text": "Summer", "userDefined": false}, {"text": " quarter, are ", "userDefined": false}, {"meta": "@COURSE_LEVEL", "alias": "COURSE_LEVEL", "text": "three hundred", "userDefined": false}, {"text": " classes are offered?", "userDefined": false}], "count": 0, "isTemplate": false}, {"id": "d47406b6-17b0-4e1d-ba6e-a9b3a87f9cd5", "data": [{"text": "In ", "userDefined": false}, {"meta": "@QUARTER", "alias": "QUARTER", "text": "Summer", "userDefined": false}, {"text": " quarter, are ", "userDefined": false}, {"meta": "@COURSE_LEVEL", "alias": "COURSE_LEVEL", "text": "300 level", "userDefined": false}, {"text": " classes are offered?", "userDefined": false}], "count": 0, "isTemplate": false}, {"id": "ef6efc4b-8258-488c-abe3-d54edccae562", "data": [{"text": "In ", "userDefined": false}, {"meta": "@QUARTER", "alias": "QUARTER", "text": "Fall", "userDefined": false}, {"text": " quarter, are ", "userDefined": false}, {"meta": "@COURSE_LEVEL", "alias": "COURSE_LEVEL", "text": "one hundred", "userDefined": false}, {"text": " classes are offered?", "userDefined": false}], "count": 0, "isTemplate": false}, {"id": "4cad1e53-ae6d-438d-8bed-5f346ea79500", "data": [{"text": "In ", "userDefined": false}, {"meta": "@QUARTER", "alias": "QUARTER", "text": "Winter", "userDefined": false}, {"text": " quarter, are ", "userDefined": false}, {"meta": "@COURSE_LEVEL", "alias": "COURSE_LEVEL", "text": "200", "userDefined": false}, {"text": " classes are offered?", "userDefined": false}], "count": 0, "isTemplate": false}, {"id": "f8284ccd-54a1-4a47-91d9-2e3dabfcf5b0", "data": [{"text": "In ", "userDefined": false}, {"meta": "@QUARTER", "alias": "QUARTER", "text": "Summer", "userDefined": false}, {"text": " quarter, are ", "userDefined": false}, {"meta": "@COURSE_LEVEL", "alias": "COURSE_LEVEL", "text": "three hundred", "userDefined": false}, {"text": " classes are offered?", "userDefined": false}], "count": 0, "isTemplate": false}, {"id": "3e2fac7b-1df0-495b-ac7e-9d03107e0535", "data": [{"text": "Are ", "userDefined": false}, {"meta": "@COURSE_LEVEL", "alias": "COURSE_LEVEL", "text": "four hundred level", "userDefined": false}, {"text": " classes are available in ", "userDefined": false}, {"meta": "@QUARTER", "alias": "QUARTER", "text": "Spring", "userDefined": false}, {"text": "?", "userDefined": false}], "count": 0, "isTemplate": false}, {"id": "71864283-a60d-47c5-982f-c5961bbf5612", "data": [{"text": "Are ", "userDefined": false}, {"meta": "@COURSE_LEVEL", "alias": "COURSE_LEVEL", "text": "400 level", "userDefined": false}, {"text": " classes are available in ", "userDefined": false}, {"meta": "@QUARTER", "alias": "QUARTER", "text": "Spring", "userDefined": false}, {"text": "?", "userDefined": false}], "count": 0, "isTemplate": false}, {"id": "039626c6-8a3d-48a4-8e8b-618165411d5a", "data": [{"text": "Are ", "userDefined": false}, {"meta": "@COURSE_LEVEL", "alias": "COURSE_LEVEL", "text": "three hundred", "userDefined": false}, {"text": " classes are available in ", "userDefined": false}, {"meta": "@QUARTER", "alias": "QUARTER", "text": "Fall", "userDefined": false}, {"text": "?", "userDefined": false}], "count": 0, "isTemplate": false}, {"id": "05955a0c-d794-45da-9445-7873f5b866c6", "data": [{"text": "Are ", "userDefined": false}, {"meta": "@COURSE_LEVEL", "alias": "COURSE_LEVEL", "text": "400", "userDefined": false}, {"text": " classes are available in ", "userDefined": false}, {"meta": "@QUARTER", "alias": "QUARTER", "text": "Spring", "userDefined": false}, {"text": "?", "userDefined": false}], "count": 0, "isTemplate": false}, {"id": "e8a8b320-9c9f-4bfa-a7d0-0fd150490ba1", "data": [{"text": "Are ", "userDefined": false}, {"meta": "@COURSE_LEVEL", "alias": "COURSE_LEVEL", "text": "500 level", "userDefined": false}, {"text": " classes are available in ", "userDefined": false}, {"meta": "@QUARTER", "alias": "QUARTER", "text": "Fall", "userDefined": false}, {"text": "?", "userDefined": false}], "count": 0, "isTemplate": false}, {"id": "b8d8bf76-6ecb-4b60-942a-8496d6c6eac0", "data": [{"text": "Are ", "userDefined": false}, {"meta": "@COURSE_LEVEL", "alias": "COURSE_LEVEL", "text": "500 level", "userDefined": false}, {"text": " classes are available in ", "userDefined": false}, {"meta": "@QUARTER", "alias": "QUARTER", "text": "Winter", "userDefined": false}, {"text": "?", "userDefined": false}], "count": 0, "isTemplate": false}, {"id": "80f55e43-6e17-4eb8-925f-1e05bd59eaca", "data": [{"text": "Are ", "userDefined": false}, {"meta": "@COURSE_LEVEL", "alias": "COURSE_LEVEL", "text": "400 level", "userDefined": false}, {"text": " classes are available in ", "userDefined": false}, {"meta": "@QUARTER", "alias": "QUARTER", "text": "Spring", "userDefined": false}, {"text": "?", "userDefined": false}], "count": 0, "isTemplate": false}, {"id": "9c60b9f2-a40b-4f09-a2ba-e7203508c4af", "data": [{"text": "Are ", "userDefined": false}, {"meta": "@COURSE_LEVEL", "alias": "COURSE_LEVEL", "text": "one hundred level", "userDefined": false}, {"text": " classes are available in ", "userDefined": false}, {"meta": "@QUARTER", "alias": "QUARTER", "text": "Spring", "userDefined": false}, {"text": "?", "userDefined": false}], "count": 0, "isTemplate": false}, {"id": "b5b51ddf-1345-43b1-81da-70a69a856ae7", "data": [{"text": "Are ", "userDefined": false}, {"meta": "@COURSE_LEVEL", "alias": "COURSE_LEVEL", "text": "three hundred", "userDefined": false}, {"text": " classes are available in ", "userDefined": false}, {"meta": "@QUARTER", "alias": "QUARTER", "text": "Spring", "userDefined": false}, {"text": "?", "userDefined": false}], "count": 0, "isTemplate": false}, {"id": "016b9728-dfaa-4ac9-8f39-159d55fc6a6e", "data": [{"text": "Are ", "userDefined": false}, {"meta": "@COURSE_LEVEL", "alias": "COURSE_LEVEL", "text": "200 level", "userDefined": false}, {"text": " classes are available in ", "userDefined": false}, {"meta": "@QUARTER", "alias": "QUARTER", "text": "Winter", "userDefined": false}, {"text": "?", "userDefined": false}], "count": 0, "isTemplate": false}, {"id": "37667a61-9067-407a-8362-6470bf733a9e", "data": [{"text": "Are ", "userDefined": false}, {"meta": "@COURSE_LEVEL", "alias": "COURSE_LEVEL", "text": "200", "userDefined": false}, {"text": " courses are available in the ", "userDefined": false}, {"meta": "@QUARTER", "alias": "QUARTER", "text": "Winter", "userDefined": false}, {"text": "?", "userDefined": false}], "count": 0, "isTemplate": false}, {"id": "95a3007f-492d-41bd-a879-b8737fcf7941", "data": [{"text": "Are ", "userDefined": false}, {"meta": "@COURSE_LEVEL", "alias": "COURSE_LEVEL", "text": "400", "userDefined": false}, {"text": " courses are available in the ", "userDefined": false}, {"meta": "@QUARTER", "alias": "QUARTER", "text": "Fall", "userDefined": false}, {"text": "?", "userDefined": false}], "count": 0, "isTemplate": false}, {"id": "d7412124-7456-420d-9a67-fa2b5000b52a", "data": [{"text": "Are ", "userDefined": false}, {"meta": "@COURSE_LEVEL", "alias": "COURSE_LEVEL", "text": "five hundred level", "userDefined": false}, {"text": " courses are available in the ", "userDefined": false}, {"meta": "@QUARTER", "alias": "QUARTER", "text": "Winter", "userDefined": false}, {"text": "?", "userDefined": false}], "count": 0, "isTemplate": false}, {"id": "d2f08d5e-bc8f-45c7-819c-5c1e679412e3", "data": [{"text": "Are ", "userDefined": false}, {"meta": "@COURSE_LEVEL", "alias": "COURSE_LEVEL", "text": "two hundred", "userDefined": false}, {"text": " courses are available in the ", "userDefined": false}, {"meta": "@QUARTER", "alias": "QUARTER", "text": "Spring", "userDefined": false}, {"text": "?", "userDefined": false}], "count": 0, "isTemplate": false}, {"id": "4c4ee22a-8522-4682-9617-b82c1eb331b3", "data": [{"text": "Are ", "userDefined": false}, {"meta": "@COURSE_LEVEL", "alias": "COURSE_LEVEL", "text": "four hundred level", "userDefined": false}, {"text": " courses are available in the ", "userDefined": false}, {"meta": "@QUARTER", "alias": "QUARTER", "text": "Fall", "userDefined": false}, {"text": "?", "userDefined": false}], "count": 0, "isTemplate": false}, {"id": "3f937c76-fbb2-45ac-89c6-3dffe1b903f9", "data": [{"text": "Are ", "userDefined": false}, {"meta": "@COURSE_LEVEL", "alias": "COURSE_LEVEL", "text": "four hundred level", "userDefined": false}, {"text": " courses are available in the ", "userDefined": false}, {"meta": "@QUARTER", "alias": "QUARTER", "text": "Spring", "userDefined": false}, {"text": "?", "userDefined": false}], "count": 0, "isTemplate": false}, {"id": "8d66c10f-5308-40c5-859c-320a35fad8a6", "data": [{"text": "Are ", "userDefined": false}, {"meta": "@COURSE_LEVEL", "alias": "COURSE_LEVEL", "text": "three hundred", "userDefined": false}, {"text": " courses are available in the ", "userDefined": false}, {"meta": "@QUARTER", "alias": "QUARTER", "text": "Autumn", "userDefined": false}, {"text": "?", "userDefined": false}], "count": 0, "isTemplate": false}, {"id": "4fccb345-4045-403b-8c1e-799cefb659fb", "data": [{"text": "Are ", "userDefined": false}, {"meta": "@COURSE_LEVEL", "alias": "COURSE_LEVEL", "text": "200", "userDefined": false}, {"text": " courses are available in the ", "userDefined": false}, {"meta": "@QUARTER", "alias": "QUARTER", "text": "Autumn", "userDefined": false}, {"text": "?", "userDefined": false}], "count": 0, "isTemplate": false}, {"id": "e70a380f-b79a-4138-9184-b72a9890643d", "data": [{"text": "Are ", "userDefined": false}, {"meta": "@COURSE_LEVEL", "alias": "COURSE_LEVEL", "text": "500 level", "userDefined": false}, {"text": " courses are available in the ", "userDefined": false}, {"meta": "@QUARTER", "alias": "QUARTER", "text": "Winter", "userDefined": false}, {"text": "?", "userDefined": false}], "count": 0, "isTemplate": false}, {"id": "9da53642-253b-4f41-9847-b121ff8ee56b", "data": [{"text": "Are ", "userDefined": false}, {"meta": "@COURSE_LEVEL", "alias": "COURSE_LEVEL", "text": "four hundred level", "userDefined": false}, {"text": " courses are available in the ", "userDefined": false}, {"meta": "@QUARTER", "alias": "QUARTER", "text": "Autumn", "userDefined": false}, {"text": "?", "userDefined": false}], "count": 0, "isTemplate": false}, {"id": "d6f3fd48-eb70-433c-a8e7-cdd3d8e9f6ed", "data": [{"text": "Are ", "userDefined": false}, {"meta": "@COURSE_LEVEL", "alias": "COURSE_LEVEL", "text": "500 level", "userDefined": false}, {"text": " courses are available in ", "userDefined": false}, {"meta": "@QUARTER", "alias": "QUARTER", "text": "Summer", "userDefined": false}, {"text": " quarter?", "userDefined": false}], "count": 0, "isTemplate": false}, {"id": "024d85e5-7015-4b1d-9bde-104be99f6d5a", "data": [{"text": "Are ", "userDefined": false}, {"meta": "@COURSE_LEVEL", "alias": "COURSE_LEVEL", "text": "100", "userDefined": false}, {"text": " courses are available in ", "userDefined": false}, {"meta": "@QUARTER", "alias": "QUARTER", "text": "Fall", "userDefined": false}, {"text": " quarter?", "userDefined": false}], "count": 0, "isTemplate": false}, {"id": "d1655172-ef82-4d86-b5f6-3b622aeb2f60", "data": [{"text": "Are ", "userDefined": false}, {"meta": "@COURSE_LEVEL", "alias": "COURSE_LEVEL", "text": "400", "userDefined": false}, {"text": " courses are available in ", "userDefined": false}, {"meta": "@QUARTER", "alias": "QUARTER", "text": "Spring", "userDefined": false}, {"text": " quarter?", "userDefined": false}], "count": 0, "isTemplate": false}, {"id": "7a1c0536-b3d4-46c9-a77f-09bead755d88", "data": [{"text": "Are ", "userDefined": false}, {"meta": "@COURSE_LEVEL", "alias": "COURSE_LEVEL", "text": "400", "userDefined": false}, {"text": " courses are available in ", "userDefined": false}, {"meta": "@QUARTER", "alias": "QUARTER", "text": "Winter", "userDefined": false}, {"text": " quarter?", "userDefined": false}], "count": 0, "isTemplate": false}, {"id": "fee02c47-da95-4281-8cd0-4fbf576dedc9", "data": [{"text": "Are ", "userDefined": false}, {"meta": "@COURSE_LEVEL", "alias": "COURSE_LEVEL", "text": "500 level", "userDefined": false}, {"text": " courses are available in ", "userDefined": false}, {"meta": "@QUARTER", "alias": "QUARTER", "text": "Fall", "userDefined": false}, {"text": " quarter?", "userDefined": false}], "count": 0, "isTemplate": false}, {"id": "a484b3e0-57ad-4f0d-981f-e44e8bbd8b07", "data": [{"text": "Are ", "userDefined": false}, {"meta": "@COURSE_LEVEL", "alias": "COURSE_LEVEL", "text": "one hundred", "userDefined": false}, {"text": " courses are available in ", "userDefined": false}, {"meta": "@QUARTER", "alias": "QUARTER", "text": "Spring", "userDefined": false}, {"text": " quarter?", "userDefined": false}], "count": 0, "isTemplate": false}, {"id": "986ed53b-662b-4337-804a-208dad5fbdea", "data": [{"text": "Are ", "userDefined": false}, {"meta": "@COURSE_LEVEL", "alias": "COURSE_LEVEL", "text": "two hundred", "userDefined": false}, {"text": " courses are available in ", "userDefined": false}, {"meta": "@QUARTER", "alias": "QUARTER", "text": "Fall", "userDefined": false}, {"text": " quarter?", "userDefined": false}], "count": 0, "isTemplate": false}, {"id": "6dac5c4b-5020-48fc-bc79-2d27f338c075", "data": [{"text": "Are ", "userDefined": false}, {"meta": "@COURSE_LEVEL", "alias": "COURSE_LEVEL", "text": "one hundred", "userDefined": false}, {"text": " courses are available in ", "userDefined": false}, {"meta": "@QUARTER", "alias": "QUARTER", "text": "Winter", "userDefined": false}, {"text": " quarter?", "userDefined": false}], "count": 0, "isTemplate": false}, {"id": "b9791b7d-2875-4064-85f3-8c3d02d2301c", "data": [{"text": "Are ", "userDefined": false}, {"meta": "@COURSE_LEVEL", "alias": "COURSE_LEVEL", "text": "100 level", "userDefined": false}, {"text": " courses are available in ", "userDefined": false}, {"meta": "@QUARTER", "alias": "QUARTER", "text": "Summer", "userDefined": false}, {"text": " quarter?", "userDefined": false}], "count": 0, "isTemplate": false}, {"id": "db93619b-2c2c-4cd7-a88b-ae6b7465eb7d", "data": [{"text": "Are ", "userDefined": false}, {"meta": "@COURSE_LEVEL", "alias": "COURSE_LEVEL", "text": "five hundred", "userDefined": false}, {"text": " courses are available in ", "userDefined": false}, {"meta": "@QUARTER", "alias": "QUARTER", "text": "Winter", "userDefined": false}, {"text": " quarter?", "userDefined": false}], "count": 0, "isTemplate": false}, {"id": "3f61cb56-97a5-48a2-befb-599d41b0b47a", "data": [{"text": "In ", "userDefined": false}, {"meta": "@QUARTER", "alias": "QUARTER", "text": "Fall", "userDefined": false}, {"text": " quarter, are ", "userDefined": false}, {"meta": "@COURSE_LEVEL", "alias": "COURSE_LEVEL", "text": "five hundred", "userDefined": false}, {"text": " classes are available?", "userDefined": false}], "count": 0, "isTemplate": false}, {"id": "5b187418-6db3-479e-aebb-2230859b31ef", "data": [{"text": "In ", "userDefined": false}, {"meta": "@QUARTER", "alias": "QUARTER", "text": "Fall", "userDefined": false}, {"text": " quarter, are ", "userDefined": false}, {"meta": "@COURSE_LEVEL", "alias": "COURSE_LEVEL", "text": "300", "userDefined": false}, {"text": " classes are available?", "userDefined": false}], "count": 0, "isTemplate": false}, {"id": "91773072-59b1-425c-8cef-edce9a46fd42", "data": [{"text": "In ", "userDefined": false}, {"meta": "@QUARTER", "alias": "QUARTER", "text": "Summer", "userDefined": false}, {"text": " quarter, are ", "userDefined": false}, {"meta": "@COURSE_LEVEL", "alias": "COURSE_LEVEL", "text": "three hundred level", "userDefined": false}, {"text": " classes are available?", "userDefined": false}], "count": 0, "isTemplate": false}, {"id": "7e016150-cce2-40fe-80c5-cd5b762ad7f0", "data": [{"text": "In ", "userDefined": false}, {"meta": "@QUARTER", "alias": "QUARTER", "text": "Summer", "userDefined": false}, {"text": " quarter, are ", "userDefined": false}, {"meta": "@COURSE_LEVEL", "alias": "COURSE_LEVEL", "text": "500 level", "userDefined": false}, {"text": " classes are available?", "userDefined": false}], "count": 0, "isTemplate": false}, {"id": "fe55b6b9-ed84-48fc-8c46-4ec5b9858cef", "data": [{"text": "In ", "userDefined": false}, {"meta": "@QUARTER", "alias": "QUARTER", "text": "Winter", "userDefined": false}, {"text": " quarter, are ", "userDefined": false}, {"meta": "@COURSE_LEVEL", "alias": "COURSE_LEVEL", "text": "five hundred level", "userDefined": false}, {"text": " classes are available?", "userDefined": false}], "count": 0, "isTemplate": false}, {"id": "e051d54d-5e7c-4738-be71-d349e197c3ae", "data": [{"text": "In ", "userDefined": false}, {"meta": "@QUARTER", "alias": "QUARTER", "text": "Autumn", "userDefined": false}, {"text": " quarter, are ", "userDefined": false}, {"meta": "@COURSE_LEVEL", "alias": "COURSE_LEVEL", "text": "100", "userDefined": false}, {"text": " classes are available?", "userDefined": false}], "count": 0, "isTemplate": false}, {"id": "36511f35-983f-4450-a173-fc6948ac49cf", "data": [{"text": "In ", "userDefined": false}, {"meta": "@QUARTER", "alias": "QUARTER", "text": "Summer", "userDefined": false}, {"text": " quarter, are ", "userDefined": false}, {"meta": "@COURSE_LEVEL", "alias": "COURSE_LEVEL", "text": "three hundred", "userDefined": false}, {"text": " classes are available?", "userDefined": false}], "count": 0, "isTemplate": false}, {"id": "b1456bc8-a3a0-43ad-9b74-77c3ae7dbe2b", "data": [{"text": "In ", "userDefined": false}, {"meta": "@QUARTER", "alias": "QUARTER", "text": "Winter", "userDefined": false}, {"text": " quarter, are ", "userDefined": false}, {"meta": "@COURSE_LEVEL", "alias": "COURSE_LEVEL", "text": "500", "userDefined": false}, {"text": " classes are available?", "userDefined": false}], "count": 0, "isTemplate": false}, {"id": "c49ea1e1-47b7-46d2-92b9-e8164ff75633", "data": [{"text": "In ", "userDefined": false}, {"meta": "@QUARTER", "alias": "QUARTER", "text": "Summer", "userDefined": false}, {"text": " quarter, are ", "userDefined": false}, {"meta": "@COURSE_LEVEL", "alias": "COURSE_LEVEL", "text": "five hundred", "userDefined": false}, {"text": " classes are available?", "userDefined": false}], "count": 0, "isTemplate": false}, {"id": "7663d888-2342-40d9-a6c5-8c1f97129b96", "data": [{"text": "In ", "userDefined": false}, {"meta": "@QUARTER", "alias": "QUARTER", "text": "Winter", "userDefined": false}, {"text": " quarter, are ", "userDefined": false}, {"meta": "@COURSE_LEVEL", "alias": "COURSE_LEVEL", "text": "one hundred level", "userDefined": false}, {"text": " classes are available?", "userDefined": false}], "count": 0, "isTemplate": false}, {"id": "eef147da-a4b5-4e61-84be-e65501ceba33", "data": [{"text": "Does ", "userDefined": false}, {"meta": "@QUARTER", "alias": "QUARTER", "text": "Winter", "userDefined": false}, {"text": " offer any ", "userDefined": false}, {"meta": "@COURSE_LEVEL", "alias": "COURSE_LEVEL", "text": "five hundred level", "userDefined": false}, {"text": " courses?", "userDefined": false}], "count": 0, "isTemplate": false}, {"id": "e24faafe-5bbd-4fb6-baad-c51e2dc6d6b4", "data": [{"text": "Does ", "userDefined": false}, {"meta": "@QUARTER", "alias": "QUARTER", "text": "Winter", "userDefined": false}, {"text": " offer any ", "userDefined": false}, {"meta": "@COURSE_LEVEL", "alias": "COURSE_LEVEL", "text": "two hundred", "userDefined": false}, {"text": " courses?", "userDefined": false}], "count": 0, "isTemplate": false}, {"id": "f5fc4b17-d7d9-46eb-a330-de167a24610a", "data": [{"text": "Does ", "userDefined": false}, {"meta": "@QUARTER", "alias": "QUARTER", "text": "Winter", "userDefined": false}, {"text": " offer any ", "userDefined": false}, {"meta": "@COURSE_LEVEL", "alias": "COURSE_LEVEL", "text": "two hundred", "userDefined": false}, {"text": " courses?", "userDefined": false}], "count": 0, "isTemplate": false}, {"id": "72e18da5-79cf-4fe8-bb0d-a767f546fab3", "data": [{"text": "Does ", "userDefined": false}, {"meta": "@QUARTER", "alias": "QUARTER", "text": "Winter", "userDefined": false}, {"text": " offer any ", "userDefined": false}, {"meta": "@COURSE_LEVEL", "alias": "COURSE_LEVEL", "text": "100 level", "userDefined": false}, {"text": " courses?", "userDefined": false}], "count": 0, "isTemplate": false}, {"id": "bb8951be-2e66-4940-adb4-eeade3b9a37b", "data": [{"text": "Does ", "userDefined": false}, {"meta": "@QUARTER", "alias": "QUARTER", "text": "Winter", "userDefined": false}, {"text": " offer any ", "userDefined": false}, {"meta": "@COURSE_LEVEL", "alias": "COURSE_LEVEL", "text": "five hundred level", "userDefined": false}, {"text": " courses?", "userDefined": false}], "count": 0, "isTemplate": false}, {"id": "68e531ff-e863-4786-80be-39c8bda83c5d", "data": [{"text": "Does ", "userDefined": false}, {"meta": "@QUARTER", "alias": "QUARTER", "text": "Winter", "userDefined": false}, {"text": " offer any ", "userDefined": false}, {"meta": "@COURSE_LEVEL", "alias": "COURSE_LEVEL", "text": "four hundred level", "userDefined": false}, {"text": " courses?", "userDefined": false}], "count": 0, "isTemplate": false}, {"id": "3737f1cb-7956-4b53-a563-b93cc34f1f30", "data": [{"text": "Does ", "userDefined": false}, {"meta": "@QUARTER", "alias": "QUARTER", "text": "Summer", "userDefined": false}, {"text": " offer any ", "userDefined": false}, {"meta": "@COURSE_LEVEL", "alias": "COURSE_LEVEL", "text": "three hundred level", "userDefined": false}, {"text": " courses?", "userDefined": false}], "count": 0, "isTemplate": false}, {"id": "35090380-c0d2-42d0-ab5c-29d76a8a8a9c", "data": [{"text": "Does ", "userDefined": false}, {"meta": "@QUARTER", "alias": "QUARTER", "text": "Winter", "userDefined": false}, {"text": " offer any ", "userDefined": false}, {"meta": "@COURSE_LEVEL", "alias": "COURSE_LEVEL", "text": "three hundred level", "userDefined": false}, {"text": " courses?", "userDefined": false}], "count": 0, "isTemplate": false}, {"id": "c39a0602-af3f-4fa5-b0e9-975dfe468005", "data": [{"text": "Does ", "userDefined": false}, {"meta": "@QUARTER", "alias": "QUARTER", "text": "Spring", "userDefined": false}, {"text": " offer any ", "userDefined": false}, {"meta": "@COURSE_LEVEL", "alias": "COURSE_LEVEL", "text": "two hundred", "userDefined": false}, {"text": " courses?", "userDefined": false}], "count": 0, "isTemplate": false}, {"id": "bf2cbd4e-b9fe-43d9-b9ee-ce4a6066e7b2", "data": [{"text": "Does ", "userDefined": false}, {"meta": "@QUARTER", "alias": "QUARTER", "text": "Fall", "userDefined": false}, {"text": " offer any ", "userDefined": false}, {"meta": "@COURSE_LEVEL", "alias": "COURSE_LEVEL", "text": "500 level", "userDefined": false}, {"text": " courses?", "userDefined": false}], "count": 0, "isTemplate": false}]