[{"count": 0, "data": [{"userDefined": false, "text": "Which quarter typically offers the most "}, {"userDefined": false, "meta": "@COURSE_LEVEL", "alias": "COURSE_LEVEL", "text": "100"}, {"userDefined": false, "text": " courses?"}], "isTemplate": false, "id": "441fd75c-917f-4cee-8f95-4164ca090925"}, {"count": 0, "data": [{"userDefined": false, "text": "Which quarter typically offers the most "}, {"userDefined": false, "meta": "@COURSE_LEVEL", "alias": "COURSE_LEVEL", "text": "100"}, {"userDefined": false, "text": " classes?"}], "isTemplate": false, "id": "38e7ceb4-459a-4112-962f-8ac39b7ba089"}, {"count": 0, "data": [{"userDefined": false, "text": "In what term are the most "}, {"userDefined": false, "meta": "@COURSE_LEVEL", "alias": "COURSE_LEVEL", "text": "100"}, {"userDefined": false, "text": " classes offered?"}], "isTemplate": false, "id": "e14c2ce2-7b01-4a29-90dd-085b81d95888"}, {"count": 0, "data": [{"userDefined": false, "text": "In what term are the most "}, {"userDefined": false, "meta": "@COURSE_LEVEL", "alias": "COURSE_LEVEL", "text": "100"}, {"userDefined": false, "text": " courses offered?"}], "isTemplate": false, "id": "e969fa53-e7a7-42f7-a9e1-b1699b4a25b9"}, {"count": 0, "data": [{"userDefined": false, "text": "When are the most "}, {"userDefined": false, "meta": "@COURSE_LEVEL", "alias": "COURSE_LEVEL", "text": "100"}, {"userDefined": false, "text": " classes offered?"}], "isTemplate": false, "id": "7aea04a6-ad5c-441b-9678-982dd3fafae5"}, {"count": 0, "data": [{"userDefined": false, "text": "When are the most "}, {"userDefined": false, "meta": "@COURSE_LEVEL", "alias": "COURSE_LEVEL", "text": "one hundred"}, {"userDefined": false, "text": " courses offered?"}], "isTemplate": false, "id": "ab4e072a-4b06-4da5-98e0-9194e216e523"}, {"count": 0, "data": [{"userDefined": false, "text": "Which term typically offers the most "}, {"userDefined": false, "meta": "@COURSE_LEVEL", "alias": "COURSE_LEVEL", "text": "100"}, {"userDefined": false, "text": " level courses?"}], "isTemplate": false, "id": "75141605-90b2-4b65-95e6-12e65c596fad"}]