[{"count": 0, "data": [{"userDefined": false, "text": "What subjects do people tend to study with "}, {"userDefined": false, "meta": "@SUBJECT_MATTER", "alias": "SUBJECT_MATTER", "text": "concurrency control"}, {"userDefined": false, "text": "?"}], "isTemplate": false, "id": "186ab7f8-6e31-476c-800b-0d19baf62ffd"}, {"count": 0, "data": [{"userDefined": false, "text": "What subjects do people tend to study alongside "}, {"userDefined": false, "meta": "@SUBJECT_MATTER", "alias": "SUBJECT_MATTER", "text": "multimedia"}, {"userDefined": false, "text": "?"}], "isTemplate": false, "id": "04b2303d-f8c6-42d9-978a-d2bd877dc297"}, {"count": 0, "data": [{"userDefined": false, "text": "What subjects do students tend to study with "}, {"userDefined": false, "meta": "@SUBJECT_MATTER", "alias": "SUBJECT_MATTER", "text": "system security"}, {"userDefined": false, "text": "?"}], "isTemplate": false, "id": "3f9b465c-6493-44c7-9326-d8cabfd00d05"}, {"count": 0, "data": [{"userDefined": false, "text": "What are some subjects alongside "}, {"userDefined": false, "meta": "@SUBJECT_MATTER", "alias": "SUBJECT_MATTER", "text": "development environment"}, {"userDefined": false, "text": " that students tend to study?"}], "isTemplate": false, "id": "3cda4e14-46e5-41bc-ac9d-8c24ca1514f3"}, {"count": 0, "data": [{"userDefined": false, "text": "Are there any subjects that are commonly studied with "}, {"userDefined": false, "meta": "@SUBJECT_MATTER", "alias": "SUBJECT_MATTER", "text": "individual investigation research"}, {"userDefined": false, "text": "?"}], "isTemplate": false, "id": "22b42a2f-e973-4f06-b0b9-9d4629334cdf"}, {"count": 0, "data": [{"userDefined": false, "text": "What subjects are also commonly studied with "}, {"userDefined": false, "meta": "@SUBJECT_MATTER", "alias": "SUBJECT_MATTER", "text": "language concept"}, {"userDefined": false, "text": "?"}], "isTemplate": false, "id": "4a5f29c3-4a8c-40ee-a820-928078c913fe"}]