[{"count": 0, "data": [{"userDefined": false, "text": "What is "}, {"userDefined": false, "meta": "@CLASS_NAME", "alias": "CLASS_NAME", "text": "CSC 550"}, {"userDefined": false, "text": " called?"}], "isTemplate": false, "id": "8bdc427e-cc78-4892-adf9-7113b1ffc4b5"}, {"count": 0, "data": [{"userDefined": false, "text": "What is "}, {"userDefined": false, "meta": "@CLASS_NAME", "alias": "CLASS_NAME", "text": "CSC 234"}, {"userDefined": false, "text": "'s name?"}], "isTemplate": false, "id": "dae10799-e88d-484d-88f5-eeea612dff07"}, {"count": 0, "data": [{"userDefined": false, "text": "What name does "}, {"userDefined": false, "meta": "@CLASS_NAME", "alias": "CLASS_NAME", "text": "CSC 305"}, {"userDefined": false, "text": " have?"}], "isTemplate": false, "id": "2cd2ffe0-45f4-42ea-a5b2-a2001b68fe4e"}, {"count": 0, "data": [{"userDefined": false, "text": "What class name is "}, {"userDefined": false, "meta": "@CLASS_NAME", "alias": "CLASS_NAME", "text": "research-in computer science ii"}, {"userDefined": false, "text": "?"}], "isTemplate": false, "id": "09aa54b8-a841-401e-82c4-dcb8e6ee7cf3"}, {"count": 0, "data": [{"userDefined": false, "text": "What is another name for "}, {"userDefined": false, "meta": "@CLASS_NAME", "alias": "CLASS_NAME", "text": "CSC 422"}, {"userDefined": false, "text": "?"}], "isTemplate": false, "id": "3b28841f-f955-4941-bf8d-d86e3ab7093b"}, {"count": 0, "data": [{"userDefined": false, "text": "What name do people also call "}, {"userDefined": false, "meta": "@CLASS_NAME", "alias": "CLASS_NAME", "text": "computer networks: research topics"}, {"userDefined": false, "text": "?"}], "isTemplate": false, "id": "5b084a77-d35f-445a-9bea-2c5ce97e6064"}, {"count": 0, "data": [{"userDefined": false, "text": "What is "}, {"userDefined": false, "meta": "@CLASS_NAME", "alias": "CLASS_NAME", "text": "computer architecture"}, {"userDefined": false, "text": " also named as?"}], "isTemplate": false, "id": "82d8fcd8-f6f2-43cb-ad67-06f5581a3d1a"}, {"count": 0, "data": [{"userDefined": false, "text": "What is "}, {"userDefined": false, "meta": "@CLASS_NAME", "alias": "CLASS_NAME", "text": "CSC 454"}, {"userDefined": false, "text": " also called?"}], "isTemplate": false, "id": "dcf5fdd9-ad3a-4a20-9cfd-07abdcb1b77a"}, {"count": 0, "data": [{"userDefined": false, "text": "What name is also given to "}, {"userDefined": false, "meta": "@CLASS_NAME", "alias": "CLASS_NAME", "text": "CSC 437"}, {"userDefined": false, "text": "?"}], "isTemplate": false, "id": "78e8a48a-92d0-47ef-aab1-48c93f0c7188"}, {"count": 0, "data": [{"userDefined": false, "text": "What is the name of "}, {"userDefined": false, "meta": "@CLASS_NAME", "alias": "CLASS_NAME", "text": "computer security"}, {"userDefined": false, "text": "?"}], "isTemplate": false, "id": "0cda938b-65bf-4439-b9ce-9fe3bfd66cf9"}]