[{"id": "fe40628b-8dfa-4ba4-ae1b-50d0a481a31e", "data": [{"text": "What is the class code for ", "userDefined": false}, {"meta": "@CLASS_NAME", "alias": "CLASS_NAME", "text": "accelerated introduction-to computer science", "userDefined": false}, {"text": "?", "userDefined": false}], "count": 0, "isTemplate": false}, {"id": "78035519-fa54-4ad8-a239-6bc70f8626d2", "data": [{"text": "What is the class code for ", "userDefined": false}, {"meta": "@CLASS_NAME", "alias": "CLASS_NAME", "text": "special problems", "userDefined": false}, {"text": "?", "userDefined": false}], "count": 0, "isTemplate": false}, {"id": "e8e4b38d-552e-44c2-b8ba-fdfcaae478dd", "data": [{"text": "What is the class code for ", "userDefined": false}, {"meta": "@CLASS_NAME", "alias": "CLASS_NAME", "text": "CSC 357", "userDefined": false}, {"text": "?", "userDefined": false}], "count": 0, "isTemplate": false}, {"id": "c95e8952-3f86-4118-a889-2b33d6b6f02e", "data": [{"text": "What is the class code for ", "userDefined": false}, {"meta": "@CLASS_NAME", "alias": "CLASS_NAME", "text": "CSC 484", "userDefined": false}, {"text": "?", "userDefined": false}], "count": 0, "isTemplate": false}, {"id": "11f3bedd-3da6-4829-af49-9e76d79955c5", "data": [{"text": "What is the class code for ", "userDefined": false}, {"meta": "@CLASS_NAME", "alias": "CLASS_NAME", "text": "computing-for interactive arts capstone i", "userDefined": false}, {"text": "?", "userDefined": false}], "count": 0, "isTemplate": false}, {"id": "29ccbfd8-ee42-497a-93b9-d25c7b477788", "data": [{"text": "What is the class code for ", "userDefined": false}, {"meta": "@CLASS_NAME", "alias": "CLASS_NAME", "text": "CSC 580", "userDefined": false}, {"text": "?", "userDefined": false}], "count": 0, "isTemplate": false}, {"id": "eacc691b-b059-4060-ac7e-380f4732b05e", "data": [{"text": "What is the class code for ", "userDefined": false}, {"meta": "@CLASS_NAME", "alias": "CLASS_NAME", "text": "implementation-of operating systems", "userDefined": false}, {"text": "?", "userDefined": false}], "count": 0, "isTemplate": false}, {"id": "c98d5a4c-de5b-4bb9-ba5d-6a424c0510f5", "data": [{"text": "What is the class code for ", "userDefined": false}, {"meta": "@CLASS_NAME", "alias": "CLASS_NAME", "text": "CSC 371", "userDefined": false}, {"text": "?", "userDefined": false}], "count": 0, "isTemplate": false}, {"id": "eebaa15e-c9dc-4729-99e0-005d0231e8da", "data": [{"text": "What is the class code for ", "userDefined": false}, {"meta": "@CLASS_NAME", "alias": "CLASS_NAME", "text": "research senior project i", "userDefined": false}, {"text": "?", "userDefined": false}], "count": 0, "isTemplate": false}, {"id": "4b663755-f138-4027-b399-9488d69a9168", "data": [{"text": "What is the class code for ", "userDefined": false}, {"meta": "@CLASS_NAME", "alias": "CLASS_NAME", "text": "bioinformatics algorithms", "userDefined": false}, {"text": "?", "userDefined": false}], "count": 0, "isTemplate": false}, {"id": "084c2f03-e54f-4d3f-ad17-67f8ce6fb1d0", "data": [{"text": "What code does ", "userDefined": false}, {"meta": "@CLASS_NAME", "alias": "CLASS_NAME", "text": "computational linguistics", "userDefined": false}, {"text": " have?", "userDefined": false}], "count": 0, "isTemplate": false}, {"id": "c3294344-d38b-4832-b67e-6eb9690fa660", "data": [{"text": "What code does ", "userDefined": false}, {"meta": "@CLASS_NAME", "alias": "CLASS_NAME", "text": "computational art", "userDefined": false}, {"text": " have?", "userDefined": false}], "count": 0, "isTemplate": false}, {"id": "02e8fbe4-264e-49df-a0e2-b3787af4259d", "data": [{"text": "What code does ", "userDefined": false}, {"meta": "@CLASS_NAME", "alias": "CLASS_NAME", "text": "CSC 234", "userDefined": false}, {"text": " have?", "userDefined": false}], "count": 0, "isTemplate": false}, {"id": "a0901185-aa6c-49a9-af0f-35b07042a884", "data": [{"text": "What code does ", "userDefined": false}, {"meta": "@CLASS_NAME", "alias": "CLASS_NAME", "text": "current topics-in computer security", "userDefined": false}, {"text": " have?", "userDefined": false}], "count": 0, "isTemplate": false}, {"id": "bff50890-230f-40c4-9143-31b2fb99e0d8", "data": [{"text": "What code does ", "userDefined": false}, {"meta": "@CLASS_NAME", "alias": "CLASS_NAME", "text": "programming-for engineering students", "userDefined": false}, {"text": " have?", "userDefined": false}], "count": 0, "isTemplate": false}, {"id": "b8590318-1a87-407e-9d93-3f4991d90a34", "data": [{"text": "What code does ", "userDefined": false}, {"meta": "@CLASS_NAME", "alias": "CLASS_NAME", "text": "CSC 308", "userDefined": false}, {"text": " have?", "userDefined": false}], "count": 0, "isTemplate": false}, {"id": "5c536307-86da-43ed-b692-f294a3b122b1", "data": [{"text": "What code does ", "userDefined": false}, {"meta": "@CLASS_NAME", "alias": "CLASS_NAME", "text": "CSC 203", "userDefined": false}, {"text": " have?", "userDefined": false}], "count": 0, "isTemplate": false}, {"id": "09e6d628-7029-43af-8f9c-6f89a3320a59", "data": [{"text": "What code does ", "userDefined": false}, {"meta": "@CLASS_NAME", "alias": "CLASS_NAME", "text": "software construction", "userDefined": false}, {"text": " have?", "userDefined": false}], "count": 0, "isTemplate": false}, {"id": "cc0c3153-c804-47c6-b625-9c1cac36d350", "data": [{"text": "What code does ", "userDefined": false}, {"meta": "@CLASS_NAME", "alias": "CLASS_NAME", "text": "CSC 105", "userDefined": false}, {"text": " have?", "userDefined": false}], "count": 0, "isTemplate": false}, {"id": "236e1fba-4eb0-42e6-8f12-7200fe0d6c84", "data": [{"text": "What code does ", "userDefined": false}, {"meta": "@CLASS_NAME", "alias": "CLASS_NAME", "text": "selected advanced laboratory", "userDefined": false}, {"text": " have?", "userDefined": false}], "count": 0, "isTemplate": false}, {"id": "c0882d1e-c936-40a0-81ce-be123a4c5bc2", "data": [{"text": "What is ", "userDefined": false}, {"meta": "@CLASS_NAME", "alias": "CLASS_NAME", "text": "CSC 498", "userDefined": false}, {"text": "'s course code?", "userDefined": false}], "count": 0, "isTemplate": false}, {"id": "c202c93f-ea38-4947-8e4f-ac778437dcd7", "data": [{"text": "What is ", "userDefined": false}, {"meta": "@CLASS_NAME", "alias": "CLASS_NAME", "text": "introduction-to object oriented design using graphical user interfaces", "userDefined": false}, {"text": "'s course code?", "userDefined": false}], "count": 0, "isTemplate": false}, {"id": "c98ff542-6e0c-44ce-b4f6-1c370522cd4d", "data": [{"text": "What is ", "userDefined": false}, {"meta": "@CLASS_NAME", "alias": "CLASS_NAME", "text": "software construction", "userDefined": false}, {"text": "'s course code?", "userDefined": false}], "count": 0, "isTemplate": false}, {"id": "78796b51-491f-41fc-9f7f-355c13551924", "data": [{"text": "What is ", "userDefined": false}, {"meta": "@CLASS_NAME", "alias": "CLASS_NAME", "text": "CSC 580", "userDefined": false}, {"text": "'s course code?", "userDefined": false}], "count": 0, "isTemplate": false}, {"id": "500ecc00-58f0-48fa-8830-e300c9a8c6b1", "data": [{"text": "What is ", "userDefined": false}, {"meta": "@CLASS_NAME", "alias": "CLASS_NAME", "text": "CSC 371", "userDefined": false}, {"text": "'s course code?", "userDefined": false}], "count": 0, "isTemplate": false}, {"id": "6cd65ed7-e680-421d-bc28-ced041fe0a33", "data": [{"text": "What is ", "userDefined": false}, {"meta": "@CLASS_NAME", "alias": "CLASS_NAME", "text": "cooperative education experience", "userDefined": false}, {"text": "'s course code?", "userDefined": false}], "count": 0, "isTemplate": false}, {"id": "561ea272-298c-4fcd-84c3-d3617ac487e2", "data": [{"text": "What is ", "userDefined": false}, {"meta": "@CLASS_NAME", "alias": "CLASS_NAME", "text": "theory-of computation i", "userDefined": false}, {"text": "'s course code?", "userDefined": false}], "count": 0, "isTemplate": false}, {"id": "71ac8337-1199-4b1e-9bba-8e962463d68a", "data": [{"text": "What is ", "userDefined": false}, {"meta": "@CLASS_NAME", "alias": "CLASS_NAME", "text": "CSC 405", "userDefined": false}, {"text": "'s course code?", "userDefined": false}], "count": 0, "isTemplate": false}, {"id": "c9c674c9-d69b-4ea9-b37f-f2eee785bee0", "data": [{"text": "What is ", "userDefined": false}, {"meta": "@CLASS_NAME", "alias": "CLASS_NAME", "text": "CSC 365", "userDefined": false}, {"text": "'s course code?", "userDefined": false}], "count": 0, "isTemplate": false}, {"id": "ca888748-4d75-4d3a-8e80-f864c3a48f83", "data": [{"text": "What is ", "userDefined": false}, {"meta": "@CLASS_NAME", "alias": "CLASS_NAME", "text": "CSC 366", "userDefined": false}, {"text": "'s course code?", "userDefined": false}], "count": 0, "isTemplate": false}, {"id": "e2d57746-7899-4821-958f-fee73b4e2027", "data": [{"text": "Which course code is ", "userDefined": false}, {"meta": "@CLASS_NAME", "alias": "CLASS_NAME", "text": "CSC 302", "userDefined": false}, {"text": "?", "userDefined": false}], "count": 0, "isTemplate": false}, {"id": "bdd273f0-39ae-45fe-af0c-42550654500b", "data": [{"text": "Which course code is ", "userDefined": false}, {"meta": "@CLASS_NAME", "alias": "CLASS_NAME", "text": "CSC 540", "userDefined": false}, {"text": "?", "userDefined": false}], "count": 0, "isTemplate": false}, {"id": "323a863d-2f69-4a1d-b5a7-dcf9f1330033", "data": [{"text": "Which course code is ", "userDefined": false}, {"meta": "@CLASS_NAME", "alias": "CLASS_NAME", "text": "CSC 108", "userDefined": false}, {"text": "?", "userDefined": false}], "count": 0, "isTemplate": false}, {"id": "43b6ed56-90e0-4eb4-ae16-d9c482a7ac6d", "data": [{"text": "Which course code is ", "userDefined": false}, {"meta": "@CLASS_NAME", "alias": "CLASS_NAME", "text": "cooperative education experience", "userDefined": false}, {"text": "?", "userDefined": false}], "count": 0, "isTemplate": false}, {"id": "891370c2-5f84-4963-a69a-cd460c95df9a", "data": [{"text": "Which course code is ", "userDefined": false}, {"meta": "@CLASS_NAME", "alias": "CLASS_NAME", "text": "current topics-in human-computer interaction", "userDefined": false}, {"text": "?", "userDefined": false}], "count": 0, "isTemplate": false}, {"id": "16ab63e8-02b8-47aa-bf8e-e957ca37513b", "data": [{"text": "Which course code is ", "userDefined": false}, {"meta": "@CLASS_NAME", "alias": "CLASS_NAME", "text": "software engineering i", "userDefined": false}, {"text": "?", "userDefined": false}], "count": 0, "isTemplate": false}, {"id": "78fe596c-9517-4c17-8c2f-a2802992ee5d", "data": [{"text": "Which course code is ", "userDefined": false}, {"meta": "@CLASS_NAME", "alias": "CLASS_NAME", "text": "CSC 325", "userDefined": false}, {"text": "?", "userDefined": false}], "count": 0, "isTemplate": false}, {"id": "7a84cb36-32c2-440c-839a-f435d05677a8", "data": [{"text": "Which course code is ", "userDefined": false}, {"meta": "@CLASS_NAME", "alias": "CLASS_NAME", "text": "computer networks: research topics", "userDefined": false}, {"text": "?", "userDefined": false}], "count": 0, "isTemplate": false}, {"id": "82f301d2-28bf-4b7d-ba9e-f6c741c5a558", "data": [{"text": "Which course code is ", "userDefined": false}, {"meta": "@CLASS_NAME", "alias": "CLASS_NAME", "text": "theory-of computation ii", "userDefined": false}, {"text": "?", "userDefined": false}], "count": 0, "isTemplate": false}, {"id": "cf66b8dd-d599-4d96-b9c5-03a9a0575e80", "data": [{"text": "Which course code is ", "userDefined": false}, {"meta": "@CLASS_NAME", "alias": "CLASS_NAME", "text": "distributed computing", "userDefined": false}, {"text": "?", "userDefined": false}], "count": 0, "isTemplate": false}, {"id": "4ff81a72-f362-4c7c-bb05-b72a3f16ab9f", "data": [{"text": "What is the course code for ", "userDefined": false}, {"meta": "@CLASS_NAME", "alias": "CLASS_NAME", "text": "distributed computing", "userDefined": false}, {"text": "?", "userDefined": false}], "count": 0, "isTemplate": false}, {"id": "eb27619e-d101-450c-a816-2422d675a8e0", "data": [{"text": "What is the course code for ", "userDefined": false}, {"meta": "@CLASS_NAME", "alias": "CLASS_NAME", "text": "CSC 569", "userDefined": false}, {"text": "?", "userDefined": false}], "count": 0, "isTemplate": false}, {"id": "914d2d6f-d083-428a-8ab9-6b9dfd5ba2f4", "data": [{"text": "What is the course code for ", "userDefined": false}, {"meta": "@CLASS_NAME", "alias": "CLASS_NAME", "text": "CSC 311", "userDefined": false}, {"text": "?", "userDefined": false}], "count": 0, "isTemplate": false}, {"id": "6c67ff2b-3b14-4576-80e8-b8deb5d0b17f", "data": [{"text": "What is the course code for ", "userDefined": false}, {"meta": "@CLASS_NAME", "alias": "CLASS_NAME", "text": "CSC 445", "userDefined": false}, {"text": "?", "userDefined": false}], "count": 0, "isTemplate": false}, {"id": "7a73feeb-83b7-4d0d-988c-212896290405", "data": [{"text": "What is the course code for ", "userDefined": false}, {"meta": "@CLASS_NAME", "alias": "CLASS_NAME", "text": "CSC 236", "userDefined": false}, {"text": "?", "userDefined": false}], "count": 0, "isTemplate": false}, {"id": "9c8b26ac-8d91-4a51-98f0-84a839420f98", "data": [{"text": "What is the course code for ", "userDefined": false}, {"meta": "@CLASS_NAME", "alias": "CLASS_NAME", "text": "personal software process", "userDefined": false}, {"text": "?", "userDefined": false}], "count": 0, "isTemplate": false}, {"id": "4057d139-ad7a-4a87-ba14-c9b145411207", "data": [{"text": "What is the course code for ", "userDefined": false}, {"meta": "@CLASS_NAME", "alias": "CLASS_NAME", "text": "user-centered interface design-and development", "userDefined": false}, {"text": "?", "userDefined": false}], "count": 0, "isTemplate": false}, {"id": "e96570bc-c4e7-4d75-a927-d9313ec328f5", "data": [{"text": "What is the course code for ", "userDefined": false}, {"meta": "@CLASS_NAME", "alias": "CLASS_NAME", "text": "CSC 593", "userDefined": false}, {"text": "?", "userDefined": false}], "count": 0, "isTemplate": false}, {"id": "61f09364-81fd-425a-a80e-61f1ccbc6582", "data": [{"text": "What is the course code for ", "userDefined": false}, {"meta": "@CLASS_NAME", "alias": "CLASS_NAME", "text": "theory-of computation ii", "userDefined": false}, {"text": "?", "userDefined": false}], "count": 0, "isTemplate": false}, {"id": "4e90a6f2-2472-4909-b8fc-f78ab9444104", "data": [{"text": "What is the course code for ", "userDefined": false}, {"meta": "@CLASS_NAME", "alias": "CLASS_NAME", "text": "CSC 582", "userDefined": false}, {"text": "?", "userDefined": false}], "count": 0, "isTemplate": false}]