[{"id": "907d5aaf-c5ae-4da9-9ec3-5770b1b7cdaf", "data": [{"text": "What classes can I take in ", "userDefined": false}, {"meta": "@QUARTER", "alias": "QUARTER", "text": "Fall", "userDefined": false}, {"text": "?", "userDefined": false}], "count": 0, "isTemplate": false}, {"id": "e85e858a-adeb-4bb9-8645-eeed127cf677", "data": [{"text": "What classes can I take in ", "userDefined": false}, {"meta": "@QUARTER", "alias": "QUARTER", "text": "Spring", "userDefined": false}, {"text": "?", "userDefined": false}], "count": 0, "isTemplate": false}, {"id": "2f0ce384-63f8-4031-8a5d-9254718ba945", "data": [{"text": "What classes can I take in ", "userDefined": false}, {"meta": "@QUARTER", "alias": "QUARTER", "text": "Summer", "userDefined": false}, {"text": "?", "userDefined": false}], "count": 0, "isTemplate": false}, {"id": "3d5ac766-1e33-4739-bf14-deda0dd5e878", "data": [{"text": "What classes can I take in ", "userDefined": false}, {"meta": "@QUARTER", "alias": "QUARTER", "text": "Winter", "userDefined": false}, {"text": "?", "userDefined": false}], "count": 0, "isTemplate": false}, {"id": "1208194f-e235-43d8-9aba-8b2ca875ea35", "data": [{"text": "What classes can I take in ", "userDefined": false}, {"meta": "@QUARTER", "alias": "QUARTER", "text": "Summer", "userDefined": false}, {"text": "?", "userDefined": false}], "count": 0, "isTemplate": false}, {"id": "5d5dc46f-4daf-4e83-bbc1-11b1b1f8c931", "data": [{"text": "What classes can I take in ", "userDefined": false}, {"meta": "@QUARTER", "alias": "QUARTER", "text": "Winter", "userDefined": false}, {"text": "?", "userDefined": false}], "count": 0, "isTemplate": false}, {"id": "6528c676-a018-4c8f-9b22-62fa12bc1ce9", "data": [{"text": "What classes can I take in ", "userDefined": false}, {"meta": "@QUARTER", "alias": "QUARTER", "text": "Spring", "userDefined": false}, {"text": "?", "userDefined": false}], "count": 0, "isTemplate": false}, {"id": "0905e211-47d9-4871-baed-21dab11e2ebb", "data": [{"text": "What classes can I take in ", "userDefined": false}, {"meta": "@QUARTER", "alias": "QUARTER", "text": "Autumn", "userDefined": false}, {"text": "?", "userDefined": false}], "count": 0, "isTemplate": false}, {"id": "12a8b957-c8c6-478a-9791-29443a9277a0", "data": [{"text": "What classes can I take in ", "userDefined": false}, {"meta": "@QUARTER", "alias": "QUARTER", "text": "Summer", "userDefined": false}, {"text": "?", "userDefined": false}], "count": 0, "isTemplate": false}, {"id": "02e10780-85e8-4646-b9f0-c377e43b8fef", "data": [{"text": "What classes can I take in ", "userDefined": false}, {"meta": "@QUARTER", "alias": "QUARTER", "text": "Summer", "userDefined": false}, {"text": "?", "userDefined": false}], "count": 0, "isTemplate": false}, {"id": "533655f2-369a-4cc7-b723-68abcf377e46", "data": [{"text": "What classes are offered during the ", "userDefined": false}, {"meta": "@QUARTER", "alias": "QUARTER", "text": "Winter", "userDefined": false}, {"text": "?", "userDefined": false}], "count": 0, "isTemplate": false}, {"id": "2a4db46d-4079-4811-9717-03eae7b90630", "data": [{"text": "What classes are offered during the ", "userDefined": false}, {"meta": "@QUARTER", "alias": "QUARTER", "text": "Fall", "userDefined": false}, {"text": "?", "userDefined": false}], "count": 0, "isTemplate": false}, {"id": "f40e244f-eaa2-4e15-aa87-67b23b38a41b", "data": [{"text": "What classes are offered during the ", "userDefined": false}, {"meta": "@QUARTER", "alias": "QUARTER", "text": "Summer", "userDefined": false}, {"text": "?", "userDefined": false}], "count": 0, "isTemplate": false}, {"id": "de0d6db9-79d5-4d16-9bcd-0bc327a4dbda", "data": [{"text": "What classes are offered during the ", "userDefined": false}, {"meta": "@QUARTER", "alias": "QUARTER", "text": "Summer", "userDefined": false}, {"text": "?", "userDefined": false}], "count": 0, "isTemplate": false}, {"id": "806f88cb-d299-4212-b9bb-997ce0d75399", "data": [{"text": "What classes are offered during the ", "userDefined": false}, {"meta": "@QUARTER", "alias": "QUARTER", "text": "Summer", "userDefined": false}, {"text": "?", "userDefined": false}], "count": 0, "isTemplate": false}, {"id": "a1da9466-3816-4be8-a149-19c75dfdc280", "data": [{"text": "What classes are offered during the ", "userDefined": false}, {"meta": "@QUARTER", "alias": "QUARTER", "text": "Summer", "userDefined": false}, {"text": "?", "userDefined": false}], "count": 0, "isTemplate": false}, {"id": "1977f28a-f2e4-443c-8d66-9244ed2c5c46", "data": [{"text": "What classes are offered during the ", "userDefined": false}, {"meta": "@QUARTER", "alias": "QUARTER", "text": "Spring", "userDefined": false}, {"text": "?", "userDefined": false}], "count": 0, "isTemplate": false}, {"id": "5a6afe72-9ae7-4c38-a7c1-665e0761a4ec", "data": [{"text": "What classes are offered during the ", "userDefined": false}, {"meta": "@QUARTER", "alias": "QUARTER", "text": "Autumn", "userDefined": false}, {"text": "?", "userDefined": false}], "count": 0, "isTemplate": false}, {"id": "2ca966a8-f34a-45d8-b57c-a02c252fe5a9", "data": [{"text": "What classes are offered during the ", "userDefined": false}, {"meta": "@QUARTER", "alias": "QUARTER", "text": "Spring", "userDefined": false}, {"text": "?", "userDefined": false}], "count": 0, "isTemplate": false}, {"id": "916d3d1b-5331-460d-975b-53be1fb93192", "data": [{"text": "What classes are offered during the ", "userDefined": false}, {"meta": "@QUARTER", "alias": "QUARTER", "text": "Spring", "userDefined": false}, {"text": "?", "userDefined": false}], "count": 0, "isTemplate": false}, {"id": "e1145fec-23fa-4311-89f4-a19f5bb05fb1", "data": [{"text": "What courses can I take in ", "userDefined": false}, {"meta": "@QUARTER", "alias": "QUARTER", "text": "Fall", "userDefined": false}, {"text": "?", "userDefined": false}], "count": 0, "isTemplate": false}, {"id": "5dde31a6-1e99-419f-a1e9-595fbe26edea", "data": [{"text": "What courses can I take in ", "userDefined": false}, {"meta": "@QUARTER", "alias": "QUARTER", "text": "Spring", "userDefined": false}, {"text": "?", "userDefined": false}], "count": 0, "isTemplate": false}, {"id": "379e4d04-a7d6-445c-bf64-dbe282da6e9b", "data": [{"text": "What courses can I take in ", "userDefined": false}, {"meta": "@QUARTER", "alias": "QUARTER", "text": "Autumn", "userDefined": false}, {"text": "?", "userDefined": false}], "count": 0, "isTemplate": false}, {"id": "47cf184b-1f94-4984-99c7-5799fba46026", "data": [{"text": "What courses can I take in ", "userDefined": false}, {"meta": "@QUARTER", "alias": "QUARTER", "text": "Spring", "userDefined": false}, {"text": "?", "userDefined": false}], "count": 0, "isTemplate": false}, {"id": "8161835d-3559-4720-91da-b0ddaec19869", "data": [{"text": "What courses can I take in ", "userDefined": false}, {"meta": "@QUARTER", "alias": "QUARTER", "text": "Fall", "userDefined": false}, {"text": "?", "userDefined": false}], "count": 0, "isTemplate": false}, {"id": "647937c7-bf3d-4482-8cb0-f8d5dfcbdcbb", "data": [{"text": "What courses can I take in ", "userDefined": false}, {"meta": "@QUARTER", "alias": "QUARTER", "text": "Winter", "userDefined": false}, {"text": "?", "userDefined": false}], "count": 0, "isTemplate": false}, {"id": "ef929dcb-4de1-4064-8760-37d1ca992ebe", "data": [{"text": "What courses can I take in ", "userDefined": false}, {"meta": "@QUARTER", "alias": "QUARTER", "text": "Spring", "userDefined": false}, {"text": "?", "userDefined": false}], "count": 0, "isTemplate": false}, {"id": "71daef77-bd88-48b4-8126-09a21409da9a", "data": [{"text": "What courses can I take in ", "userDefined": false}, {"meta": "@QUARTER", "alias": "QUARTER", "text": "Winter", "userDefined": false}, {"text": "?", "userDefined": false}], "count": 0, "isTemplate": false}, {"id": "443dfa2d-3205-40b7-aa9e-54450a57b985", "data": [{"text": "What courses can I take in ", "userDefined": false}, {"meta": "@QUARTER", "alias": "QUARTER", "text": "Summer", "userDefined": false}, {"text": "?", "userDefined": false}], "count": 0, "isTemplate": false}, {"id": "6730839c-6916-48ed-8637-4ee71c27e598", "data": [{"text": "What courses can I take in ", "userDefined": false}, {"meta": "@QUARTER", "alias": "QUARTER", "text": "Winter", "userDefined": false}, {"text": "?", "userDefined": false}], "count": 0, "isTemplate": false}, {"id": "697fe211-6cff-4709-b07b-cadb24b23c95", "data": [{"text": "What courses are offered during the ", "userDefined": false}, {"meta": "@QUARTER", "alias": "QUARTER", "text": "Winter", "userDefined": false}, {"text": "?", "userDefined": false}], "count": 0, "isTemplate": false}, {"id": "31f8b8a2-d340-419c-a4b3-9eec8c1a2fdb", "data": [{"text": "What courses are offered during the ", "userDefined": false}, {"meta": "@QUARTER", "alias": "QUARTER", "text": "Summer", "userDefined": false}, {"text": "?", "userDefined": false}], "count": 0, "isTemplate": false}, {"id": "72d597a7-cf86-450a-9f1e-00664ae0b6a2", "data": [{"text": "What courses are offered during the ", "userDefined": false}, {"meta": "@QUARTER", "alias": "QUARTER", "text": "Winter", "userDefined": false}, {"text": "?", "userDefined": false}], "count": 0, "isTemplate": false}, {"id": "0cbb314c-0fcc-4ca8-b9bf-715543590b90", "data": [{"text": "What courses are offered during the ", "userDefined": false}, {"meta": "@QUARTER", "alias": "QUARTER", "text": "Autumn", "userDefined": false}, {"text": "?", "userDefined": false}], "count": 0, "isTemplate": false}, {"id": "13b2bd65-311c-48cf-ad1c-e28364c68c53", "data": [{"text": "What courses are offered during the ", "userDefined": false}, {"meta": "@QUARTER", "alias": "QUARTER", "text": "Winter", "userDefined": false}, {"text": "?", "userDefined": false}], "count": 0, "isTemplate": false}, {"id": "28d05587-f107-4ab8-9c10-d8ef14aaa2ea", "data": [{"text": "What courses are offered during the ", "userDefined": false}, {"meta": "@QUARTER", "alias": "QUARTER", "text": "Winter", "userDefined": false}, {"text": "?", "userDefined": false}], "count": 0, "isTemplate": false}, {"id": "91242868-23e7-43f8-a325-811c530b8fad", "data": [{"text": "What courses are offered during the ", "userDefined": false}, {"meta": "@QUARTER", "alias": "QUARTER", "text": "Autumn", "userDefined": false}, {"text": "?", "userDefined": false}], "count": 0, "isTemplate": false}, {"id": "e8c839b0-b14d-4a80-9148-6b2ce5fba1fe", "data": [{"text": "What courses are offered during the ", "userDefined": false}, {"meta": "@QUARTER", "alias": "QUARTER", "text": "Spring", "userDefined": false}, {"text": "?", "userDefined": false}], "count": 0, "isTemplate": false}, {"id": "dbfe84e9-3e51-4eb9-a2e7-7cb91b40f043", "data": [{"text": "What courses are offered during the ", "userDefined": false}, {"meta": "@QUARTER", "alias": "QUARTER", "text": "Fall", "userDefined": false}, {"text": "?", "userDefined": false}], "count": 0, "isTemplate": false}, {"id": "4aecd07b-7dcd-4cc9-a6eb-bcd0b5eac10d", "data": [{"text": "What courses are offered during the ", "userDefined": false}, {"meta": "@QUARTER", "alias": "QUARTER", "text": "Winter", "userDefined": false}, {"text": "?", "userDefined": false}], "count": 0, "isTemplate": false}, {"id": "ee5b3db4-9279-4adc-8eae-19c6d76a7981", "data": [{"text": "What can I take in ", "userDefined": false}, {"meta": "@QUARTER", "alias": "QUARTER", "text": "Autumn", "userDefined": false}, {"text": "?", "userDefined": false}], "count": 0, "isTemplate": false}, {"id": "da89a683-e464-4ada-81e3-dc2134aee10e", "data": [{"text": "What can I take in ", "userDefined": false}, {"meta": "@QUARTER", "alias": "QUARTER", "text": "Winter", "userDefined": false}, {"text": "?", "userDefined": false}], "count": 0, "isTemplate": false}, {"id": "9f98ac91-4eed-4f0f-9955-fdc3e6ea5208", "data": [{"text": "What can I take in ", "userDefined": false}, {"meta": "@QUARTER", "alias": "QUARTER", "text": "Summer", "userDefined": false}, {"text": "?", "userDefined": false}], "count": 0, "isTemplate": false}, {"id": "5ef08995-112c-4ec7-8d51-5c992e0fa20d", "data": [{"text": "What can I take in ", "userDefined": false}, {"meta": "@QUARTER", "alias": "QUARTER", "text": "Spring", "userDefined": false}, {"text": "?", "userDefined": false}], "count": 0, "isTemplate": false}, {"id": "0fd44577-224b-43df-9ccc-78bb0f99f5c8", "data": [{"text": "What can I take in ", "userDefined": false}, {"meta": "@QUARTER", "alias": "QUARTER", "text": "Autumn", "userDefined": false}, {"text": "?", "userDefined": false}], "count": 0, "isTemplate": false}, {"id": "ebaf3c5e-b588-49b0-ae9e-12148e22085a", "data": [{"text": "What can I take in ", "userDefined": false}, {"meta": "@QUARTER", "alias": "QUARTER", "text": "Winter", "userDefined": false}, {"text": "?", "userDefined": false}], "count": 0, "isTemplate": false}, {"id": "87dd5c07-ac5a-4d70-b249-dfc56763dcfb", "data": [{"text": "What can I take in ", "userDefined": false}, {"meta": "@QUARTER", "alias": "QUARTER", "text": "Winter", "userDefined": false}, {"text": "?", "userDefined": false}], "count": 0, "isTemplate": false}, {"id": "9bc8511e-d2d9-4f9b-943d-8781c846a921", "data": [{"text": "What can I take in ", "userDefined": false}, {"meta": "@QUARTER", "alias": "QUARTER", "text": "Fall", "userDefined": false}, {"text": "?", "userDefined": false}], "count": 0, "isTemplate": false}, {"id": "4976681f-96d1-4bde-88e4-6ea26d41e2b7", "data": [{"text": "What can I take in ", "userDefined": false}, {"meta": "@QUARTER", "alias": "QUARTER", "text": "Winter", "userDefined": false}, {"text": "?", "userDefined": false}], "count": 0, "isTemplate": false}, {"id": "bde054db-e706-4a81-b18a-90da291bd96d", "data": [{"text": "What can I take in ", "userDefined": false}, {"meta": "@QUARTER", "alias": "QUARTER", "text": "Winter", "userDefined": false}, {"text": "?", "userDefined": false}], "count": 0, "isTemplate": false}, {"id": "50fee517-c302-43c0-9091-6def3e504c9a", "data": [{"text": "What can I take in the ", "userDefined": false}, {"meta": "@QUARTER", "alias": "QUARTER", "text": "Spring", "userDefined": false}, {"text": "?", "userDefined": false}], "count": 0, "isTemplate": false}, {"id": "7f505e57-accb-4968-97e7-47e12d23fa06", "data": [{"text": "What can I take in the ", "userDefined": false}, {"meta": "@QUARTER", "alias": "QUARTER", "text": "Spring", "userDefined": false}, {"text": "?", "userDefined": false}], "count": 0, "isTemplate": false}, {"id": "b5e21e32-25af-4a63-9fdf-a493474ab009", "data": [{"text": "What can I take in the ", "userDefined": false}, {"meta": "@QUARTER", "alias": "QUARTER", "text": "Summer", "userDefined": false}, {"text": "?", "userDefined": false}], "count": 0, "isTemplate": false}, {"id": "532676ce-bcd5-428e-82ea-3d9f20476645", "data": [{"text": "What can I take in the ", "userDefined": false}, {"meta": "@QUARTER", "alias": "QUARTER", "text": "Fall", "userDefined": false}, {"text": "?", "userDefined": false}], "count": 0, "isTemplate": false}, {"id": "49fb223a-385c-4eca-8f6f-e18780b7fec9", "data": [{"text": "What can I take in the ", "userDefined": false}, {"meta": "@QUARTER", "alias": "QUARTER", "text": "Spring", "userDefined": false}, {"text": "?", "userDefined": false}], "count": 0, "isTemplate": false}, {"id": "522becca-9909-4982-adfd-775ce36bfc19", "data": [{"text": "What can I take in the ", "userDefined": false}, {"meta": "@QUARTER", "alias": "QUARTER", "text": "Fall", "userDefined": false}, {"text": "?", "userDefined": false}], "count": 0, "isTemplate": false}, {"id": "14bd65ed-a661-4fd7-b065-ab8a14e40827", "data": [{"text": "What can I take in the ", "userDefined": false}, {"meta": "@QUARTER", "alias": "QUARTER", "text": "Summer", "userDefined": false}, {"text": "?", "userDefined": false}], "count": 0, "isTemplate": false}, {"id": "2eea6ecb-4c89-42bf-b109-89b16e7e6170", "data": [{"text": "What can I take in the ", "userDefined": false}, {"meta": "@QUARTER", "alias": "QUARTER", "text": "Summer", "userDefined": false}, {"text": "?", "userDefined": false}], "count": 0, "isTemplate": false}, {"id": "46d528ec-1e16-41f2-b2ec-d4ea1aa7f269", "data": [{"text": "What can I take in the ", "userDefined": false}, {"meta": "@QUARTER", "alias": "QUARTER", "text": "Spring", "userDefined": false}, {"text": "?", "userDefined": false}], "count": 0, "isTemplate": false}, {"id": "613b7148-cfd0-48d2-a5ca-d14e9de8d22d", "data": [{"text": "What can I take in the ", "userDefined": false}, {"meta": "@QUARTER", "alias": "QUARTER", "text": "Spring", "userDefined": false}, {"text": "?", "userDefined": false}], "count": 0, "isTemplate": false}, {"id": "5159e5e2-b8ad-4ffe-a06d-c5e69135b7dc", "data": [{"text": "What can I take during the ", "userDefined": false}, {"meta": "@QUARTER", "alias": "QUARTER", "text": "Summer", "userDefined": false}, {"text": "?", "userDefined": false}], "count": 0, "isTemplate": false}, {"id": "dd13a27d-c359-40db-a551-d128e62774ce", "data": [{"text": "What can I take during the ", "userDefined": false}, {"meta": "@QUARTER", "alias": "QUARTER", "text": "Winter", "userDefined": false}, {"text": "?", "userDefined": false}], "count": 0, "isTemplate": false}, {"id": "c334d857-18f8-4edf-b877-001f769eaaf1", "data": [{"text": "What can I take during the ", "userDefined": false}, {"meta": "@QUARTER", "alias": "QUARTER", "text": "Winter", "userDefined": false}, {"text": "?", "userDefined": false}], "count": 0, "isTemplate": false}, {"id": "dcd67094-d91b-4a8f-95cc-2f1123c61d1b", "data": [{"text": "What can I take during the ", "userDefined": false}, {"meta": "@QUARTER", "alias": "QUARTER", "text": "Summer", "userDefined": false}, {"text": "?", "userDefined": false}], "count": 0, "isTemplate": false}, {"id": "1c9a02bf-9d36-4470-b76c-b13463d4c7b5", "data": [{"text": "What can I take during the ", "userDefined": false}, {"meta": "@QUARTER", "alias": "QUARTER", "text": "Winter", "userDefined": false}, {"text": "?", "userDefined": false}], "count": 0, "isTemplate": false}, {"id": "50161b26-89dd-411c-b407-a86a982ba63e", "data": [{"text": "What can I take during the ", "userDefined": false}, {"meta": "@QUARTER", "alias": "QUARTER", "text": "Summer", "userDefined": false}, {"text": "?", "userDefined": false}], "count": 0, "isTemplate": false}, {"id": "5b8ad55f-ba06-4bb0-9e13-7613a1ff4d19", "data": [{"text": "What can I take during the ", "userDefined": false}, {"meta": "@QUARTER", "alias": "QUARTER", "text": "Spring", "userDefined": false}, {"text": "?", "userDefined": false}], "count": 0, "isTemplate": false}, {"id": "20fb3ae8-f5b9-4d3c-bbbc-9ab02329d63f", "data": [{"text": "What can I take during the ", "userDefined": false}, {"meta": "@QUARTER", "alias": "QUARTER", "text": "Winter", "userDefined": false}, {"text": "?", "userDefined": false}], "count": 0, "isTemplate": false}, {"id": "0d868aec-cd56-4580-b933-2617f29d2777", "data": [{"text": "What can I take during the ", "userDefined": false}, {"meta": "@QUARTER", "alias": "QUARTER", "text": "Winter", "userDefined": false}, {"text": "?", "userDefined": false}], "count": 0, "isTemplate": false}, {"id": "133477e9-8a72-4219-b41f-7bf2f79a115e", "data": [{"text": "What can I take during the ", "userDefined": false}, {"meta": "@QUARTER", "alias": "QUARTER", "text": "Summer", "userDefined": false}, {"text": "?", "userDefined": false}], "count": 0, "isTemplate": false}, {"id": "b3e01885-ca00-49bc-9a7e-10f5271fbb5f", "data": [{"text": "Which classes are offered in ", "userDefined": false}, {"meta": "@QUARTER", "alias": "QUARTER", "text": "Winter", "userDefined": false}, {"text": "?", "userDefined": false}], "count": 0, "isTemplate": false}, {"id": "8d78779c-07b5-4c51-a51d-52928326165f", "data": [{"text": "Which classes are offered in ", "userDefined": false}, {"meta": "@QUARTER", "alias": "QUARTER", "text": "Summer", "userDefined": false}, {"text": "?", "userDefined": false}], "count": 0, "isTemplate": false}, {"id": "e0e4006d-adc7-4f38-9b84-be0bfc07d9f3", "data": [{"text": "Which classes are offered in ", "userDefined": false}, {"meta": "@QUARTER", "alias": "QUARTER", "text": "Summer", "userDefined": false}, {"text": "?", "userDefined": false}], "count": 0, "isTemplate": false}, {"id": "e70c7cc9-8ee5-4fcd-9b0f-e12e6eab9578", "data": [{"text": "Which classes are offered in ", "userDefined": false}, {"meta": "@QUARTER", "alias": "QUARTER", "text": "Spring", "userDefined": false}, {"text": "?", "userDefined": false}], "count": 0, "isTemplate": false}, {"id": "115264dd-754a-4133-90c7-de4e69ee5fda", "data": [{"text": "Which classes are offered in ", "userDefined": false}, {"meta": "@QUARTER", "alias": "QUARTER", "text": "Summer", "userDefined": false}, {"text": "?", "userDefined": false}], "count": 0, "isTemplate": false}, {"id": "7c9a6c53-5897-4358-877a-e4ed9d3e311f", "data": [{"text": "Which classes are offered in ", "userDefined": false}, {"meta": "@QUARTER", "alias": "QUARTER", "text": "Summer", "userDefined": false}, {"text": "?", "userDefined": false}], "count": 0, "isTemplate": false}, {"id": "56fa770c-7f98-470f-81ac-a1664c108ed8", "data": [{"text": "Which classes are offered in ", "userDefined": false}, {"meta": "@QUARTER", "alias": "QUARTER", "text": "Winter", "userDefined": false}, {"text": "?", "userDefined": false}], "count": 0, "isTemplate": false}, {"id": "b00a9b62-1750-4e92-afc3-6a4a78d47bb3", "data": [{"text": "Which classes are offered in ", "userDefined": false}, {"meta": "@QUARTER", "alias": "QUARTER", "text": "Fall", "userDefined": false}, {"text": "?", "userDefined": false}], "count": 0, "isTemplate": false}, {"id": "8fa5ce1f-7710-4f7c-a033-573de2e2eb33", "data": [{"text": "Which classes are offered in ", "userDefined": false}, {"meta": "@QUARTER", "alias": "QUARTER", "text": "Summer", "userDefined": false}, {"text": "?", "userDefined": false}], "count": 0, "isTemplate": false}, {"id": "52b61d17-fe29-44ee-8b83-6a34c52e393b", "data": [{"text": "Which classes are offered in ", "userDefined": false}, {"meta": "@QUARTER", "alias": "QUARTER", "text": "Summer", "userDefined": false}, {"text": "?", "userDefined": false}], "count": 0, "isTemplate": false}]