[{"count": 0, "data": [{"userDefined": false, "text": "What is the class code for "}, {"userDefined": false, "meta": "@CLASS_NAME", "alias": "CLASS_NAME", "text": "CSC 580"}, {"userDefined": false, "text": "?"}], "isTemplate": false, "id": "75d2f174-119c-4208-99ae-ff6ba64979cb"}, {"count": 0, "data": [{"userDefined": false, "text": "What code does "}, {"userDefined": false, "meta": "@CLASS_NAME", "alias": "CLASS_NAME", "text": "CSC 448"}, {"userDefined": false, "text": " have?"}], "isTemplate": false, "id": "3bed1d3a-9ff0-431a-ab4d-73b73e5f657f"}, {"count": 0, "data": [{"userDefined": false, "text": "What is "}, {"userDefined": false, "meta": "@CLASS_NAME", "alias": "CLASS_NAME", "text": "introduction-to interactive entertainment"}, {"userDefined": false, "text": "'s course code?"}], "isTemplate": false, "id": "382b2645-96b6-4224-b06f-c2cd6ab341fa"}, {"count": 0, "data": [{"userDefined": false, "text": "Which course code is "}, {"userDefined": false, "meta": "@CLASS_NAME", "alias": "CLASS_NAME", "text": "introduction-to computer graphics"}, {"userDefined": false, "text": "?"}], "isTemplate": false, "id": "66305734-ba57-446a-80b6-00edde1c8764"}, {"count": 0, "data": [{"userDefined": false, "text": "What is the course code for "}, {"userDefined": false, "meta": "@CLASS_NAME", "alias": "CLASS_NAME", "text": "introduction-to computer organization"}, {"userDefined": false, "text": "?"}], "isTemplate": false, "id": "b25a2750-b2ec-4bf0-a9e8-22a40c8dcc60"}]