[{"count": 0, "data": [{"userDefined": false, "text": "What classes can I take in "}, {"userDefined": false, "meta": "@QUARTER", "alias": "QUARTER", "text": "Summer"}, {"userDefined": false, "text": "?"}], "isTemplate": false, "id": "965e57a9-8774-42ab-a78c-91dea479d96f"}, {"count": 0, "data": [{"userDefined": false, "text": "What classes are offered during the "}, {"userDefined": false, "meta": "@QUARTER", "alias": "QUARTER", "text": "Summer"}, {"userDefined": false, "text": "?"}], "isTemplate": false, "id": "1108a3ed-05d7-4117-8c44-ab5b701bbe01"}, {"count": 0, "data": [{"userDefined": false, "text": "What courses can I take in "}, {"userDefined": false, "meta": "@QUARTER", "alias": "QUARTER", "text": "Summer"}, {"userDefined": false, "text": "?"}], "isTemplate": false, "id": "5d40f6da-a637-4efd-a0ca-63dac46d5c66"}, {"count": 0, "data": [{"userDefined": false, "text": "What courses are offered during the "}, {"userDefined": false, "meta": "@QUARTER", "alias": "QUARTER", "text": "Winter"}, {"userDefined": false, "text": "?"}], "isTemplate": false, "id": "076ab428-74d6-4d77-bfd6-bdbf5e26eecd"}, {"count": 0, "data": [{"userDefined": false, "text": "What can I take in "}, {"userDefined": false, "meta": "@QUARTER", "alias": "QUARTER", "text": "Summer"}, {"userDefined": false, "text": "?"}], "isTemplate": false, "id": "2a8713cd-89e8-40ac-bc5f-3c22de433488"}, {"count": 0, "data": [{"userDefined": false, "text": "What can I take in the "}, {"userDefined": false, "meta": "@QUARTER", "alias": "QUARTER", "text": "Summer"}, {"userDefined": false, "text": "?"}], "isTemplate": false, "id": "5cdd6c2f-e0f3-4a11-a371-f070a49c1127"}, {"count": 0, "data": [{"userDefined": false, "text": "What can I take during the "}, {"userDefined": false, "meta": "@QUARTER", "alias": "QUARTER", "text": "Spring"}, {"userDefined": false, "text": "?"}], "isTemplate": false, "id": "15952440-98fc-4a37-949f-cd1066b6b45d"}, {"count": 0, "data": [{"userDefined": false, "text": "Which classes are offered in "}, {"userDefined": false, "meta": "@QUARTER", "alias": "QUARTER", "text": "Winter"}, {"userDefined": false, "text": "?"}], "isTemplate": false, "id": "7343731d-daf1-4926-8019-2db3f4407c74"}]