[{"count": 0, "data": [{"userDefined": false, "text": "What quarter is "}, {"userDefined": false, "meta": "@CLASS_NAME", "alias": "CLASS_NAME", "text": "introduction-to software engineering"}, {"userDefined": false, "text": " mostly taken in?"}], "isTemplate": false, "id": "67cfd764-ad53-4e70-80a9-89301c278814"}, {"count": 0, "data": [{"userDefined": false, "text": "What quarter is "}, {"userDefined": false, "meta": "@CLASS_NAME", "alias": "CLASS_NAME", "text": "introduction-to privacy: policy-and technology"}, {"userDefined": false, "text": " taken most frequently in?"}], "isTemplate": false, "id": "bf2cdae1-5487-4361-8f91-bd41563e4aef"}, {"count": 0, "data": [{"userDefined": false, "text": "When do students usually take "}, {"userDefined": false, "meta": "@CLASS_NAME", "alias": "CLASS_NAME", "text": "CSC 490"}, {"userDefined": false, "text": "?"}], "isTemplate": false, "id": "7a1b71bc-c6f3-4e95-b754-ed440fcc59ed"}, {"count": 0, "data": [{"userDefined": false, "text": "What is the most common quarter to take "}, {"userDefined": false, "meta": "@CLASS_NAME", "alias": "CLASS_NAME", "text": "problem solving-with computers"}, {"userDefined": false, "text": "?"}], "isTemplate": false, "id": "e227bdc7-1e86-461c-abcd-adfbc9a4edae"}, {"count": 0, "data": [{"userDefined": false, "text": "When should I take "}, {"userDefined": false, "meta": "@CLASS_NAME", "alias": "CLASS_NAME", "text": "CSC 366"}, {"userDefined": false, "text": "?"}], "isTemplate": false, "id": "3be50ce6-e6bc-4b8d-8792-d2056d8e300c"}, {"count": 0, "data": [{"userDefined": false, "text": "When is most common to take "}, {"userDefined": false, "meta": "@CLASS_NAME", "alias": "CLASS_NAME", "text": "CSC 582"}, {"userDefined": false, "text": "?"}], "isTemplate": false, "id": "c10563ed-229b-4171-85ef-bcf20009e161"}, {"count": 0, "data": [{"userDefined": false, "text": "Which quarter should I take "}, {"userDefined": false, "meta": "@CLASS_NAME", "alias": "CLASS_NAME", "text": "operating systems"}, {"userDefined": false, "text": " in?"}], "isTemplate": false, "id": "85c986ce-007c-49f6-963a-c8458ec124f0"}, {"count": 0, "data": [{"userDefined": false, "text": "When do most people take "}, {"userDefined": false, "meta": "@CLASS_NAME", "alias": "CLASS_NAME", "text": "CSC 378"}, {"userDefined": false, "text": "?"}], "isTemplate": false, "id": "be3a2c34-3a5f-48ed-a020-72c88c2e1c2c"}]