[{"id": "f3fde208-5819-40a7-ba05-6716c02d6b48", "data": [{"text": "What quarter is ", "userDefined": false}, {"meta": "@CLASS_NAME", "alias": "CLASS_NAME", "text": "computer networks: research topics", "userDefined": false}, {"text": " mostly taken in?", "userDefined": false}], "count": 0, "isTemplate": false}, {"id": "f03fdd0b-bcdf-4ffb-81f0-16aa54f18212", "data": [{"text": "What quarter is ", "userDefined": false}, {"meta": "@CLASS_NAME", "alias": "CLASS_NAME", "text": "thesis seminar", "userDefined": false}, {"text": " mostly taken in?", "userDefined": false}], "count": 0, "isTemplate": false}, {"id": "836e2b90-b385-4466-bf40-c85a7ba61589", "data": [{"text": "What quarter is ", "userDefined": false}, {"meta": "@CLASS_NAME", "alias": "CLASS_NAME", "text": "CSC 378", "userDefined": false}, {"text": " mostly taken in?", "userDefined": false}], "count": 0, "isTemplate": false}, {"id": "f0b8b3bb-7b0e-4de2-b0e0-4083e0f8b3f5", "data": [{"text": "What quarter is ", "userDefined": false}, {"meta": "@CLASS_NAME", "alias": "CLASS_NAME", "text": "CSC 540", "userDefined": false}, {"text": " mostly taken in?", "userDefined": false}], "count": 0, "isTemplate": false}, {"id": "a3d8983d-3712-4552-aa5a-a6a970922f42", "data": [{"text": "What quarter is ", "userDefined": false}, {"meta": "@CLASS_NAME", "alias": "CLASS_NAME", "text": "CSC 300", "userDefined": false}, {"text": " mostly taken in?", "userDefined": false}], "count": 0, "isTemplate": false}, {"id": "92d25974-2763-4762-bf0e-cd77264dda28", "data": [{"text": "What quarter is ", "userDefined": false}, {"meta": "@CLASS_NAME", "alias": "CLASS_NAME", "text": "introduction-to distributed computing", "userDefined": false}, {"text": " mostly taken in?", "userDefined": false}], "count": 0, "isTemplate": false}, {"id": "8ff7008b-cc34-4220-a11f-5fe48255e702", "data": [{"text": "What quarter is ", "userDefined": false}, {"meta": "@CLASS_NAME", "alias": "CLASS_NAME", "text": "CSC 321", "userDefined": false}, {"text": " mostly taken in?", "userDefined": false}], "count": 0, "isTemplate": false}, {"id": "df914264-09c4-42ae-bf04-b77b35e5c675", "data": [{"text": "What quarter is ", "userDefined": false}, {"meta": "@CLASS_NAME", "alias": "CLASS_NAME", "text": "computer networks: research topics", "userDefined": false}, {"text": " mostly taken in?", "userDefined": false}], "count": 0, "isTemplate": false}, {"id": "a59d7e81-64cb-45f0-b35a-4d026da8266b", "data": [{"text": "What quarter is ", "userDefined": false}, {"meta": "@CLASS_NAME", "alias": "CLASS_NAME", "text": "software construction", "userDefined": false}, {"text": " mostly taken in?", "userDefined": false}], "count": 0, "isTemplate": false}, {"id": "3a3198e1-75ee-42cd-9e2e-dd230f02e3ab", "data": [{"text": "What quarter is ", "userDefined": false}, {"meta": "@CLASS_NAME", "alias": "CLASS_NAME", "text": "computer graphics", "userDefined": false}, {"text": " mostly taken in?", "userDefined": false}], "count": 0, "isTemplate": false}, {"id": "2151b0b9-c80f-494e-913d-1eba966d0328", "data": [{"text": "What quarter is ", "userDefined": false}, {"meta": "@CLASS_NAME", "alias": "CLASS_NAME", "text": "introduction-to database systems", "userDefined": false}, {"text": " taken most frequently in?", "userDefined": false}], "count": 0, "isTemplate": false}, {"id": "dd24ecd7-2eac-4716-b4a6-df4e7cc00793", "data": [{"text": "What quarter is ", "userDefined": false}, {"meta": "@CLASS_NAME", "alias": "CLASS_NAME", "text": "software engineering ii", "userDefined": false}, {"text": " taken most frequently in?", "userDefined": false}], "count": 0, "isTemplate": false}, {"id": "92d9bd6e-2903-41fe-a7db-1d1fc577a928", "data": [{"text": "What quarter is ", "userDefined": false}, {"meta": "@CLASS_NAME", "alias": "CLASS_NAME", "text": "CSC 521", "userDefined": false}, {"text": " taken most frequently in?", "userDefined": false}], "count": 0, "isTemplate": false}, {"id": "f2335fde-f353-4f9f-8a14-da8d2ec19c85", "data": [{"text": "What quarter is ", "userDefined": false}, {"meta": "@CLASS_NAME", "alias": "CLASS_NAME", "text": "CSC 521", "userDefined": false}, {"text": " taken most frequently in?", "userDefined": false}], "count": 0, "isTemplate": false}, {"id": "c3948cd1-43a7-4d69-b4b3-09cdcf2bc2cd", "data": [{"text": "What quarter is ", "userDefined": false}, {"meta": "@CLASS_NAME", "alias": "CLASS_NAME", "text": "CSC 450", "userDefined": false}, {"text": " taken most frequently in?", "userDefined": false}], "count": 0, "isTemplate": false}, {"id": "ad44b682-8b0c-4324-bdc0-19d1b60bd574", "data": [{"text": "What quarter is ", "userDefined": false}, {"meta": "@CLASS_NAME", "alias": "CLASS_NAME", "text": "database systems", "userDefined": false}, {"text": " taken most frequently in?", "userDefined": false}], "count": 0, "isTemplate": false}, {"id": "37dd5b9a-5e89-4f3d-be5e-bd913ab196ee", "data": [{"text": "What quarter is ", "userDefined": false}, {"meta": "@CLASS_NAME", "alias": "CLASS_NAME", "text": "CSC 590", "userDefined": false}, {"text": " taken most frequently in?", "userDefined": false}], "count": 0, "isTemplate": false}, {"id": "1c59a162-c594-4e50-9aac-74b86217d5f3", "data": [{"text": "What quarter is ", "userDefined": false}, {"meta": "@CLASS_NAME", "alias": "CLASS_NAME", "text": "CSC 409", "userDefined": false}, {"text": " taken most frequently in?", "userDefined": false}], "count": 0, "isTemplate": false}, {"id": "e9f20b8c-de22-44f6-b0d2-e13eb3090a5d", "data": [{"text": "What quarter is ", "userDefined": false}, {"meta": "@CLASS_NAME", "alias": "CLASS_NAME", "text": "CSC 450", "userDefined": false}, {"text": " taken most frequently in?", "userDefined": false}], "count": 0, "isTemplate": false}, {"id": "83de5802-497d-458b-bca6-3834517bc70a", "data": [{"text": "What quarter is ", "userDefined": false}, {"meta": "@CLASS_NAME", "alias": "CLASS_NAME", "text": "CSC 564", "userDefined": false}, {"text": " taken most frequently in?", "userDefined": false}], "count": 0, "isTemplate": false}, {"id": "dbb68927-c52c-49bc-9ba7-d12839b50729", "data": [{"text": "When do students usually take ", "userDefined": false}, {"meta": "@CLASS_NAME", "alias": "CLASS_NAME", "text": "CSC 300", "userDefined": false}, {"text": "?", "userDefined": false}], "count": 0, "isTemplate": false}, {"id": "9f835945-b03b-4dc1-a68e-0cd584691abc", "data": [{"text": "When do students usually take ", "userDefined": false}, {"meta": "@CLASS_NAME", "alias": "CLASS_NAME", "text": "CSC 429", "userDefined": false}, {"text": "?", "userDefined": false}], "count": 0, "isTemplate": false}, {"id": "cafbcb9b-ce4e-4a4f-a039-4e37e7de5ec7", "data": [{"text": "When do students usually take ", "userDefined": false}, {"meta": "@CLASS_NAME", "alias": "CLASS_NAME", "text": "languages-and translators", "userDefined": false}, {"text": "?", "userDefined": false}], "count": 0, "isTemplate": false}, {"id": "fc33709b-a2df-45f1-8ab7-7f1592721cf7", "data": [{"text": "When do students usually take ", "userDefined": false}, {"meta": "@CLASS_NAME", "alias": "CLASS_NAME", "text": "computers-and society", "userDefined": false}, {"text": "?", "userDefined": false}], "count": 0, "isTemplate": false}, {"id": "73f1a147-7ac1-47e6-948b-85505a0e3044", "data": [{"text": "When do students usually take ", "userDefined": false}, {"meta": "@CLASS_NAME", "alias": "CLASS_NAME", "text": "thesis", "userDefined": false}, {"text": "?", "userDefined": false}], "count": 0, "isTemplate": false}, {"id": "3ee4c471-e13f-40b2-856c-add2aa5300c4", "data": [{"text": "When do students usually take ", "userDefined": false}, {"meta": "@CLASS_NAME", "alias": "CLASS_NAME", "text": "computer networks: research topics", "userDefined": false}, {"text": "?", "userDefined": false}], "count": 0, "isTemplate": false}, {"id": "22c9787c-f345-4074-bb18-ecfe52c8311b", "data": [{"text": "When do students usually take ", "userDefined": false}, {"meta": "@CLASS_NAME", "alias": "CLASS_NAME", "text": "computer security", "userDefined": false}, {"text": "?", "userDefined": false}], "count": 0, "isTemplate": false}, {"id": "5d49f5c7-18fc-4e83-bae1-a4b54232989f", "data": [{"text": "When do students usually take ", "userDefined": false}, {"meta": "@CLASS_NAME", "alias": "CLASS_NAME", "text": "CSC 484", "userDefined": false}, {"text": "?", "userDefined": false}], "count": 0, "isTemplate": false}, {"id": "0fd12aed-2eb6-45cd-8068-6f906adf2345", "data": [{"text": "When do students usually take ", "userDefined": false}, {"meta": "@CLASS_NAME", "alias": "CLASS_NAME", "text": "directed study", "userDefined": false}, {"text": "?", "userDefined": false}], "count": 0, "isTemplate": false}, {"id": "a2a7cc95-9697-4706-8616-cc705003d714", "data": [{"text": "When do students usually take ", "userDefined": false}, {"meta": "@CLASS_NAME", "alias": "CLASS_NAME", "text": "computer graphics", "userDefined": false}, {"text": "?", "userDefined": false}], "count": 0, "isTemplate": false}, {"id": "51a21ea3-46e8-42df-998c-41c9cabb12cb", "data": [{"text": "What is the most common quarter to take ", "userDefined": false}, {"meta": "@CLASS_NAME", "alias": "CLASS_NAME", "text": "introduction-to computing", "userDefined": false}, {"text": "?", "userDefined": false}], "count": 0, "isTemplate": false}, {"id": "cb95a82a-4355-4474-bee0-5c733345b2b3", "data": [{"text": "What is the most common quarter to take ", "userDefined": false}, {"meta": "@CLASS_NAME", "alias": "CLASS_NAME", "text": "CSC 123", "userDefined": false}, {"text": "?", "userDefined": false}], "count": 0, "isTemplate": false}, {"id": "3c5f208d-31b4-49e3-a04f-3647d4fe5206", "data": [{"text": "What is the most common quarter to take ", "userDefined": false}, {"meta": "@CLASS_NAME", "alias": "CLASS_NAME", "text": "current topics-in human-computer interaction", "userDefined": false}, {"text": "?", "userDefined": false}], "count": 0, "isTemplate": false}, {"id": "8a99b39b-8363-4ae7-a920-8eddc3899470", "data": [{"text": "What is the most common quarter to take ", "userDefined": false}, {"meta": "@CLASS_NAME", "alias": "CLASS_NAME", "text": "computing-for interactive arts capstone ii", "userDefined": false}, {"text": "?", "userDefined": false}], "count": 0, "isTemplate": false}, {"id": "a3a1e178-89bb-49a8-aa48-c837185d63a0", "data": [{"text": "What is the most common quarter to take ", "userDefined": false}, {"meta": "@CLASS_NAME", "alias": "CLASS_NAME", "text": "CSC 101", "userDefined": false}, {"text": "?", "userDefined": false}], "count": 0, "isTemplate": false}, {"id": "bc05653e-8dbc-4b17-8067-1f1a8a90e348", "data": [{"text": "What is the most common quarter to take ", "userDefined": false}, {"meta": "@CLASS_NAME", "alias": "CLASS_NAME", "text": "theory-of computation ii", "userDefined": false}, {"text": "?", "userDefined": false}], "count": 0, "isTemplate": false}, {"id": "c57c2c06-8e63-49f4-8728-a46e794b1f62", "data": [{"text": "What is the most common quarter to take ", "userDefined": false}, {"meta": "@CLASS_NAME", "alias": "CLASS_NAME", "text": "CSC 495", "userDefined": false}, {"text": "?", "userDefined": false}], "count": 0, "isTemplate": false}, {"id": "eadf5a44-e39b-426e-91f3-a3f20cc89dae", "data": [{"text": "What is the most common quarter to take ", "userDefined": false}, {"meta": "@CLASS_NAME", "alias": "CLASS_NAME", "text": "CSC 232", "userDefined": false}, {"text": "?", "userDefined": false}], "count": 0, "isTemplate": false}, {"id": "29b13927-b2ae-4825-af03-8d2faf63f8b2", "data": [{"text": "What is the most common quarter to take ", "userDefined": false}, {"meta": "@CLASS_NAME", "alias": "CLASS_NAME", "text": "CSC 235", "userDefined": false}, {"text": "?", "userDefined": false}], "count": 0, "isTemplate": false}, {"id": "dec578cf-ee3b-477d-8b06-4f9cd4fa0948", "data": [{"text": "What is the most common quarter to take ", "userDefined": false}, {"meta": "@CLASS_NAME", "alias": "CLASS_NAME", "text": "CSC 225", "userDefined": false}, {"text": "?", "userDefined": false}], "count": 0, "isTemplate": false}, {"id": "2e7145d5-97db-4b67-9449-3a8e7692c677", "data": [{"text": "When should I take ", "userDefined": false}, {"meta": "@CLASS_NAME", "alias": "CLASS_NAME", "text": "cooperative education experience", "userDefined": false}, {"text": "?", "userDefined": false}], "count": 0, "isTemplate": false}, {"id": "f6cd0509-967c-44a2-866c-5ae3603e0651", "data": [{"text": "When should I take ", "userDefined": false}, {"meta": "@CLASS_NAME", "alias": "CLASS_NAME", "text": "current topics-in software engineering", "userDefined": false}, {"text": "?", "userDefined": false}], "count": 0, "isTemplate": false}, {"id": "ff69f33d-e03f-4977-b6bc-81aaa8821c6a", "data": [{"text": "When should I take ", "userDefined": false}, {"meta": "@CLASS_NAME", "alias": "CLASS_NAME", "text": "thesis", "userDefined": false}, {"text": "?", "userDefined": false}], "count": 0, "isTemplate": false}, {"id": "1750b854-efce-466e-bcc5-2a563482fcfc", "data": [{"text": "When should I take ", "userDefined": false}, {"meta": "@CLASS_NAME", "alias": "CLASS_NAME", "text": "CSC 580", "userDefined": false}, {"text": "?", "userDefined": false}], "count": 0, "isTemplate": false}, {"id": "9fcea33d-cf7e-4ae5-a03a-7e1d8c937f48", "data": [{"text": "When should I take ", "userDefined": false}, {"meta": "@CLASS_NAME", "alias": "CLASS_NAME", "text": "knowledge discovery-from data", "userDefined": false}, {"text": "?", "userDefined": false}], "count": 0, "isTemplate": false}, {"id": "c0da636a-82eb-475d-958b-0c3109f2f0cc", "data": [{"text": "When should I take ", "userDefined": false}, {"meta": "@CLASS_NAME", "alias": "CLASS_NAME", "text": "CSC 453", "userDefined": false}, {"text": "?", "userDefined": false}], "count": 0, "isTemplate": false}, {"id": "06ad235c-468d-45d8-b125-9fe38ddbb944", "data": [{"text": "When should I take ", "userDefined": false}, {"meta": "@CLASS_NAME", "alias": "CLASS_NAME", "text": "CSC 484", "userDefined": false}, {"text": "?", "userDefined": false}], "count": 0, "isTemplate": false}, {"id": "6f6a5fc0-66cd-4c0b-bbdf-85a525ea1a66", "data": [{"text": "When should I take ", "userDefined": false}, {"meta": "@CLASS_NAME", "alias": "CLASS_NAME", "text": "database systems", "userDefined": false}, {"text": "?", "userDefined": false}], "count": 0, "isTemplate": false}, {"id": "2f44a633-216b-4d7f-b0c4-5d72b7a43a37", "data": [{"text": "When should I take ", "userDefined": false}, {"meta": "@CLASS_NAME", "alias": "CLASS_NAME", "text": "CSC 490", "userDefined": false}, {"text": "?", "userDefined": false}], "count": 0, "isTemplate": false}, {"id": "8aa2d9b9-d5d4-4c0c-87db-a01017ccfb1f", "data": [{"text": "When should I take ", "userDefined": false}, {"meta": "@CLASS_NAME", "alias": "CLASS_NAME", "text": "current topics-in computer systems", "userDefined": false}, {"text": "?", "userDefined": false}], "count": 0, "isTemplate": false}, {"id": "16999d17-a19f-437a-9d37-3406a9aa8a8b", "data": [{"text": "When is most common to take ", "userDefined": false}, {"meta": "@CLASS_NAME", "alias": "CLASS_NAME", "text": "CSC 436", "userDefined": false}, {"text": "?", "userDefined": false}], "count": 0, "isTemplate": false}, {"id": "4a2ca221-0916-43a6-86eb-4b991f5b3719", "data": [{"text": "When is most common to take ", "userDefined": false}, {"meta": "@CLASS_NAME", "alias": "CLASS_NAME", "text": "computing-for interactive arts capstone ii", "userDefined": false}, {"text": "?", "userDefined": false}], "count": 0, "isTemplate": false}, {"id": "ada12bc2-8bd6-459f-b6c7-d2453ee0e567", "data": [{"text": "When is most common to take ", "userDefined": false}, {"meta": "@CLASS_NAME", "alias": "CLASS_NAME", "text": "CSC 564", "userDefined": false}, {"text": "?", "userDefined": false}], "count": 0, "isTemplate": false}, {"id": "657caf37-cfee-47bc-a87a-c7dab22f47e6", "data": [{"text": "When is most common to take ", "userDefined": false}, {"meta": "@CLASS_NAME", "alias": "CLASS_NAME", "text": "introduction-to object oriented design using graphical user interfaces", "userDefined": false}, {"text": "?", "userDefined": false}], "count": 0, "isTemplate": false}, {"id": "e22a69cd-7c1f-4050-a8f1-27259041062a", "data": [{"text": "When is most common to take ", "userDefined": false}, {"meta": "@CLASS_NAME", "alias": "CLASS_NAME", "text": "practical computer security-for everyone", "userDefined": false}, {"text": "?", "userDefined": false}], "count": 0, "isTemplate": false}, {"id": "c019a9b5-c043-42ee-abc9-f2219876473c", "data": [{"text": "When is most common to take ", "userDefined": false}, {"meta": "@CLASS_NAME", "alias": "CLASS_NAME", "text": "deep learning", "userDefined": false}, {"text": "?", "userDefined": false}], "count": 0, "isTemplate": false}, {"id": "dbd02a08-528d-4314-8238-a43b61b65c09", "data": [{"text": "When is most common to take ", "userDefined": false}, {"meta": "@CLASS_NAME", "alias": "CLASS_NAME", "text": "cooperative education experience", "userDefined": false}, {"text": "?", "userDefined": false}], "count": 0, "isTemplate": false}, {"id": "cd841670-7d09-4520-961f-97d1b063c38d", "data": [{"text": "When is most common to take ", "userDefined": false}, {"meta": "@CLASS_NAME", "alias": "CLASS_NAME", "text": "CSC 450", "userDefined": false}, {"text": "?", "userDefined": false}], "count": 0, "isTemplate": false}, {"id": "899ea1db-c3df-4d58-892f-481100bb5f13", "data": [{"text": "When is most common to take ", "userDefined": false}, {"meta": "@CLASS_NAME", "alias": "CLASS_NAME", "text": "database modeling, design-and implementation", "userDefined": false}, {"text": "?", "userDefined": false}], "count": 0, "isTemplate": false}, {"id": "2e59bc85-1b0b-4f45-84ef-21ae6106dd0f", "data": [{"text": "When is most common to take ", "userDefined": false}, {"meta": "@CLASS_NAME", "alias": "CLASS_NAME", "text": "CSC 564", "userDefined": false}, {"text": "?", "userDefined": false}], "count": 0, "isTemplate": false}, {"id": "f1f35831-e88e-43a8-96a6-85a33a2d70d3", "data": [{"text": "Which quarter should I take ", "userDefined": false}, {"meta": "@CLASS_NAME", "alias": "CLASS_NAME", "text": "special problems", "userDefined": false}, {"text": " in?", "userDefined": false}], "count": 0, "isTemplate": false}, {"id": "7994875b-6cbb-4bde-bc47-631cae64d4fc", "data": [{"text": "Which quarter should I take ", "userDefined": false}, {"meta": "@CLASS_NAME", "alias": "CLASS_NAME", "text": "fundamentals-of computer science-for scientists-and engineers ii", "userDefined": false}, {"text": " in?", "userDefined": false}], "count": 0, "isTemplate": false}, {"id": "91760927-282f-4b5a-90a6-5c4171cc6c2c", "data": [{"text": "Which quarter should I take ", "userDefined": false}, {"meta": "@CLASS_NAME", "alias": "CLASS_NAME", "text": "game design", "userDefined": false}, {"text": " in?", "userDefined": false}], "count": 0, "isTemplate": false}, {"id": "7bd53149-648d-4477-bfca-30976fe74bfc", "data": [{"text": "Which quarter should I take ", "userDefined": false}, {"meta": "@CLASS_NAME", "alias": "CLASS_NAME", "text": "user-centered interface design-and development", "userDefined": false}, {"text": " in?", "userDefined": false}], "count": 0, "isTemplate": false}, {"id": "3cc250fa-498f-47a9-ad7c-a7133a637ddc", "data": [{"text": "Which quarter should I take ", "userDefined": false}, {"meta": "@CLASS_NAME", "alias": "CLASS_NAME", "text": "accelerated introduction-to computer science", "userDefined": false}, {"text": " in?", "userDefined": false}], "count": 0, "isTemplate": false}, {"id": "8d7a11f7-0f6d-4041-9171-f1c5f9aac43b", "data": [{"text": "Which quarter should I take ", "userDefined": false}, {"meta": "@CLASS_NAME", "alias": "CLASS_NAME", "text": "CSC 478", "userDefined": false}, {"text": " in?", "userDefined": false}], "count": 0, "isTemplate": false}, {"id": "c4c5cdcf-7033-46e3-b900-6c126a4eb13e", "data": [{"text": "Which quarter should I take ", "userDefined": false}, {"meta": "@CLASS_NAME", "alias": "CLASS_NAME", "text": "cooperative education experience", "userDefined": false}, {"text": " in?", "userDefined": false}], "count": 0, "isTemplate": false}, {"id": "79f71391-0c3d-4df1-93e9-1b1339b98a86", "data": [{"text": "Which quarter should I take ", "userDefined": false}, {"meta": "@CLASS_NAME", "alias": "CLASS_NAME", "text": "CSC 498", "userDefined": false}, {"text": " in?", "userDefined": false}], "count": 0, "isTemplate": false}, {"id": "91d4a3bd-177f-4a2e-97ad-c5ba8e9fe8ad", "data": [{"text": "Which quarter should I take ", "userDefined": false}, {"meta": "@CLASS_NAME", "alias": "CLASS_NAME", "text": "CSC 482", "userDefined": false}, {"text": " in?", "userDefined": false}], "count": 0, "isTemplate": false}, {"id": "d47eb677-d71e-40d1-bfdf-c749009824ef", "data": [{"text": "Which quarter should I take ", "userDefined": false}, {"meta": "@CLASS_NAME", "alias": "CLASS_NAME", "text": "computer security", "userDefined": false}, {"text": " in?", "userDefined": false}], "count": 0, "isTemplate": false}, {"id": "d7045076-f74a-49d0-8be9-a1be25a0d059", "data": [{"text": "When do most people take ", "userDefined": false}, {"meta": "@CLASS_NAME", "alias": "CLASS_NAME", "text": "CSC 471", "userDefined": false}, {"text": "?", "userDefined": false}], "count": 0, "isTemplate": false}, {"id": "f670b92d-1426-4d6c-a384-46708b25f275", "data": [{"text": "When do most people take ", "userDefined": false}, {"meta": "@CLASS_NAME", "alias": "CLASS_NAME", "text": "computer support-for knowledge management", "userDefined": false}, {"text": "?", "userDefined": false}], "count": 0, "isTemplate": false}, {"id": "e7cd17a4-6b91-45f2-b3ea-d2b2874eeaef", "data": [{"text": "When do most people take ", "userDefined": false}, {"meta": "@CLASS_NAME", "alias": "CLASS_NAME", "text": "CSC 566", "userDefined": false}, {"text": "?", "userDefined": false}], "count": 0, "isTemplate": false}, {"id": "ac4eca47-6471-4eea-98d9-92bf1d3d5db9", "data": [{"text": "When do most people take ", "userDefined": false}, {"meta": "@CLASS_NAME", "alias": "CLASS_NAME", "text": "CSC 436", "userDefined": false}, {"text": "?", "userDefined": false}], "count": 0, "isTemplate": false}, {"id": "4010fd84-db36-4ae7-9c09-8af5f06ddeed", "data": [{"text": "When do most people take ", "userDefined": false}, {"meta": "@CLASS_NAME", "alias": "CLASS_NAME", "text": "research-in computer science i", "userDefined": false}, {"text": "?", "userDefined": false}], "count": 0, "isTemplate": false}, {"id": "805462f2-50a2-44cc-8075-1241a42fcfea", "data": [{"text": "When do most people take ", "userDefined": false}, {"meta": "@CLASS_NAME", "alias": "CLASS_NAME", "text": "computers-and society", "userDefined": false}, {"text": "?", "userDefined": false}], "count": 0, "isTemplate": false}, {"id": "a5b72c2b-653a-4747-ba76-971df6248ede", "data": [{"text": "When do most people take ", "userDefined": false}, {"meta": "@CLASS_NAME", "alias": "CLASS_NAME", "text": "CSC 484", "userDefined": false}, {"text": "?", "userDefined": false}], "count": 0, "isTemplate": false}, {"id": "7f428fa5-c0dd-4554-b645-420bd5bd1f51", "data": [{"text": "When do most people take ", "userDefined": false}, {"meta": "@CLASS_NAME", "alias": "CLASS_NAME", "text": "CSC 498", "userDefined": false}, {"text": "?", "userDefined": false}], "count": 0, "isTemplate": false}, {"id": "1c4241f1-8bb2-48a3-9863-cffa03d07586", "data": [{"text": "When do most people take ", "userDefined": false}, {"meta": "@CLASS_NAME", "alias": "CLASS_NAME", "text": "CSC 593", "userDefined": false}, {"text": "?", "userDefined": false}], "count": 0, "isTemplate": false}, {"id": "c079a57b-b16f-4ef5-b717-23b29f8e7a1f", "data": [{"text": "When do most people take ", "userDefined": false}, {"meta": "@CLASS_NAME", "alias": "CLASS_NAME", "text": "CSC 309", "userDefined": false}, {"text": "?", "userDefined": false}], "count": 0, "isTemplate": false}]