[{"id": "dde8b21d-3d45-4605-a41b-676e3b0a02af", "data": [{"text": "Which courses have ", "userDefined": false}, {"meta": "@CLASS_NAME", "alias": "CLASS_NAME", "text": "artificial intelligence", "userDefined": false}, {"text": " as a prerequisite?", "userDefined": false}], "count": 0, "isTemplate": false}, {"id": "8fdc0c05-dc53-4162-aef8-ec9123281f07", "data": [{"text": "Which courses have ", "userDefined": false}, {"meta": "@CLASS_NAME", "alias": "CLASS_NAME", "text": "programming-for engineering students", "userDefined": false}, {"text": " as a prerequisite?", "userDefined": false}], "count": 0, "isTemplate": false}, {"id": "73f79ded-d8c5-4dcf-9fba-4a69dfa93b7e", "data": [{"text": "Which courses have ", "userDefined": false}, {"meta": "@CLASS_NAME", "alias": "CLASS_NAME", "text": "CSC 303", "userDefined": false}, {"text": " as a prerequisite?", "userDefined": false}], "count": 0, "isTemplate": false}, {"id": "eb3bd8fc-3c2d-40fe-83b2-ac6b4a2a5ee2", "data": [{"text": "Which courses have ", "userDefined": false}, {"meta": "@CLASS_NAME", "alias": "CLASS_NAME", "text": "computers-for poets", "userDefined": false}, {"text": " as a prerequisite?", "userDefined": false}], "count": 0, "isTemplate": false}, {"id": "b4044008-eaa8-4919-8e3a-b0e61f831128", "data": [{"text": "Which courses have ", "userDefined": false}, {"meta": "@CLASS_NAME", "alias": "CLASS_NAME", "text": "cooperative education experience", "userDefined": false}, {"text": " as a prerequisite?", "userDefined": false}], "count": 0, "isTemplate": false}, {"id": "566722e2-19f1-4b36-af74-a7e47b3f0eac", "data": [{"text": "Which courses have ", "userDefined": false}, {"meta": "@CLASS_NAME", "alias": "CLASS_NAME", "text": "operating systems", "userDefined": false}, {"text": " as a prerequisite?", "userDefined": false}], "count": 0, "isTemplate": false}, {"id": "11247c2b-02d8-4291-9e89-d3b0b07a177a", "data": [{"text": "Which courses have ", "userDefined": false}, {"meta": "@CLASS_NAME", "alias": "CLASS_NAME", "text": "introduction-to computer organization", "userDefined": false}, {"text": " as a prerequisite?", "userDefined": false}], "count": 0, "isTemplate": false}, {"id": "c9452b3b-aa78-4650-8d2a-5ff0234fd5d7", "data": [{"text": "Which courses have ", "userDefined": false}, {"meta": "@CLASS_NAME", "alias": "CLASS_NAME", "text": "CSC 521", "userDefined": false}, {"text": " as a prerequisite?", "userDefined": false}], "count": 0, "isTemplate": false}, {"id": "3a55bfef-12bd-4bd0-8cce-b671d336e54b", "data": [{"text": "Which courses have ", "userDefined": false}, {"meta": "@CLASS_NAME", "alias": "CLASS_NAME", "text": "software security", "userDefined": false}, {"text": " as a prerequisite?", "userDefined": false}], "count": 0, "isTemplate": false}, {"id": "9b962355-b581-47bd-816e-4d574e7b15e3", "data": [{"text": "Which courses have ", "userDefined": false}, {"meta": "@CLASS_NAME", "alias": "CLASS_NAME", "text": "CSC 406", "userDefined": false}, {"text": " as a prerequisite?", "userDefined": false}], "count": 0, "isTemplate": false}, {"id": "de47aa53-a207-4af7-a9ac-074d109a9515", "data": [{"text": "Which classes have ", "userDefined": false}, {"meta": "@CLASS_NAME", "alias": "CLASS_NAME", "text": "CSC 323", "userDefined": false}, {"text": " as a prereq?", "userDefined": false}], "count": 0, "isTemplate": false}, {"id": "12fa8569-4cdc-4dd8-aac4-0444510014af", "data": [{"text": "Which classes have ", "userDefined": false}, {"meta": "@CLASS_NAME", "alias": "CLASS_NAME", "text": "thesis", "userDefined": false}, {"text": " as a prereq?", "userDefined": false}], "count": 0, "isTemplate": false}, {"id": "c468537c-de97-474f-a321-ec312c285038", "data": [{"text": "Which classes have ", "userDefined": false}, {"meta": "@CLASS_NAME", "alias": "CLASS_NAME", "text": "advanced rendering techniques", "userDefined": false}, {"text": " as a prereq?", "userDefined": false}], "count": 0, "isTemplate": false}, {"id": "a8259f90-b192-4d55-ac96-58ab15b72e32", "data": [{"text": "Which classes have ", "userDefined": false}, {"meta": "@CLASS_NAME", "alias": "CLASS_NAME", "text": "introduction-to database systems", "userDefined": false}, {"text": " as a prereq?", "userDefined": false}], "count": 0, "isTemplate": false}, {"id": "1b528c54-175e-4dec-a9da-b1a9a91231a8", "data": [{"text": "Which classes have ", "userDefined": false}, {"meta": "@CLASS_NAME", "alias": "CLASS_NAME", "text": "CSC 481", "userDefined": false}, {"text": " as a prereq?", "userDefined": false}], "count": 0, "isTemplate": false}, {"id": "f097a3ba-56c2-4d3a-b707-1eba398f63e3", "data": [{"text": "Which classes have ", "userDefined": false}, {"meta": "@CLASS_NAME", "alias": "CLASS_NAME", "text": "computer animation", "userDefined": false}, {"text": " as a prereq?", "userDefined": false}], "count": 0, "isTemplate": false}, {"id": "c3e7002e-5b02-46db-b4e6-9797b548e02e", "data": [{"text": "Which classes have ", "userDefined": false}, {"meta": "@CLASS_NAME", "alias": "CLASS_NAME", "text": "CSC 450", "userDefined": false}, {"text": " as a prereq?", "userDefined": false}], "count": 0, "isTemplate": false}, {"id": "e033892d-3408-4204-9e5f-4a59285ae367", "data": [{"text": "Which classes have ", "userDefined": false}, {"meta": "@CLASS_NAME", "alias": "CLASS_NAME", "text": "software engineering ii", "userDefined": false}, {"text": " as a prereq?", "userDefined": false}], "count": 0, "isTemplate": false}, {"id": "e11ef0bf-3ad7-4ca0-8951-75202c6d82d9", "data": [{"text": "Which classes have ", "userDefined": false}, {"meta": "@CLASS_NAME", "alias": "CLASS_NAME", "text": "theory-of computation i", "userDefined": false}, {"text": " as a prereq?", "userDefined": false}], "count": 0, "isTemplate": false}, {"id": "cdddd872-328b-4545-a022-87e46a383e13", "data": [{"text": "Which classes have ", "userDefined": false}, {"meta": "@CLASS_NAME", "alias": "CLASS_NAME", "text": "CSC 593", "userDefined": false}, {"text": " as a prereq?", "userDefined": false}], "count": 0, "isTemplate": false}, {"id": "5bb0bd64-6bee-45a3-9ceb-7056a54dd7cf", "data": [{"text": "Which classes require ", "userDefined": false}, {"meta": "@CLASS_NAME", "alias": "CLASS_NAME", "text": "CSC 495", "userDefined": false}, {"text": " as a prereq?", "userDefined": false}], "count": 0, "isTemplate": false}, {"id": "2ac1039a-9bb1-4ce2-a47c-db9a8ecb2560", "data": [{"text": "Which classes require ", "userDefined": false}, {"meta": "@CLASS_NAME", "alias": "CLASS_NAME", "text": "CSC 435", "userDefined": false}, {"text": " as a prereq?", "userDefined": false}], "count": 0, "isTemplate": false}, {"id": "e83d7964-e854-4822-b2db-9f9951eba85d", "data": [{"text": "Which classes require ", "userDefined": false}, {"meta": "@CLASS_NAME", "alias": "CLASS_NAME", "text": "introduction-to computer organization", "userDefined": false}, {"text": " as a prereq?", "userDefined": false}], "count": 0, "isTemplate": false}, {"id": "1c9bfdea-198a-4331-8ef8-bbd118550088", "data": [{"text": "Which classes require ", "userDefined": false}, {"meta": "@CLASS_NAME", "alias": "CLASS_NAME", "text": "CSC 498", "userDefined": false}, {"text": " as a prereq?", "userDefined": false}], "count": 0, "isTemplate": false}, {"id": "3cdb936e-a73a-4d95-82b1-4c474f69f4d7", "data": [{"text": "Which classes require ", "userDefined": false}, {"meta": "@CLASS_NAME", "alias": "CLASS_NAME", "text": "knowledge based systems", "userDefined": false}, {"text": " as a prereq?", "userDefined": false}], "count": 0, "isTemplate": false}, {"id": "425a87dd-8f9a-44b8-a45f-2f1f20822747", "data": [{"text": "Which classes require ", "userDefined": false}, {"meta": "@CLASS_NAME", "alias": "CLASS_NAME", "text": "bioinformatics algorithms", "userDefined": false}, {"text": " as a prereq?", "userDefined": false}], "count": 0, "isTemplate": false}, {"id": "ea4b15ad-f63e-447e-9486-c9c0ca11e6d8", "data": [{"text": "Which classes require ", "userDefined": false}, {"meta": "@CLASS_NAME", "alias": "CLASS_NAME", "text": "senior project ii", "userDefined": false}, {"text": " as a prereq?", "userDefined": false}], "count": 0, "isTemplate": false}, {"id": "9eee055e-072c-4e00-9719-e6ac40053324", "data": [{"text": "Which classes require ", "userDefined": false}, {"meta": "@CLASS_NAME", "alias": "CLASS_NAME", "text": "CSC 231", "userDefined": false}, {"text": " as a prereq?", "userDefined": false}], "count": 0, "isTemplate": false}, {"id": "5953f460-5273-4118-ba42-9f890863ec01", "data": [{"text": "Which classes require ", "userDefined": false}, {"meta": "@CLASS_NAME", "alias": "CLASS_NAME", "text": "CSC 366", "userDefined": false}, {"text": " as a prereq?", "userDefined": false}], "count": 0, "isTemplate": false}, {"id": "84b2b47c-d26f-4af9-82d0-b80e72946d79", "data": [{"text": "Which classes require ", "userDefined": false}, {"meta": "@CLASS_NAME", "alias": "CLASS_NAME", "text": "CSC 468", "userDefined": false}, {"text": " as a prereq?", "userDefined": false}], "count": 0, "isTemplate": false}, {"id": "2537d961-f5d8-415e-b3cc-69cff5fe281f", "data": [{"text": "Which classes have as a prequisite ", "userDefined": false}, {"meta": "@CLASS_NAME", "alias": "CLASS_NAME", "text": "CSC 209", "userDefined": false}, {"text": "?", "userDefined": false}], "count": 0, "isTemplate": false}, {"id": "7e82ae6c-e776-4a89-ac9f-8725eafd6701", "data": [{"text": "Which classes have as a prequisite ", "userDefined": false}, {"meta": "@CLASS_NAME", "alias": "CLASS_NAME", "text": "CSC 325", "userDefined": false}, {"text": "?", "userDefined": false}], "count": 0, "isTemplate": false}, {"id": "deef4c21-0211-4bb4-93a8-94373436bf7a", "data": [{"text": "Which classes have as a prequisite ", "userDefined": false}, {"meta": "@CLASS_NAME", "alias": "CLASS_NAME", "text": "topics-in advanced data mining", "userDefined": false}, {"text": "?", "userDefined": false}], "count": 0, "isTemplate": false}, {"id": "c2f9a066-f498-48e1-a903-de9975c1a461", "data": [{"text": "Which classes have as a prequisite ", "userDefined": false}, {"meta": "@CLASS_NAME", "alias": "CLASS_NAME", "text": "introduction-to interactive entertainment", "userDefined": false}, {"text": "?", "userDefined": false}], "count": 0, "isTemplate": false}, {"id": "c8dfb870-b54f-4ceb-a147-8b5c78fa9d95", "data": [{"text": "Which classes have as a prequisite ", "userDefined": false}, {"meta": "@CLASS_NAME", "alias": "CLASS_NAME", "text": "knowledge discovery-from data", "userDefined": false}, {"text": "?", "userDefined": false}], "count": 0, "isTemplate": false}, {"id": "8aeda264-e81b-43f6-a3e4-a31fbc03527d", "data": [{"text": "Which classes have as a prequisite ", "userDefined": false}, {"meta": "@CLASS_NAME", "alias": "CLASS_NAME", "text": "CSC 509", "userDefined": false}, {"text": "?", "userDefined": false}], "count": 0, "isTemplate": false}, {"id": "7643cef1-34eb-4e31-8a10-79d4ec0badfc", "data": [{"text": "Which classes have as a prequisite ", "userDefined": false}, {"meta": "@CLASS_NAME", "alias": "CLASS_NAME", "text": "knowledge discovery-from data", "userDefined": false}, {"text": "?", "userDefined": false}], "count": 0, "isTemplate": false}, {"id": "68334620-a13f-4651-b3b3-e3b66872eb8b", "data": [{"text": "Which classes have as a prequisite ", "userDefined": false}, {"meta": "@CLASS_NAME", "alias": "CLASS_NAME", "text": "CSC 530", "userDefined": false}, {"text": "?", "userDefined": false}], "count": 0, "isTemplate": false}, {"id": "20dd15d7-7880-48ad-825a-b1d72b58c5a8", "data": [{"text": "Which classes have as a prequisite ", "userDefined": false}, {"meta": "@CLASS_NAME", "alias": "CLASS_NAME", "text": "CSC 429", "userDefined": false}, {"text": "?", "userDefined": false}], "count": 0, "isTemplate": false}, {"id": "2fbe473a-8edc-409c-8e48-16378d28c80b", "data": [{"text": "Which classes have as a prequisite ", "userDefined": false}, {"meta": "@CLASS_NAME", "alias": "CLASS_NAME", "text": "CSC 570", "userDefined": false}, {"text": "?", "userDefined": false}], "count": 0, "isTemplate": false}, {"id": "aa69b5d7-91b6-4a19-a2ee-0e7ccc5fd043", "data": [{"text": "Which classes have as a preq ", "userDefined": false}, {"meta": "@CLASS_NAME", "alias": "CLASS_NAME", "text": "deep learning", "userDefined": false}, {"text": "?", "userDefined": false}], "count": 0, "isTemplate": false}, {"id": "c861d395-c379-4b3e-8db8-22139a4f3429", "data": [{"text": "Which classes have as a preq ", "userDefined": false}, {"meta": "@CLASS_NAME", "alias": "CLASS_NAME", "text": "CSC 402", "userDefined": false}, {"text": "?", "userDefined": false}], "count": 0, "isTemplate": false}, {"id": "a6ecc4c5-d624-4bc5-9217-a3a2c62da711", "data": [{"text": "Which classes have as a preq ", "userDefined": false}, {"meta": "@CLASS_NAME", "alias": "CLASS_NAME", "text": "CSC 540", "userDefined": false}, {"text": "?", "userDefined": false}], "count": 0, "isTemplate": false}, {"id": "6d193eac-071e-4645-986e-3479274643dd", "data": [{"text": "Which classes have as a preq ", "userDefined": false}, {"meta": "@CLASS_NAME", "alias": "CLASS_NAME", "text": "CSC 498", "userDefined": false}, {"text": "?", "userDefined": false}], "count": 0, "isTemplate": false}, {"id": "bc2e8edd-d779-43cb-934c-8ea9cd7812b9", "data": [{"text": "Which classes have as a preq ", "userDefined": false}, {"meta": "@CLASS_NAME", "alias": "CLASS_NAME", "text": "CSC 458", "userDefined": false}, {"text": "?", "userDefined": false}], "count": 0, "isTemplate": false}, {"id": "995b2764-2c09-444f-9087-66ca1c3f2b24", "data": [{"text": "Which classes have as a preq ", "userDefined": false}, {"meta": "@CLASS_NAME", "alias": "CLASS_NAME", "text": "current topics-in human-computer interaction", "userDefined": false}, {"text": "?", "userDefined": false}], "count": 0, "isTemplate": false}, {"id": "c2d2f066-62ff-4bb6-8c29-b984afc935b1", "data": [{"text": "Which classes have as a preq ", "userDefined": false}, {"meta": "@CLASS_NAME", "alias": "CLASS_NAME", "text": "CSC 307", "userDefined": false}, {"text": "?", "userDefined": false}], "count": 0, "isTemplate": false}, {"id": "18c2e629-4713-49bb-b7de-9eddaaebda40", "data": [{"text": "Which classes have as a preq ", "userDefined": false}, {"meta": "@CLASS_NAME", "alias": "CLASS_NAME", "text": "CSC 234", "userDefined": false}, {"text": "?", "userDefined": false}], "count": 0, "isTemplate": false}, {"id": "7f73da9c-10fe-470b-910f-251e2c52babd", "data": [{"text": "Which classes have as a preq ", "userDefined": false}, {"meta": "@CLASS_NAME", "alias": "CLASS_NAME", "text": "CSC 486", "userDefined": false}, {"text": "?", "userDefined": false}], "count": 0, "isTemplate": false}, {"id": "050ae909-d000-4e05-a239-dded260c99ae", "data": [{"text": "Which classes have as a preq ", "userDefined": false}, {"meta": "@CLASS_NAME", "alias": "CLASS_NAME", "text": "CSC 202", "userDefined": false}, {"text": "?", "userDefined": false}], "count": 0, "isTemplate": false}, {"id": "4bbfa8c8-0692-4334-8cd8-f7c672ff7e78", "data": [{"text": "Which classes have ", "userDefined": false}, {"meta": "@CLASS_NAME", "alias": "CLASS_NAME", "text": "design-and analysis-of algorithms", "userDefined": false}, {"text": " as a prerequisite?", "userDefined": false}], "count": 0, "isTemplate": false}, {"id": "b1784d16-a2d4-40c2-b296-ec6ce825e76e", "data": [{"text": "Which classes have ", "userDefined": false}, {"meta": "@CLASS_NAME", "alias": "CLASS_NAME", "text": "introduction-to computing", "userDefined": false}, {"text": " as a prerequisite?", "userDefined": false}], "count": 0, "isTemplate": false}, {"id": "103d709c-9d35-4280-a994-336b1f2337a3", "data": [{"text": "Which classes have ", "userDefined": false}, {"meta": "@CLASS_NAME", "alias": "CLASS_NAME", "text": "software security", "userDefined": false}, {"text": " as a prerequisite?", "userDefined": false}], "count": 0, "isTemplate": false}, {"id": "7b55b755-aefb-48d8-ab1b-8727b7971c5b", "data": [{"text": "Which classes have ", "userDefined": false}, {"meta": "@CLASS_NAME", "alias": "CLASS_NAME", "text": "introduction-to interactive entertainment", "userDefined": false}, {"text": " as a prerequisite?", "userDefined": false}], "count": 0, "isTemplate": false}, {"id": "c5221557-653d-4cec-854e-463f574f14ec", "data": [{"text": "Which classes have ", "userDefined": false}, {"meta": "@CLASS_NAME", "alias": "CLASS_NAME", "text": "selected advanced laboratory", "userDefined": false}, {"text": " as a prerequisite?", "userDefined": false}], "count": 0, "isTemplate": false}, {"id": "ce881e6e-915e-49c7-94d8-2bbc9c029b45", "data": [{"text": "Which classes have ", "userDefined": false}, {"meta": "@CLASS_NAME", "alias": "CLASS_NAME", "text": "distributed computing", "userDefined": false}, {"text": " as a prerequisite?", "userDefined": false}], "count": 0, "isTemplate": false}, {"id": "945e8d29-3806-4118-91af-e53faf106ad9", "data": [{"text": "Which classes have ", "userDefined": false}, {"meta": "@CLASS_NAME", "alias": "CLASS_NAME", "text": "CSC 371", "userDefined": false}, {"text": " as a prerequisite?", "userDefined": false}], "count": 0, "isTemplate": false}, {"id": "c4656269-6a22-4303-9b96-8ebb5d764a67", "data": [{"text": "Which classes have ", "userDefined": false}, {"meta": "@CLASS_NAME", "alias": "CLASS_NAME", "text": "c-and unix", "userDefined": false}, {"text": " as a prerequisite?", "userDefined": false}], "count": 0, "isTemplate": false}, {"id": "02f10fd9-c553-4077-9719-39898867fefa", "data": [{"text": "Which classes have ", "userDefined": false}, {"meta": "@CLASS_NAME", "alias": "CLASS_NAME", "text": "introduction-to database systems", "userDefined": false}, {"text": " as a prerequisite?", "userDefined": false}], "count": 0, "isTemplate": false}, {"id": "f2ea13d9-6acf-4ace-8483-cd73f795ee74", "data": [{"text": "Which classes have ", "userDefined": false}, {"meta": "@CLASS_NAME", "alias": "CLASS_NAME", "text": "computer animation", "userDefined": false}, {"text": " as a prerequisite?", "userDefined": false}], "count": 0, "isTemplate": false}]