[{"count": 0, "data": [{"userDefined": false, "text": "What classes are rarely offered?"}], "isTemplate": false, "id": "fcf8d53e-9750-4a5d-b5a2-5009dd512aa9"}, {"count": 0, "data": [{"userDefined": false, "text": "Which classes are hard to get?"}], "isTemplate": false, "id": "6b0f99a1-382f-4035-b8d1-6bc8b4027d4b"}, {"count": 0, "data": [{"userDefined": false, "text": "Which classes rare?"}], "isTemplate": false, "id": "1bfca1a2-ec45-47da-9dae-574fd105d68e"}, {"count": 0, "data": [{"userDefined": false, "text": "Which classes aren't offered often?"}], "isTemplate": false, "id": "1a7301d4-16a6-4576-93dc-f7fbbe0a9b51"}, {"count": 0, "data": [{"userDefined": false, "text": "What courses are rarely offered?"}], "isTemplate": false, "id": "b0a8f5cf-4b36-40f2-b776-5c8ef18fa390"}, {"count": 0, "data": [{"userDefined": false, "text": "Which courses are hard to get?"}], "isTemplate": false, "id": "373f1d70-2e9b-41f9-9d88-5ce56e0f845f"}, {"count": 0, "data": [{"userDefined": false, "text": "Which courses rare?"}], "isTemplate": false, "id": "00086031-696b-4b99-992d-88bf18cc161b"}, {"count": 0, "data": [{"userDefined": false, "text": "Which courses aren't offered often?"}], "isTemplate": false, "id": "eb453949-a932-4957-85b9-521238876482"}, {"count": 0, "data": [{"userDefined": false, "text": "Which classes are rarely offered?"}], "isTemplate": false, "id": "c5c841e4-13e2-4aaa-9cf0-98527c016991"}]