[{"count": 0, "data": [{"userDefined": false, "text": "Which courses require consent of instructor?"}], "isTemplate": false, "id": "5d8e3ca1-c124-499e-aefa-27d2db30c95e"}, {"count": 0, "data": [{"userDefined": false, "text": "Which classes require the consent of the instructor?"}], "isTemplate": false, "id": "bc70a0f7-d4c2-447c-ba21-4b4614c13b11"}, {"count": 0, "data": [{"userDefined": false, "text": "What classes require instructor's consent?"}], "isTemplate": false, "id": "092b701a-aff6-4129-a096-d4dcccbada7b"}, {"count": 0, "data": [{"userDefined": false, "text": "What are the classes that need instructor's consent?"}], "isTemplate": false, "id": "fb7fd1e0-9a54-470d-a74a-cc413cb74603"}, {"count": 0, "data": [{"userDefined": false, "text": "What classes need instructor's consent?"}], "isTemplate": false, "id": "560a7709-4dcc-424b-b282-972887d8d440"}, {"count": 0, "data": [{"userDefined": false, "text": "What classes need the consent of the instructor?"}], "isTemplate": false, "id": "60952510-a244-4998-a3c4-a794836d901c"}, {"count": 0, "data": [{"userDefined": false, "text": "Which classes require consent of instructor?"}], "isTemplate": false, "id": "86278de1-3fdb-4f9f-a476-639aca164ea2"}]