[{"id": "d43dc9ad-dec9-4e5b-bc2d-471accad040a", "data": [{"text": "Which courses have no prerequisites?", "userDefined": false}], "count": 0, "isTemplate": false}, {"id": "4fb420b3-ba21-4241-b27f-ee470742e95a", "data": [{"text": "Which courses have no prerequisites?", "userDefined": false}], "count": 0, "isTemplate": false}, {"id": "71704b49-31c8-48cc-9192-cde91a647025", "data": [{"text": "Which courses have no prerequisites?", "userDefined": false}], "count": 0, "isTemplate": false}, {"id": "bb887aff-9769-42bd-9c0d-82d116eac290", "data": [{"text": "Which courses have no prerequisites?", "userDefined": false}], "count": 0, "isTemplate": false}, {"id": "e88b5b6e-6a76-4eb8-acb7-9734d14ff9dc", "data": [{"text": "Which courses have no prerequisites?", "userDefined": false}], "count": 0, "isTemplate": false}, {"id": "9dff4b30-8d48-4625-aed9-3111d2bacb00", "data": [{"text": "Which courses have no prerequisites?", "userDefined": false}], "count": 0, "isTemplate": false}, {"id": "b9d4967c-e6b6-4d4a-8d17-d0c003a7665c", "data": [{"text": "Which courses have no prerequisites?", "userDefined": false}], "count": 0, "isTemplate": false}, {"id": "30956c99-ea62-449b-ae9e-a52bbcc61868", "data": [{"text": "Which courses have no prerequisites?", "userDefined": false}], "count": 0, "isTemplate": false}, {"id": "0a0d6d90-7d91-4502-860e-e5865010896d", "data": [{"text": "Which courses have no prerequisites?", "userDefined": false}], "count": 0, "isTemplate": false}, {"id": "8414fb46-fcb8-4808-842f-f85a23d7cd65", "data": [{"text": "Which courses have no prerequisites?", "userDefined": false}], "count": 0, "isTemplate": false}, {"id": "c0736cd0-4003-4b5f-805b-c407e08034ed", "data": [{"text": "Which classes have no prereqs?", "userDefined": false}], "count": 0, "isTemplate": false}, {"id": "036b90a4-e918-4190-aa82-7e7b17d62115", "data": [{"text": "Which classes have no prereqs?", "userDefined": false}], "count": 0, "isTemplate": false}, {"id": "d2e09048-8252-468d-99ed-1bcea7df3966", "data": [{"text": "Which classes have no prereqs?", "userDefined": false}], "count": 0, "isTemplate": false}, {"id": "dd60c7f9-3b59-4dff-b867-fde44b8716e5", "data": [{"text": "Which classes have no prereqs?", "userDefined": false}], "count": 0, "isTemplate": false}, {"id": "9d9a4be6-bc12-4328-9610-bdf5ef3452e7", "data": [{"text": "Which classes have no prereqs?", "userDefined": false}], "count": 0, "isTemplate": false}, {"id": "9d7c7eee-c538-4868-aa61-9c74ce8cb1e3", "data": [{"text": "Which classes have no prereqs?", "userDefined": false}], "count": 0, "isTemplate": false}, {"id": "68adf409-e28a-49a5-b655-a8d527ebf4f7", "data": [{"text": "Which classes have no prereqs?", "userDefined": false}], "count": 0, "isTemplate": false}, {"id": "b7d500e5-ff1f-4e60-b512-21bdc2c6d21f", "data": [{"text": "Which classes have no prereqs?", "userDefined": false}], "count": 0, "isTemplate": false}, {"id": "5e7430a8-2ab3-4d84-bd29-1093f7b74a2e", "data": [{"text": "Which classes have no prereqs?", "userDefined": false}], "count": 0, "isTemplate": false}, {"id": "51aaa48b-304d-4f73-9d0b-a21f54d8d841", "data": [{"text": "Which classes have no prereqs?", "userDefined": false}], "count": 0, "isTemplate": false}, {"id": "67c3e526-5de4-4887-b65c-098a062890d2", "data": [{"text": "Which classes do not require prerequisites?", "userDefined": false}], "count": 0, "isTemplate": false}, {"id": "4491051f-c3d2-4192-9ece-69efd74be4ed", "data": [{"text": "Which classes do not require prerequisites?", "userDefined": false}], "count": 0, "isTemplate": false}, {"id": "cee3eb21-d510-4e68-8d0e-84992a53262d", "data": [{"text": "Which classes do not require prerequisites?", "userDefined": false}], "count": 0, "isTemplate": false}, {"id": "a6064287-aa32-4fc6-bf12-867453281013", "data": [{"text": "Which classes do not require prerequisites?", "userDefined": false}], "count": 0, "isTemplate": false}, {"id": "5922b3b7-209b-43d7-8a4b-2407d3a9c3c6", "data": [{"text": "Which classes do not require prerequisites?", "userDefined": false}], "count": 0, "isTemplate": false}, {"id": "8618c09d-701a-4abf-ab31-bb6ca62d3e9e", "data": [{"text": "Which classes do not require prerequisites?", "userDefined": false}], "count": 0, "isTemplate": false}, {"id": "04b23d1b-440e-4006-9875-eb585979b6a0", "data": [{"text": "Which classes do not require prerequisites?", "userDefined": false}], "count": 0, "isTemplate": false}, {"id": "b338f714-cf1b-4d92-810e-c2743ae04be8", "data": [{"text": "Which classes do not require prerequisites?", "userDefined": false}], "count": 0, "isTemplate": false}, {"id": "48c16840-9641-4069-b58a-c0d7d2bb894d", "data": [{"text": "Which classes do not require prerequisites?", "userDefined": false}], "count": 0, "isTemplate": false}, {"id": "a321c060-eaeb-47e1-a61e-064cea6beb5e", "data": [{"text": "Which classes do not require prerequisites?", "userDefined": false}], "count": 0, "isTemplate": false}, {"id": "9190b6a0-9822-4abd-b328-2bbb6864bc4c", "data": [{"text": "Which classes are there no prerequisites?", "userDefined": false}], "count": 0, "isTemplate": false}, {"id": "90d3988c-7cf2-4e57-a3d0-c45110e6cb2f", "data": [{"text": "Which classes are there no prerequisites?", "userDefined": false}], "count": 0, "isTemplate": false}, {"id": "5d8a774a-35a8-4324-aff4-b033675fda85", "data": [{"text": "Which classes are there no prerequisites?", "userDefined": false}], "count": 0, "isTemplate": false}, {"id": "f2030089-0f1d-45e7-917c-2a35eafbe583", "data": [{"text": "Which classes are there no prerequisites?", "userDefined": false}], "count": 0, "isTemplate": false}, {"id": "ddaf6934-937a-47ff-bebd-c96658c68260", "data": [{"text": "Which classes are there no prerequisites?", "userDefined": false}], "count": 0, "isTemplate": false}, {"id": "c533bacb-ac69-4915-b2ec-874f76d4bd31", "data": [{"text": "Which classes are there no prerequisites?", "userDefined": false}], "count": 0, "isTemplate": false}, {"id": "42038350-3c87-40ae-bada-ec87091fb9d1", "data": [{"text": "Which classes are there no prerequisites?", "userDefined": false}], "count": 0, "isTemplate": false}, {"id": "c60327d2-ed2b-4822-b12d-4fe29d26b8e5", "data": [{"text": "Which classes are there no prerequisites?", "userDefined": false}], "count": 0, "isTemplate": false}, {"id": "2a17c780-ae22-46ca-b282-7b7a9dc99c42", "data": [{"text": "Which classes are there no prerequisites?", "userDefined": false}], "count": 0, "isTemplate": false}, {"id": "7f69c1a1-512c-4f30-85e3-5bfb88652109", "data": [{"text": "Which classes are there no prerequisites?", "userDefined": false}], "count": 0, "isTemplate": false}, {"id": "04d18807-2c92-4ba9-8372-62c990955169", "data": [{"text": "Which classes have no prerequisites?", "userDefined": false}], "count": 0, "isTemplate": false}, {"id": "4bc5afb1-71db-440b-8607-150fb3464c5d", "data": [{"text": "Which classes have no prerequisites?", "userDefined": false}], "count": 0, "isTemplate": false}, {"id": "e60f400c-fda2-470b-a936-7e713936846b", "data": [{"text": "Which classes have no prerequisites?", "userDefined": false}], "count": 0, "isTemplate": false}, {"id": "2e7bb1d9-14ca-4df1-a6fa-e1ffbb98d87f", "data": [{"text": "Which classes have no prerequisites?", "userDefined": false}], "count": 0, "isTemplate": false}, {"id": "164fd5a3-6f01-41e8-8be0-7493647a9c36", "data": [{"text": "Which classes have no prerequisites?", "userDefined": false}], "count": 0, "isTemplate": false}, {"id": "6421c287-ea3d-45a1-9059-be6b9e04851b", "data": [{"text": "Which classes have no prerequisites?", "userDefined": false}], "count": 0, "isTemplate": false}, {"id": "eb7051f8-33d2-4d18-9c02-5c874f98cb4a", "data": [{"text": "Which classes have no prerequisites?", "userDefined": false}], "count": 0, "isTemplate": false}, {"id": "3f70398d-180a-4f94-bde2-478200511922", "data": [{"text": "Which classes have no prerequisites?", "userDefined": false}], "count": 0, "isTemplate": false}, {"id": "d214af6b-4d36-4ffd-a9f0-f60c7bf1187a", "data": [{"text": "Which classes have no prerequisites?", "userDefined": false}], "count": 0, "isTemplate": false}, {"id": "ac178645-ef5b-4099-b968-d8a7549dca86", "data": [{"text": "Which classes have no prerequisites?", "userDefined": false}], "count": 0, "isTemplate": false}]