[{"count": 0, "data": [{"userDefined": false, "text": "Which courses have no prerequisites?"}], "isTemplate": false, "id": "da83221e-79d2-4a6c-a5be-b241951f426d"}, {"count": 0, "data": [{"userDefined": false, "text": "Which classes have no prereqs?"}], "isTemplate": false, "id": "473bd594-c905-4b40-941c-b27cf5c2a409"}, {"count": 0, "data": [{"userDefined": false, "text": "Which classes do not require prerequisites?"}], "isTemplate": false, "id": "da1dd972-fa3d-4fc8-acb6-02c741481fc6"}, {"count": 0, "data": [{"userDefined": false, "text": "Which classes are there no prerequisites?"}], "isTemplate": false, "id": "848b6ec6-b567-44e0-89d4-75cb05e5c0e3"}, {"count": 0, "data": [{"userDefined": false, "text": "Which classes have no prerequisites?"}], "isTemplate": false, "id": "1bc5eaf9-1c64-4bf9-a364-1d1abe6d98db"}]