[{"count": 0, "data": [{"userDefined": false, "text": "Which courses have "}, {"userDefined": false, "meta": "@CLASS_NAME", "alias": "CLASS_NAME", "text": "computers-and society"}, {"userDefined": false, "text": " as a prerequisite?"}], "isTemplate": false, "id": "6de0f137-d784-4724-956e-b2c33982553b"}, {"count": 0, "data": [{"userDefined": false, "text": "Which classes have "}, {"userDefined": false, "meta": "@CLASS_NAME", "alias": "CLASS_NAME", "text": "CSC 564"}, {"userDefined": false, "text": " as a prereq?"}], "isTemplate": false, "id": "dff77e40-653b-445c-b04c-da5a250fd123"}, {"count": 0, "data": [{"userDefined": false, "text": "Which classes require "}, {"userDefined": false, "meta": "@CLASS_NAME", "alias": "CLASS_NAME", "text": "current topics-in software engineering"}, {"userDefined": false, "text": " as a prereq?"}], "isTemplate": false, "id": "52073ede-410b-4c56-95f1-aafa8d5ad9f7"}, {"count": 0, "data": [{"userDefined": false, "text": "Which classes have as a prequisite "}, {"userDefined": false, "meta": "@CLASS_NAME", "alias": "CLASS_NAME", "text": "CSC 429"}, {"userDefined": false, "text": "?"}], "isTemplate": false, "id": "2c36496c-89b6-405d-a1e1-9e1c1f7eec4b"}, {"count": 0, "data": [{"userDefined": false, "text": "Which classes have as a preq "}, {"userDefined": false, "meta": "@CLASS_NAME", "alias": "CLASS_NAME", "text": "game design"}, {"userDefined": false, "text": "?"}], "isTemplate": false, "id": "50400c1a-089b-4f1c-82be-406d373315f0"}, {"count": 0, "data": [{"userDefined": false, "text": "Which classes have "}, {"userDefined": false, "meta": "@CLASS_NAME", "alias": "CLASS_NAME", "text": "advanced rendering techniques"}, {"userDefined": false, "text": " as a prerequisite?"}], "isTemplate": false, "id": "8aecc25b-678c-4da9-9a01-b6a2fb560980"}]