[
  {
    "value": "100",
    "synonyms": [
      "100",
      "100 level",
      "one hundred",
      "one hundred level"
    ]
  },
  {
    "value": "200",
    "synonyms": [
      "200",
      "200 level",
      "two hundred",
      "two hundred level"
    ]
  },
  {
    "value": "300",
    "synonyms": [
      "300",
      "300 level",
      "three hundred",
      "three hundred level"
    ]
  },
  {
    "value": "400",
    "synonyms": [
      "400",
      "400 level",
      "four hundred",
      "four hundred level"
    ]
  },
  {
    "value": "500",
    "synonyms": [
      "500",
      "500 level",
      "five hundred",
      "five hundred level"
    ]
  }
]