[
  {
    "value": "A1",
    "synonyms": [
      "A1",
      "a1"
    ]
  },
  {
    "value": "A2",
    "synonyms": [
      "A2",
      "a2"
    ]
  },
  {
    "value": "A3",
    "synonyms": [
      "A3",
      "a3"
    ]
  },
  {
    "value": "A4",
    "synonyms": [
      "A4",
      "a4"
    ]
  },
  {
    "value": "B1",
    "synonyms": [
      "B1",
      "b1"
    ]
  },
  {
    "value": "B2",
    "synonyms": [
      "B2",
      "b2"
    ]
  },
  {
    "value": "B3",
    "synonyms": [
      "B3",
      "b3"
    ]
  },
  {
    "value": "B4",
    "synonyms": [
      "B4",
      "b4"
    ]
  },
  {
    "value": "B7",
    "synonyms": [
      "B7",
      "b 7",
      "b7"
    ]
  },
  {
    "value": "C1",
    "synonyms": [
      "C1",
      "c1"
    ]
  },
  {
    "value": "C2",
    "synonyms": [
      "C2",
      "c2"
    ]
  },
  {
    "value": "C3",
    "synonyms": [
      "C3",
      "c3"
    ]
  },
  {
    "value": "C4",
    "synonyms": [
      "C4",
      "c4"
    ]
  },
  {
    "value": "D1",
    "synonyms": [
      "D1",
      "d1"
    ]
  },
  {
    "value": "D2",
    "synonyms": [
      "D2",
      "d2"
    ]
  },
  {
    "value": "D3",
    "synonyms": [
      "D3",
      "d3"
    ]
  },
  {
    "value": "D4",
    "synonyms": [
      "D4",
      "d4"
    ]
  },
  {
    "value": "F",
    "synonyms": [
      "F",
      "f"
    ]
  }
]