[{"synonyms": ["information"], "value": "information"}, {"synonyms": ["distribute database"], "value": "distribute_database"}, {"synonyms": ["depth study"], "value": "depth_study"}, {"synonyms": ["machine learning"], "value": "machine_learning"}, {"synonyms": ["distribute computing"], "value": "distribute_computing"}, {"synonyms": ["queue"], "value": "queue"}, {"synonyms": ["visualization"], "value": "visualization"}, {"synonyms": ["paradigm"], "value": "paradigm"}, {"synonyms": ["browser"], "value": "browser"}, {"synonyms": ["search"], "value": "search"}, {"synonyms": ["specification design implementation"], "value": "specification_design_implementation"}, {"synonyms": ["method practice"], "value": "method_practice"}, {"synonyms": ["basic principle"], "value": "basic_principle"}, {"synonyms": ["quality assurance"], "value": "quality_assurance"}, {"synonyms": ["linguistics"], "value": "linguistics"}, {"synonyms": ["object orient"], "value": "object_orient"}, {"synonyms": ["digital"], "value": "digital"}, {"synonyms": ["cognition"], "value": "cognition"}, {"synonyms": ["dynamic"], "value": "dynamic"}, {"synonyms": ["array"], "value": "array"}, {"synonyms": ["computer programming emphasis"], "value": "computer_programming_emphasis"}, {"synonyms": ["synchronization"], "value": "synchronization"}, {"synonyms": ["advancement"], "value": "advancement"}, {"synonyms": ["3d"], "value": "3d"}, {"synonyms": ["software development process"], "value": "software_development_process"}, {"synonyms": ["network web security"], "value": "network_web_security"}, {"synonyms": ["problem solving programming"], "value": "problem_solving_programming"}, {"synonyms": ["dynamic data"], "value": "dynamic_data"}, {"synonyms": ["presentation method practice"], "value": "presentation_method_practice"}, {"synonyms": ["algorithmic problem solving"], "value": "algorithmic_problem_solving"}, {"synonyms": ["individual investigation"], "value": "individual_investigation"}, {"synonyms": ["graph"], "value": "graph"}, {"synonyms": ["multimedia"], "value": "multimedia"}, {"synonyms": ["technical"], "value": "technical"}, {"synonyms": ["graphic software"], "value": "graphic_software"}, {"synonyms": ["natural language processing"], "value": "natural_language_processing"}, {"synonyms": ["system programming"], "value": "system_programming"}, {"synonyms": ["integration testing"], "value": "integration_testing"}, {"synonyms": ["abstraction"], "value": "abstraction"}, {"synonyms": ["programming environment"], "value": "programming_environment"}, {"synonyms": ["interaction"], "value": "interaction"}, {"synonyms": ["speech"], "value": "speech"}, {"synonyms": ["consensus"], "value": "consensus"}, {"synonyms": ["system design"], "value": "system_design"}, {"synonyms": ["security"], "value": "security"}, {"synonyms": ["data structure"], "value": "data_structure"}, {"synonyms": ["project technical"], "value": "project_technical"}, {"synonyms": ["art"], "value": "art"}, {"synonyms": ["hardware"], "value": "hardware"}, {"synonyms": ["design principle"], "value": "design_principle"}, {"synonyms": ["exploration"], "value": "exploration"}, {"synonyms": ["image"], "value": "image"}, {"synonyms": ["learning"], "value": "learning"}, {"synonyms": ["communication"], "value": "communication"}, {"synonyms": ["interprocess communication"], "value": "interprocess_communication"}, {"synonyms": ["design application"], "value": "design_application"}, {"synonyms": ["control structure data"], "value": "control_structure_data"}, {"synonyms": ["operate system"], "value": "operate_system"}, {"synonyms": ["architecture"], "value": "architecture"}, {"synonyms": ["c programming language"], "value": "c_programming_language"}, {"synonyms": ["human computer interaction"], "value": "human_computer_interaction"}, {"synonyms": ["game design"], "value": "game_design"}, {"synonyms": ["software design"], "value": "software_design"}, {"synonyms": ["web"], "value": "web"}, {"synonyms": ["object relational"], "value": "object_relational"}, {"synonyms": ["introduction software"], "value": "introduction_software"}, {"synonyms": ["stylistics"], "value": "stylistics"}, {"synonyms": ["key"], "value": "key"}, {"synonyms": ["individual research"], "value": "individual_research"}, {"synonyms": ["design develop"], "value": "design_develop"}, {"synonyms": ["principle object"], "value": "principle_object"}, {"synonyms": ["organization"], "value": "organization"}, {"synonyms": ["language generation"], "value": "language_generation"}, {"synonyms": ["direct group study"], "value": "direct_group_study"}, {"synonyms": ["input output"], "value": "input_output"}, {"synonyms": ["language processing"], "value": "language_processing"}, {"synonyms": ["artificial intelligence"], "value": "artificial_intelligence"}, {"synonyms": ["relational"], "value": "relational"}, {"synonyms": ["principle algorithmic problem"], "value": "principle_algorithmic_problem"}, {"synonyms": ["modern programming language"], "value": "modern_programming_language"}, {"synonyms": ["best practice"], "value": "best_practice"}, {"synonyms": ["data mining"], "value": "data_mining"}, {"synonyms": ["language design"], "value": "language_design"}, {"synonyms": ["project planning"], "value": "project_planning"}, {"synonyms": ["video"], "value": "video"}, {"synonyms": ["industry"], "value": "industry"}, {"synonyms": ["creative"], "value": "creative"}, {"synonyms": ["kernel"], "value": "kernel"}, {"synonyms": ["privacy"], "value": "privacy"}, {"synonyms": ["software system"], "value": "software_system"}, {"synonyms": ["file system"], "value": "file_system"}, {"synonyms": ["security include"], "value": "security_include"}, {"synonyms": ["theory"], "value": "theory"}, {"synonyms": ["design implementation testing"], "value": "design_implementation_testing"}, {"synonyms": ["logic"], "value": "logic"}, {"synonyms": ["depth"], "value": "depth"}, {"synonyms": ["information retrieval"], "value": "information_retrieval"}, {"synonyms": ["virtual memory"], "value": "virtual_memory"}, {"synonyms": ["software modeling"], "value": "software_modeling"}, {"synonyms": ["human"], "value": "human"}, {"synonyms": ["natural language generation"], "value": "natural_language_generation"}, {"synonyms": ["animation"], "value": "animation"}, {"synonyms": ["individual investigation research"], "value": "individual_investigation_research"}, {"synonyms": ["modern world"], "value": "modern_world"}, {"synonyms": ["design construction"], "value": "design_construction"}, {"synonyms": ["set"], "value": "set"}, {"synonyms": ["replication"], "value": "replication"}, {"synonyms": ["system implementation"], "value": "system_implementation"}, {"synonyms": ["specific"], "value": "specific"}, {"synonyms": ["principle object orient"], "value": "principle_object_orient"}, {"synonyms": ["modern programming"], "value": "modern_programming"}, {"synonyms": ["expression"], "value": "expression"}, {"synonyms": ["iterative"], "value": "iterative"}, {"synonyms": ["high level language"], "value": "high_level_language"}, {"synonyms": ["knowledge discovery"], "value": "knowledge_discovery"}, {"synonyms": ["computer programming"], "value": "computer_programming"}, {"synonyms": ["computer security"], "value": "computer_security"}, {"synonyms": ["programming introduction"], "value": "programming_introduction"}, {"synonyms": ["3d graphic"], "value": "3d_graphic"}, {"synonyms": ["shell"], "value": "shell"}, {"synonyms": ["group project"], "value": "group_project"}, {"synonyms": ["discovery data"], "value": "discovery_data"}, {"synonyms": ["database design"], "value": "database_design"}, {"synonyms": ["firewall"], "value": "firewall"}, {"synonyms": ["tracking"], "value": "tracking"}, {"synonyms": ["shading"], "value": "shading"}, {"synonyms": ["construction"], "value": "construction"}, {"synonyms": ["modeling"], "value": "modeling"}, {"synonyms": ["static"], "value": "static"}, {"synonyms": ["protection"], "value": "protection"}, {"synonyms": ["transaction"], "value": "transaction"}, {"synonyms": ["player"], "value": "player"}, {"synonyms": ["knowledge representation"], "value": "knowledge_representation"}, {"synonyms": ["unix"], "value": "unix"}, {"synonyms": ["computer graphic"], "value": "computer_graphic"}, {"synonyms": ["system security"], "value": "system_security"}, {"synonyms": ["primitive"], "value": "primitive"}, {"synonyms": ["planning"], "value": "planning"}, {"synonyms": ["language concept"], "value": "language_concept"}, {"synonyms": ["interactive entertainment"], "value": "interactive_entertainment"}, {"synonyms": ["testing technique"], "value": "testing_technique"}, {"synonyms": ["business"], "value": "business"}, {"synonyms": ["large software system"], "value": "large_software_system"}, {"synonyms": ["exception"], "value": "exception"}, {"synonyms": ["mobile"], "value": "mobile"}, {"synonyms": ["case study"], "value": "case_study"}, {"synonyms": ["sound"], "value": "sound"}, {"synonyms": ["mining"], "value": "mining"}, {"synonyms": ["principle design"], "value": "principle_design"}, {"synonyms": ["mathematical"], "value": "mathematical"}, {"synonyms": ["process communication"], "value": "process_communication"}, {"synonyms": ["multiprogramming"], "value": "multiprogramming"}, {"synonyms": ["c programming"], "value": "c_programming"}, {"synonyms": ["designing"], "value": "designing"}, {"synonyms": ["physical"], "value": "physical"}, {"synonyms": ["software application"], "value": "software_application"}, {"synonyms": ["web security"], "value": "web_security"}, {"synonyms": ["development environment"], "value": "development_environment"}, {"synonyms": ["engine"], "value": "engine"}, {"synonyms": ["physic"], "value": "physic"}, {"synonyms": ["application introduction"], "value": "application_introduction"}, {"synonyms": ["structure data type"], "value": "structure_data_type"}, {"synonyms": ["recent"], "value": "recent"}, {"synonyms": ["basic control structure"], "value": "basic_control_structure"}, {"synonyms": ["design implementation analysis"], "value": "design_implementation_analysis"}, {"synonyms": ["complexity"], "value": "complexity"}, {"synonyms": ["operator"], "value": "operator"}, {"synonyms": ["call"], "value": "call"}, {"synonyms": ["theory practice"], "value": "theory_practice"}, {"synonyms": ["dynamic data structure"], "value": "dynamic_data_structure"}, {"synonyms": ["entertainment"], "value": "entertainment"}, {"synonyms": ["software performance"], "value": "software_performance"}, {"synonyms": ["development process"], "value": "development_process"}, {"synonyms": ["topic computer"], "value": "topic_computer"}, {"synonyms": ["protocol"], "value": "protocol"}, {"synonyms": ["measurement"], "value": "measurement"}, {"synonyms": ["pattern"], "value": "pattern"}, {"synonyms": ["inheritance"], "value": "inheritance"}, {"synonyms": ["basic control"], "value": "basic_control"}, {"synonyms": ["foundation"], "value": "foundation"}, {"synonyms": ["computer modern world"], "value": "computer_modern_world"}, {"synonyms": ["storytelling"], "value": "storytelling"}, {"synonyms": ["file"], "value": "file"}, {"synonyms": ["aspect design"], "value": "aspect_design"}, {"synonyms": ["function"], "value": "function"}, {"synonyms": ["implementation analysis"], "value": "implementation_analysis"}, {"synonyms": ["real time"], "value": "real_time"}, {"synonyms": ["develop test"], "value": "develop_test"}, {"synonyms": ["control structure"], "value": "control_structure"}, {"synonyms": ["scientific"], "value": "scientific"}, {"synonyms": ["procedural programming"], "value": "procedural_programming"}, {"synonyms": ["access control"], "value": "access_control"}, {"synonyms": ["network security"], "value": "network_security"}, {"synonyms": ["computational linguistics"], "value": "computational_linguistics"}, {"synonyms": ["syntax"], "value": "syntax"}, {"synonyms": ["malware"], "value": "malware"}, {"synonyms": ["world"], "value": "world"}, {"synonyms": ["processing"], "value": "processing"}, {"synonyms": ["implementation testing"], "value": "implementation_testing"}, {"synonyms": ["object orient programming"], "value": "object_orient_programming"}, {"synonyms": ["scheduling"], "value": "scheduling"}, {"synonyms": ["database"], "value": "database"}, {"synonyms": ["interprocess"], "value": "interprocess"}, {"synonyms": ["technical presentation method"], "value": "technical_presentation_method"}, {"synonyms": ["prototype"], "value": "prototype"}, {"synonyms": ["game engine"], "value": "game_engine"}, {"synonyms": ["automaton"], "value": "automaton"}, {"synonyms": ["internet"], "value": "internet"}, {"synonyms": ["concurrency control"], "value": "concurrency_control"}, {"synonyms": ["real world"], "value": "real_world"}, {"synonyms": ["color"], "value": "color"}, {"synonyms": ["sizeable software product"], "value": "sizeable_software_product"}, {"synonyms": ["algorithm analysis"], "value": "algorithm_analysis"}, {"synonyms": ["cryptography"], "value": "cryptography"}, {"synonyms": ["distribute system"], "value": "distribute_system"}, {"synonyms": ["reality"], "value": "reality"}, {"synonyms": ["interactive"], "value": "interactive"}, {"synonyms": ["global"], "value": "global"}, {"synonyms": ["interface"], "value": "interface"}, {"synonyms": ["algorithm language"], "value": "algorithm_language"}, {"synonyms": ["ethical"], "value": "ethical"}, {"synonyms": ["investigation research"], "value": "investigation_research"}, {"synonyms": ["infrastructure"], "value": "infrastructure"}, {"synonyms": ["data information"], "value": "data_information"}, {"synonyms": ["database model"], "value": "database_model"}, {"synonyms": ["computational art"], "value": "computational_art"}, {"synonyms": ["perspective"], "value": "perspective"}, {"synonyms": ["memory management"], "value": "memory_management"}, {"synonyms": ["secure"], "value": "secure"}, {"synonyms": ["classification"], "value": "classification"}, {"synonyms": ["animation development"], "value": "animation_development"}, {"synonyms": ["performance"], "value": "performance"}, {"synonyms": ["product"], "value": "product"}, {"synonyms": ["structure data"], "value": "structure_data"}, {"synonyms": ["ai"], "value": "ai"}, {"synonyms": ["entity relationship"], "value": "entity_relationship"}, {"synonyms": ["program"], "value": "program"}, {"synonyms": ["query"], "value": "query"}, {"synonyms": ["type"], "value": "type"}, {"synonyms": ["knowledge discovery data"], "value": "knowledge_discovery_data"}, {"synonyms": ["maintenance"], "value": "maintenance"}, {"synonyms": ["computational"], "value": "computational"}]