[
  {
    "value": "3d",
    "synonyms": [
      "3d"
    ]
  },
  {
    "value": "3d_graphic",
    "synonyms": [
      "3d graphic"
    ]
  },
  {
    "value": "abstraction",
    "synonyms": [
      "abstraction"
    ]
  },
  {
    "value": "access_control",
    "synonyms": [
      "access control"
    ]
  },
  {
    "value": "advancement",
    "synonyms": [
      "advancement"
    ]
  },
  {
    "value": "ai",
    "synonyms": [
      "ai"
    ]
  },
  {
    "value": "algorithm_analysis",
    "synonyms": [
      "algorithm analysis"
    ]
  },
  {
    "value": "algorithm_language",
    "synonyms": [
      "algorithm language"
    ]
  },
  {
    "value": "algorithmic_problem_solving",
    "synonyms": [
      "algorithmic problem solving"
    ]
  },
  {
    "value": "animation",
    "synonyms": [
      "animation"
    ]
  },
  {
    "value": "animation_development",
    "synonyms": [
      "animation development"
    ]
  },
  {
    "value": "application_introduction",
    "synonyms": [
      "application introduction"
    ]
  },
  {
    "value": "architecture",
    "synonyms": [
      "architecture"
    ]
  },
  {
    "value": "array",
    "synonyms": [
      "array"
    ]
  },
  {
    "value": "art",
    "synonyms": [
      "art"
    ]
  },
  {
    "value": "artificial_intelligence",
    "synonyms": [
      "artificial intelligence"
    ]
  },
  {
    "value": "aspect_design",
    "synonyms": [
      "aspect design"
    ]
  },
  {
    "value": "automaton",
    "synonyms": [
      "automaton"
    ]
  },
  {
    "value": "basic_control",
    "synonyms": [
      "basic control"
    ]
  },
  {
    "value": "basic_control_structure",
    "synonyms": [
      "basic control structure"
    ]
  },
  {
    "value": "basic_principle",
    "synonyms": [
      "basic principle"
    ]
  },
  {
    "value": "best_practice",
    "synonyms": [
      "best practice"
    ]
  },
  {
    "value": "browser",
    "synonyms": [
      "browser"
    ]
  },
  {
    "value": "business",
    "synonyms": [
      "business"
    ]
  },
  {
    "value": "c_programming",
    "synonyms": [
      "c programming"
    ]
  },
  {
    "value": "c_programming_language",
    "synonyms": [
      "c programming language"
    ]
  },
  {
    "value": "call",
    "synonyms": [
      "call"
    ]
  },
  {
    "value": "case_study",
    "synonyms": [
      "case study"
    ]
  },
  {
    "value": "classification",
    "synonyms": [
      "classification"
    ]
  },
  {
    "value": "cognition",
    "synonyms": [
      "cognition"
    ]
  },
  {
    "value": "color",
    "synonyms": [
      "color"
    ]
  },
  {
    "value": "communication",
    "synonyms": [
      "communication"
    ]
  },
  {
    "value": "complexity",
    "synonyms": [
      "complexity"
    ]
  },
  {
    "value": "computational",
    "synonyms": [
      "computational"
    ]
  },
  {
    "value": "computational_art",
    "synonyms": [
      "computational art"
    ]
  },
  {
    "value": "computational_linguistics",
    "synonyms": [
      "computational linguistics"
    ]
  },
  {
    "value": "computer_graphic",
    "synonyms": [
      "computer graphic"
    ]
  },
  {
    "value": "computer_modern_world",
    "synonyms": [
      "computer modern world"
    ]
  },
  {
    "value": "computer_programming",
    "synonyms": [
      "computer programming"
    ]
  },
  {
    "value": "computer_programming_emphasis",
    "synonyms": [
      "computer programming emphasis"
    ]
  },
  {
    "value": "computer_security",
    "synonyms": [
      "computer security"
    ]
  },
  {
    "value": "concurrency_control",
    "synonyms": [
      "concurrency control"
    ]
  },
  {
    "value": "consensus",
    "synonyms": [
      "consensus"
    ]
  },
  {
    "value": "construction",
    "synonyms": [
      "construction"
    ]
  },
  {
    "value": "control_structure",
    "synonyms": [
      "control structure"
    ]
  },
  {
    "value": "control_structure_data",
    "synonyms": [
      "control structure data"
    ]
  },
  {
    "value": "creative",
    "synonyms": [
      "creative"
    ]
  },
  {
    "value": "cryptography",
    "synonyms": [
      "cryptography"
    ]
  },
  {
    "value": "data_information",
    "synonyms": [
      "data information"
    ]
  },
  {
    "value": "data_mining",
    "synonyms": [
      "data mining"
    ]
  },
  {
    "value": "data_structure",
    "synonyms": [
      "data structure"
    ]
  },
  {
    "value": "database",
    "synonyms": [
      "database"
    ]
  },
  {
    "value": "database_design",
    "synonyms": [
      "database design"
    ]
  },
  {
    "value": "database_model",
    "synonyms": [
      "database model"
    ]
  },
  {
    "value": "depth",
    "synonyms": [
      "depth"
    ]
  },
  {
    "value": "depth_study",
    "synonyms": [
      "depth study"
    ]
  },
  {
    "value": "design_application",
    "synonyms": [
      "design application"
    ]
  },
  {
    "value": "design_construction",
    "synonyms": [
      "design construction"
    ]
  },
  {
    "value": "design_develop",
    "synonyms": [
      "design develop"
    ]
  },
  {
    "value": "design_implementation_analysis",
    "synonyms": [
      "design implementation analysis"
    ]
  },
  {
    "value": "design_implementation_testing",
    "synonyms": [
      "design implementation testing"
    ]
  },
  {
    "value": "design_principle",
    "synonyms": [
      "design principle"
    ]
  },
  {
    "value": "designing",
    "synonyms": [
      "designing"
    ]
  },
  {
    "value": "develop_test",
    "synonyms": [
      "develop test"
    ]
  },
  {
    "value": "development_environment",
    "synonyms": [
      "development environment"
    ]
  },
  {
    "value": "development_process",
    "synonyms": [
      "development process"
    ]
  },
  {
    "value": "digital",
    "synonyms": [
      "digital"
    ]
  },
  {
    "value": "direct_group_study",
    "synonyms": [
      "direct group study"
    ]
  },
  {
    "value": "discovery_data",
    "synonyms": [
      "discovery data"
    ]
  },
  {
    "value": "distribute_computing",
    "synonyms": [
      "distribute computing"
    ]
  },
  {
    "value": "distribute_database",
    "synonyms": [
      "distribute database"
    ]
  },
  {
    "value": "distribute_system",
    "synonyms": [
      "distribute system"
    ]
  },
  {
    "value": "dynamic",
    "synonyms": [
      "dynamic"
    ]
  },
  {
    "value": "dynamic_data",
    "synonyms": [
      "dynamic data"
    ]
  },
  {
    "value": "dynamic_data_structure",
    "synonyms": [
      "dynamic data structure"
    ]
  },
  {
    "value": "engine",
    "synonyms": [
      "engine"
    ]
  },
  {
    "value": "entertainment",
    "synonyms": [
      "entertainment"
    ]
  },
  {
    "value": "entity_relationship",
    "synonyms": [
      "entity relationship"
    ]
  },
  {
    "value": "ethical",
    "synonyms": [
      "ethical"
    ]
  },
  {
    "value": "exception",
    "synonyms": [
      "exception"
    ]
  },
  {
    "value": "exploration",
    "synonyms": [
      "exploration"
    ]
  },
  {
    "value": "expression",
    "synonyms": [
      "expression"
    ]
  },
  {
    "value": "file",
    "synonyms": [
      "file"
    ]
  },
  {
    "value": "file_system",
    "synonyms": [
      "file system"
    ]
  },
  {
    "value": "firewall",
    "synonyms": [
      "firewall"
    ]
  },
  {
    "value": "foundation",
    "synonyms": [
      "foundation"
    ]
  },
  {
    "value": "function",
    "synonyms": [
      "function"
    ]
  },
  {
    "value": "game_design",
    "synonyms": [
      "game design"
    ]
  },
  {
    "value": "game_engine",
    "synonyms": [
      "game engine"
    ]
  },
  {
    "value": "global",
    "synonyms": [
      "global"
    ]
  },
  {
    "value": "graph",
    "synonyms": [
      "graph"
    ]
  },
  {
    "value": "graphic_software",
    "synonyms": [
      "graphic software"
    ]
  },
  {
    "value": "group_project",
    "synonyms": [
      "group project"
    ]
  },
  {
    "value": "hardware",
    "synonyms": [
      "hardware"
    ]
  },
  {
    "value": "high_level_language",
    "synonyms": [
      "high level language"
    ]
  },
  {
    "value": "human",
    "synonyms": [
      "human"
    ]
  },
  {
    "value": "human_computer_interaction",
    "synonyms": [
      "human computer interaction"
    ]
  },
  {
    "value": "image",
    "synonyms": [
      "image"
    ]
  },
  {
    "value": "implementation_analysis",
    "synonyms": [
      "implementation analysis"
    ]
  },
  {
    "value": "implementation_testing",
    "synonyms": [
      "implementation testing"
    ]
  },
  {
    "value": "individual_investigation",
    "synonyms": [
      "individual investigation"
    ]
  },
  {
    "value": "individual_investigation_research",
    "synonyms": [
      "individual investigation research"
    ]
  },
  {
    "value": "individual_research",
    "synonyms": [
      "individual research"
    ]
  },
  {
    "value": "industry",
    "synonyms": [
      "industry"
    ]
  },
  {
    "value": "information",
    "synonyms": [
      "information"
    ]
  },
  {
    "value": "information_retrieval",
    "synonyms": [
      "information retrieval"
    ]
  },
  {
    "value": "infrastructure",
    "synonyms": [
      "infrastructure"
    ]
  },
  {
    "value": "inheritance",
    "synonyms": [
      "inheritance"
    ]
  },
  {
    "value": "input_output",
    "synonyms": [
      "input output"
    ]
  },
  {
    "value": "integration_testing",
    "synonyms": [
      "integration testing"
    ]
  },
  {
    "value": "interaction",
    "synonyms": [
      "interaction"
    ]
  },
  {
    "value": "interactive",
    "synonyms": [
      "interactive"
    ]
  },
  {
    "value": "interactive_entertainment",
    "synonyms": [
      "interactive entertainment"
    ]
  },
  {
    "value": "interface",
    "synonyms": [
      "interface"
    ]
  },
  {
    "value": "internet",
    "synonyms": [
      "internet"
    ]
  },
  {
    "value": "interprocess",
    "synonyms": [
      "interprocess"
    ]
  },
  {
    "value": "interprocess_communication",
    "synonyms": [
      "interprocess communication"
    ]
  },
  {
    "value": "introduction_software",
    "synonyms": [
      "introduction software"
    ]
  },
  {
    "value": "investigation_research",
    "synonyms": [
      "investigation research"
    ]
  },
  {
    "value": "iterative",
    "synonyms": [
      "iterative"
    ]
  },
  {
    "value": "kernel",
    "synonyms": [
      "kernel"
    ]
  },
  {
    "value": "key",
    "synonyms": [
      "key"
    ]
  },
  {
    "value": "knowledge_discovery",
    "synonyms": [
      "knowledge discovery"
    ]
  },
  {
    "value": "knowledge_discovery_data",
    "synonyms": [
      "knowledge discovery data"
    ]
  },
  {
    "value": "knowledge_representation",
    "synonyms": [
      "knowledge representation"
    ]
  },
  {
    "value": "language_concept",
    "synonyms": [
      "language concept"
    ]
  },
  {
    "value": "language_design",
    "synonyms": [
      "language design"
    ]
  },
  {
    "value": "language_generation",
    "synonyms": [
      "language generation"
    ]
  },
  {
    "value": "language_processing",
    "synonyms": [
      "language processing"
    ]
  },
  {
    "value": "large_software_system",
    "synonyms": [
      "large software system"
    ]
  },
  {
    "value": "learning",
    "synonyms": [
      "learning"
    ]
  },
  {
    "value": "linguistics",
    "synonyms": [
      "linguistics"
    ]
  },
  {
    "value": "logic",
    "synonyms": [
      "logic"
    ]
  },
  {
    "value": "machine_learning",
    "synonyms": [
      "machine learning"
    ]
  },
  {
    "value": "maintenance",
    "synonyms": [
      "maintenance"
    ]
  },
  {
    "value": "malware",
    "synonyms": [
      "malware"
    ]
  },
  {
    "value": "mathematical",
    "synonyms": [
      "mathematical"
    ]
  },
  {
    "value": "measurement",
    "synonyms": [
      "measurement"
    ]
  },
  {
    "value": "memory_management",
    "synonyms": [
      "memory management"
    ]
  },
  {
    "value": "method_practice",
    "synonyms": [
      "method practice"
    ]
  },
  {
    "value": "mining",
    "synonyms": [
      "mining"
    ]
  },
  {
    "value": "mobile",
    "synonyms": [
      "mobile"
    ]
  },
  {
    "value": "modeling",
    "synonyms": [
      "modeling"
    ]
  },
  {
    "value": "modern_programming",
    "synonyms": [
      "modern programming"
    ]
  },
  {
    "value": "modern_programming_language",
    "synonyms": [
      "modern programming language"
    ]
  },
  {
    "value": "modern_world",
    "synonyms": [
      "modern world"
    ]
  },
  {
    "value": "multimedia",
    "synonyms": [
      "multimedia"
    ]
  },
  {
    "value": "multiprogramming",
    "synonyms": [
      "multiprogramming"
    ]
  },
  {
    "value": "natural_language_generation",
    "synonyms": [
      "natural language generation"
    ]
  },
  {
    "value": "natural_language_processing",
    "synonyms": [
      "natural language processing"
    ]
  },
  {
    "value": "network_security",
    "synonyms": [
      "network security"
    ]
  },
  {
    "value": "network_web_security",
    "synonyms": [
      "network web security"
    ]
  },
  {
    "value": "object_orient",
    "synonyms": [
      "object orient"
    ]
  },
  {
    "value": "object_orient_programming",
    "synonyms": [
      "object orient programming"
    ]
  },
  {
    "value": "object_relational",
    "synonyms": [
      "object relational"
    ]
  },
  {
    "value": "operate_system",
    "synonyms": [
      "operate system"
    ]
  },
  {
    "value": "operator",
    "synonyms": [
      "operator"
    ]
  },
  {
    "value": "organization",
    "synonyms": [
      "organization"
    ]
  },
  {
    "value": "paradigm",
    "synonyms": [
      "paradigm"
    ]
  },
  {
    "value": "pattern",
    "synonyms": [
      "pattern"
    ]
  },
  {
    "value": "performance",
    "synonyms": [
      "performance"
    ]
  },
  {
    "value": "perspective",
    "synonyms": [
      "perspective"
    ]
  },
  {
    "value": "physic",
    "synonyms": [
      "physic"
    ]
  },
  {
    "value": "physical",
    "synonyms": [
      "physical"
    ]
  },
  {
    "value": "planning",
    "synonyms": [
      "planning"
    ]
  },
  {
    "value": "player",
    "synonyms": [
      "player"
    ]
  },
  {
    "value": "presentation_method_practice",
    "synonyms": [
      "presentation method practice"
    ]
  },
  {
    "value": "primitive",
    "synonyms": [
      "primitive"
    ]
  },
  {
    "value": "principle_algorithmic_problem",
    "synonyms": [
      "principle algorithmic problem"
    ]
  },
  {
    "value": "principle_design",
    "synonyms": [
      "principle design"
    ]
  },
  {
    "value": "principle_object",
    "synonyms": [
      "principle object"
    ]
  },
  {
    "value": "principle_object_orient",
    "synonyms": [
      "principle object orient"
    ]
  },
  {
    "value": "privacy",
    "synonyms": [
      "privacy"
    ]
  },
  {
    "value": "problem_solving_programming",
    "synonyms": [
      "problem solving programming"
    ]
  },
  {
    "value": "procedural_programming",
    "synonyms": [
      "procedural programming"
    ]
  },
  {
    "value": "process_communication",
    "synonyms": [
      "process communication"
    ]
  },
  {
    "value": "processing",
    "synonyms": [
      "processing"
    ]
  },
  {
    "value": "product",
    "synonyms": [
      "product"
    ]
  },
  {
    "value": "program",
    "synonyms": [
      "program"
    ]
  },
  {
    "value": "programming_environment",
    "synonyms": [
      "programming environment"
    ]
  },
  {
    "value": "programming_introduction",
    "synonyms": [
      "programming introduction"
    ]
  },
  {
    "value": "project_planning",
    "synonyms": [
      "project planning"
    ]
  },
  {
    "value": "project_technical",
    "synonyms": [
      "project technical"
    ]
  },
  {
    "value": "protection",
    "synonyms": [
      "protection"
    ]
  },
  {
    "value": "protocol",
    "synonyms": [
      "protocol"
    ]
  },
  {
    "value": "prototype",
    "synonyms": [
      "prototype"
    ]
  },
  {
    "value": "quality_assurance",
    "synonyms": [
      "quality assurance"
    ]
  },
  {
    "value": "query",
    "synonyms": [
      "query"
    ]
  },
  {
    "value": "queue",
    "synonyms": [
      "queue"
    ]
  },
  {
    "value": "real_time",
    "synonyms": [
      "real time"
    ]
  },
  {
    "value": "real_world",
    "synonyms": [
      "real world"
    ]
  },
  {
    "value": "reality",
    "synonyms": [
      "reality"
    ]
  },
  {
    "value": "recent",
    "synonyms": [
      "recent"
    ]
  },
  {
    "value": "relational",
    "synonyms": [
      "relational"
    ]
  },
  {
    "value": "replication",
    "synonyms": [
      "replication"
    ]
  },
  {
    "value": "scheduling",
    "synonyms": [
      "scheduling"
    ]
  },
  {
    "value": "scientific",
    "synonyms": [
      "scientific"
    ]
  },
  {
    "value": "search",
    "synonyms": [
      "search"
    ]
  },
  {
    "value": "secure",
    "synonyms": [
      "secure"
    ]
  },
  {
    "value": "security",
    "synonyms": [
      "security"
    ]
  },
  {
    "value": "security_include",
    "synonyms": [
      "security include"
    ]
  },
  {
    "value": "set",
    "synonyms": [
      "set"
    ]
  },
  {
    "value": "shading",
    "synonyms": [
      "shading"
    ]
  },
  {
    "value": "shell",
    "synonyms": [
      "shell"
    ]
  },
  {
    "value": "sizeable_software_product",
    "synonyms": [
      "sizeable software product"
    ]
  },
  {
    "value": "software_application",
    "synonyms": [
      "software application"
    ]
  },
  {
    "value": "software_design",
    "synonyms": [
      "software design"
    ]
  },
  {
    "value": "software_development_process",
    "synonyms": [
      "software development process"
    ]
  },
  {
    "value": "software_modeling",
    "synonyms": [
      "software modeling"
    ]
  },
  {
    "value": "software_performance",
    "synonyms": [
      "software performance"
    ]
  },
  {
    "value": "software_system",
    "synonyms": [
      "software system"
    ]
  },
  {
    "value": "sound",
    "synonyms": [
      "sound"
    ]
  },
  {
    "value": "specific",
    "synonyms": [
      "specific"
    ]
  },
  {
    "value": "specification_design_implementation",
    "synonyms": [
      "specification design implementation"
    ]
  },
  {
    "value": "speech",
    "synonyms": [
      "speech"
    ]
  },
  {
    "value": "static",
    "synonyms": [
      "static"
    ]
  },
  {
    "value": "storytelling",
    "synonyms": [
      "storytelling"
    ]
  },
  {
    "value": "structure_data",
    "synonyms": [
      "structure data"
    ]
  },
  {
    "value": "structure_data_type",
    "synonyms": [
      "structure data type"
    ]
  },
  {
    "value": "stylistics",
    "synonyms": [
      "stylistics"
    ]
  },
  {
    "value": "synchronization",
    "synonyms": [
      "synchronization"
    ]
  },
  {
    "value": "syntax",
    "synonyms": [
      "syntax"
    ]
  },
  {
    "value": "system_design",
    "synonyms": [
      "system design"
    ]
  },
  {
    "value": "system_implementation",
    "synonyms": [
      "system implementation"
    ]
  },
  {
    "value": "system_programming",
    "synonyms": [
      "system programming"
    ]
  },
  {
    "value": "system_security",
    "synonyms": [
      "system security"
    ]
  },
  {
    "value": "technical",
    "synonyms": [
      "technical"
    ]
  },
  {
    "value": "technical_presentation_method",
    "synonyms": [
      "technical presentation method"
    ]
  },
  {
    "value": "testing_technique",
    "synonyms": [
      "testing technique"
    ]
  },
  {
    "value": "theory",
    "synonyms": [
      "theory"
    ]
  },
  {
    "value": "theory_practice",
    "synonyms": [
      "theory practice"
    ]
  },
  {
    "value": "topic_computer",
    "synonyms": [
      "topic computer"
    ]
  },
  {
    "value": "tracking",
    "synonyms": [
      "tracking"
    ]
  },
  {
    "value": "transaction",
    "synonyms": [
      "transaction"
    ]
  },
  {
    "value": "type",
    "synonyms": [
      "type"
    ]
  },
  {
    "value": "unix",
    "synonyms": [
      "unix"
    ]
  },
  {
    "value": "video",
    "synonyms": [
      "video"
    ]
  },
  {
    "value": "virtual_memory",
    "synonyms": [
      "virtual memory"
    ]
  },
  {
    "value": "visualization",
    "synonyms": [
      "visualization"
    ]
  },
  {
    "value": "web",
    "synonyms": [
      "web"
    ]
  },
  {
    "value": "web_security",
    "synonyms": [
      "web security"
    ]
  },
  {
    "value": "world",
    "synonyms": [
      "world"
    ]
  }
]